{
"type": "FeatureCollection",
"name": "oya_project_wgs84",
"crs": { "type": "name", "properties": { "name": "urn:ogc:def:crs:OGC:1.3:CRS84" } },
"features": [
{ "type": "Feature", "properties": { "name": "Line [C9C4]:0" }, "geometry": { "type": "MultiLineString", "coordinates": [ [ [ 20.330231080466898, -32.845200095070901 ], [ 20.330256997807101, -32.845261378928498 ] ] ] } },
{ "type": "Feature", "properties": { "name": "Arc [C9C3]:0" }, "geometry": { "type": "MultiLineString", "coordinates": [ [ [ 20.330364900756301, -32.8451363417173 ], [ 20.3303469082907, -32.845122735497597 ], [ 20.3303248457119, -32.8451144312507 ], [ 20.330300830903202, -32.845112226136898 ], [ 20.330277169149401, -32.845116331834497 ], [ 20.330256131844401, -32.845126354219701 ], [ 20.3302397384514, -32.845141331200203 ], [ 20.330229562646299, -32.845159825070098 ], [ 20.3302265812538, -32.845180060521301 ], [ 20.330231080475901, -32.845200095061898 ] ] ] } },
{ "type": "Feature", "properties": { "name": "Line [C9C2]:0" }, "geometry": { "type": "MultiLineString", "coordinates": [ [ [ 20.3304552062345, -32.845229700300102 ], [ 20.330364900757299, -32.845136341716298 ] ] ] } },
{ "type": "Feature", "properties": { "name": "Line [C9BE]:0" }, "geometry": { "type": "MultiLineString", "coordinates": [ [ [ 20.329108226037, -32.860594281630704 ], [ 20.3290964588573, -32.860594567435299 ] ] ] } },
{ "type": "Feature", "properties": { "name": "Arc [C9BC]:0" }, "geometry": { "type": "MultiLineString", "coordinates": [ [ [ 20.329108226037, -32.860594281630704 ], [ 20.329422937777, -32.860569471605103 ], [ 20.329731271475101, -32.8605107682287 ], [ 20.330028124366098, -32.860419143009899 ], [ 20.330308583723401, -32.860296112295103 ], [ 20.330568008175099, -32.860143712168799 ], [ 20.330802104525599, -32.859964464752103 ], [ 20.331006998809499, -32.859761336455797 ], [ 20.331179300402699, -32.859537688882 ], [ 20.3313161581282, -32.8592972231841 ] ] ] } },
{ "type": "Feature", "properties": { "name": "Line [C9BB]:0" }, "geometry": { "type": "MultiLineString", "coordinates": [ [ [ 20.331328435751502, -32.859271536110199 ], [ 20.331316158120199, -32.859297223192101 ] ] ] } },
{ "type": "Feature", "properties": { "name": "Arc [C9BA]:0" }, "geometry": { "type": "MultiLineString", "coordinates": [ [ [ 20.332149962235601, -32.858605979733497 ], [ 20.332029398484401, -32.858647741184399 ], [ 20.331914003446101, -32.858698856827999 ], [ 20.331804793224801, -32.858758876571798 ], [ 20.3317027294705, -32.858827271918997 ], [ 20.331608710911802, -32.858903440620999 ], [ 20.3315235654422, -32.8589867119804 ], [ 20.331448042830399, -32.8590763527558 ], [ 20.3313828081175, -32.859171573618298 ], [ 20.331328435760501, -32.859271536101197 ] ] ] } },
{ "type": "Feature", "properties": { "name": "Line [C9B9]:0" }, "geometry": { "type": "MultiLineString", "coordinates": [ [ [ 20.332457062059799, -32.8585135605312 ], [ 20.3321499622365, -32.858605979732502 ] ] ] } },
{ "type": "Feature", "properties": { "name": "Arc [C9B8]:0" }, "geometry": { "type": "MultiLineString", "coordinates": [ [ [ 20.333882428883101, -32.858572657821497 ], [ 20.333732448703699, -32.858519560600101 ], [ 20.333577568449599, -32.858477665944797 ], [ 20.3334189602317, -32.8584472909059 ], [ 20.333257824368498, -32.858428665354801 ], [ 20.3330953803043, -32.8584219302452 ], [ 20.332932857382101, -32.858427136546297 ], [ 20.332771485540899, -32.858444244856898 ], [ 20.332612486010301, -32.858473125704002 ], [ 20.332457062068801, -32.858513560522198 ] ] ] } },
{ "type": "Feature", "properties": { "name": "Line [C9B7]:0" }, "geometry": { "type": "MultiLineString", "coordinates": [ [ [ 20.3351107647823, -32.859061580843303 ], [ 20.333882428884099, -32.858572657820503 ] ] ] } },
{ "type": "Feature", "properties": { "name": "Arc [C9B0]:0" }, "geometry": { "type": "MultiLineString", "coordinates": [ [ [ 20.3351107647823, -32.859061580843303 ], [ 20.3351680938523, -32.859083287066902 ], [ 20.3352263573966, -32.859103141929502 ], [ 20.335285471519501, -32.859121116841301 ], [ 20.335345351100699, -32.859137185919302 ], [ 20.335405909917299, -32.8591513260249 ], [ 20.335467060768298, -32.859163516797103 ], [ 20.335528715600098, -32.859173740682003 ], [ 20.335590785633201, -32.859181982957402 ], [ 20.335653181490301, -32.859188231755098 ] ] ] } },
{ "type": "Feature", "properties": { "name": "Line [C9AF]:0" }, "geometry": { "type": "MultiLineString", "coordinates": [ [ [ 20.335926709898999, -32.859211192085297 ], [ 20.3356531814823, -32.859188231763099 ] ] ] } },
{ "type": "Feature", "properties": { "name": "Arc [C9AE]:0" }, "geometry": { "type": "MultiLineString", "coordinates": [ [ [ 20.3367011479179, -32.859337165192201 ], [ 20.336616610244299, -32.8593173017045 ], [ 20.336531612687899, -32.8592988892742 ], [ 20.336446190208701, -32.859281935474598 ], [ 20.336360377941599, -32.8592664472786 ], [ 20.3362742111815, -32.859252431056603 ], [ 20.3361877253693, -32.859239892573498 ], [ 20.336100956077001, -32.859228836986198 ], [ 20.336013938993101, -32.859219268842097 ], [ 20.335926709908001, -32.859211192076302 ] ] ] } },
{ "type": "Feature", "properties": { "name": "Line [C9AD]:0" }, "geometry": { "type": "MultiLineString", "coordinates": [ [ [ 20.337387497877799, -32.859504779657499 ], [ 20.336701147918902, -32.859337165191199 ] ] ] } },
{ "type": "Feature", "properties": { "name": "Arc [C9A8]:0" }, "geometry": { "type": "MultiLineString", "coordinates": [ [ [ 20.337387497877799, -32.859504779657499 ], [ 20.337559118794999, -32.859542708486202 ], [ 20.337732811294899, -32.8595731888066 ], [ 20.337908121855001, -32.859596141031801 ], [ 20.338084592726702, -32.859611505231101 ], [ 20.338261763130699, -32.859619241286801 ], [ 20.338439170460699, -32.859619328999003 ], [ 20.3386163514914, -32.859611768138002 ], [ 20.3387928435885, -32.859596578445299 ], [ 20.3389681859171, -32.859573799581703 ] ] ] } },
{ "type": "Feature", "properties": { "name": "Line [C9A7]:0" }, "geometry": { "type": "MultiLineString", "coordinates": [ [ [ 20.339197298454799, -32.859538956074502 ], [ 20.338968185909099, -32.859573799589697 ] ] ] } },
{ "type": "Feature", "properties": { "name": "Arc [C9A6]:0" }, "geometry": { "type": "MultiLineString", "coordinates": [ [ [ 20.3395704968205, -32.859503560627502 ], [ 20.339528797495799, -32.859505424334401 ], [ 20.339487135275199, -32.859507806924903 ], [ 20.339445519222298, -32.859510707880503 ], [ 20.339403958390399, -32.859514126569998 ], [ 20.339362461820901, -32.859518062249897 ], [ 20.3393210385412, -32.859522514063897 ], [ 20.339279697562699, -32.8595274810435 ], [ 20.339238447879001, -32.859532962108098 ], [ 20.339197298463802, -32.8595389560654 ] ] ] } },
{ "type": "Feature", "properties": { "name": "Line [C9A5]:0" }, "geometry": { "type": "MultiLineString", "coordinates": [ [ [ 20.3422365490799, -32.859401010514702 ], [ 20.339570496821501, -32.8595035606265 ] ] ] } },
{ "type": "Feature", "properties": { "name": "Arc [C9A0]:0" }, "geometry": { "type": "MultiLineString", "coordinates": [ [ [ 20.3422365490799, -32.859401010514702 ], [ 20.342504943623499, -32.859366391853797 ], [ 20.342758680034301, -32.859284842939402 ], [ 20.3429863765401, -32.859160021795198 ], [ 20.3431778195447, -32.858997527484 ], [ 20.343324421795199, -32.858804648930999 ], [ 20.343419607567, -32.858590037943699 ], [ 20.3434591075894, -32.858363321102701 ], [ 20.3434411504882, -32.858134667935502 ], [ 20.343366542167502, -32.857914334748699 ] ] ] } },
{ "type": "Feature", "properties": { "name": "Line [C99F]:0" }, "geometry": { "type": "MultiLineString", "coordinates": [ [ [ 20.342567933209398, -32.856248385590298 ], [ 20.343366542159501, -32.8579143347567 ] ] ] } },
{ "type": "Feature", "properties": { "name": "Arc [C99C]:0" }, "geometry": { "type": "MultiLineString", "coordinates": [ [ [ 20.342567933209398, -32.856248385590298 ], [ 20.342432323857398, -32.855980731295503 ], [ 20.342284367272399, -32.8557177779158 ], [ 20.3421242917819, -32.8554599310485 ], [ 20.3419523443998, -32.855207588410998 ], [ 20.3417687904453, -32.8549611392271 ], [ 20.341573913133001, -32.854720963627102 ], [ 20.341368013135799, -32.854487432061703 ], [ 20.341151408120801, -32.854260904730801 ], [ 20.340924432258699, -32.854041731027998 ] ] ] } },
{ "type": "Feature", "properties": { "name": "Line [C99B]:0" }, "geometry": { "type": "MultiLineString", "coordinates": [ [ [ 20.3393093776555, -32.852542614082999 ], [ 20.340924432250699, -32.854041731035998 ] ] ] } },
{ "type": "Feature", "properties": { "name": "Arc [C998]:0" }, "geometry": { "type": "MultiLineString", "coordinates": [ [ [ 20.3393093776555, -32.852542614082999 ], [ 20.339149833970701, -32.852396497953002 ], [ 20.3389879860249, -32.852252198802397 ], [ 20.3388238628681, -32.852109742521201 ], [ 20.3386574939579, -32.851969154668801 ], [ 20.338488909154499, -32.851830460468904 ], [ 20.338318138715199, -32.851693684805703 ], [ 20.338145213289099, -32.851558852218702 ], [ 20.337970163911301, -32.851425986898903 ], [ 20.3377930219978, -32.851295112684298 ] ] ] } },
{ "type": "Feature", "properties": { "name": "Line [C997]:0" }, "geometry": { "type": "MultiLineString", "coordinates": [ [ [ 20.337019746039001, -32.850731478343 ], [ 20.3377930219898, -32.851295112692299 ] ] ] } },
{ "type": "Feature", "properties": { "name": "Arc [C996]:0" }, "geometry": { "type": "MultiLineString", "coordinates": [ [ [ 20.335689258718801, -32.849386875837098 ], [ 20.3358105763811, -32.849553418617901 ], [ 20.335938944375801, -32.849716152411801 ], [ 20.336074195077199, -32.849874864668898 ], [ 20.3362161518675, -32.850029348090601 ], [ 20.3363646293665, -32.850179400900899 ], [ 20.3365194336745, -32.850324827109397 ], [ 20.3366803626249, -32.850465436768097 ], [ 20.336847206048599, -32.850601046218898 ], [ 20.337019746048, -32.850731478333998 ] ] ] } },
{ "type": "Feature", "properties": { "name": "Line [C995]:0" }, "geometry": { "type": "MultiLineString", "coordinates": [ [ [ 20.334865478320701, -32.848208792112203 ], [ 20.3356892587198, -32.849386875836103 ] ] ] } },
{ "type": "Feature", "properties": { "name": "Arc [C994]:0" }, "geometry": { "type": "MultiLineString", "coordinates": [ [ [ 20.3346320656369, -32.847741258845303 ], [ 20.334650536803899, -32.8477956069461 ], [ 20.3346709221221, -32.847849465287297 ], [ 20.334693203417899, -32.8479027858451 ], [ 20.334717360827, -32.847955521074702 ], [ 20.334743372812198, -32.8480076239534 ], [ 20.3347712161823, -32.8480590480224 ], [ 20.334800866113401, -32.848109747427699 ], [ 20.334832296169999, -32.8481596769617 ], [ 20.3348654783297, -32.8482087921032 ] ] ] } },
{ "type": "Feature", "properties": { "name": "Line [C993]:0" }, "geometry": { "type": "MultiLineString", "coordinates": [ [ [ 20.334471176768599, -32.847239737843502 ], [ 20.334632065637901, -32.847741258844302 ] ] ] } },
{ "type": "Feature", "properties": { "name": "Arc [C98C]:0" }, "geometry": { "type": "MultiLineString", "coordinates": [ [ [ 20.334471176768599, -32.847239737843502 ], [ 20.3344235326805, -32.847118793223601 ], [ 20.334360016390601, -32.847003162649798 ], [ 20.334281440222998, -32.846894324837699 ], [ 20.334188809080899, -32.846793671629598 ], [ 20.334083307593801, -32.846702490196797 ], [ 20.333966284966898, -32.846621946580001 ], [ 20.333839237726998, -32.846553070778697 ], [ 20.333703790584401, -32.846496743581 ], [ 20.333561675657101, -32.846453685301 ] ] ] } },
{ "type": "Feature", "properties": { "name": "Line [C98B]:0" }, "geometry": { "type": "MultiLineString", "coordinates": [ [ [ 20.330862523724399, -32.845778611635303 ], [ 20.333561675649101, -32.846453685309001 ] ] ] } },
{ "type": "Feature", "properties": { "name": "Arc [C98A]:0" }, "geometry": { "type": "MultiLineString", "coordinates": [ [ [ 20.3306572021704, -32.844296701959301 ], [ 20.330459486007399, -32.844423714095399 ], [ 20.330306934501699, -32.844589258419397 ], [ 20.330209737979899, -32.844782276982599 ], [ 20.330174389332601, -32.8449898765532 ], [ 20.330203250219199, -32.845198189829901 ], [ 20.330294393202401, -32.845393301743101 ], [ 20.330441730385299, -32.845562178971903 ], [ 20.330635419989001, -32.845693540583 ], [ 20.330862523733401, -32.845778611626301 ] ] ] } },
{ "type": "Feature", "properties": { "name": "Line [C989]:0" }, "geometry": { "type": "MultiLineString", "coordinates": [ [ [ 20.332462005142201, -32.843422516693302 ], [ 20.330657202171398, -32.844296701958299 ] ] ] } },
{ "type": "Feature", "properties": { "name": "Arc [C984]:0" }, "geometry": { "type": "MultiLineString", "coordinates": [ [ [ 20.332462005142201, -32.843422516693302 ], [ 20.3324895097908, -32.843408770894001 ], [ 20.332516561308601, -32.843394398596701 ], [ 20.332543139674801, -32.843379410438502 ], [ 20.332569225218901, -32.843363817512099 ], [ 20.3325947986351, -32.843347631357901 ], [ 20.332619840996799, -32.843330863955401 ], [ 20.332644333770201, -32.843313527714102 ], [ 20.332668258828601, -32.843295635464699 ], [ 20.332691598465299, -32.843277200449101 ] ] ] } },
{ "type": "Feature", "properties": { "name": "Line [C983]:0" }, "geometry": { "type": "MultiLineString", "coordinates": [ [ [ 20.333141242342801, -32.842912233944503 ], [ 20.332691598457298, -32.843277200457102 ] ] ] } },
{ "type": "Feature", "properties": { "name": "Arc [C982]:0" }, "geometry": { "type": "MultiLineString", "coordinates": [ [ [ 20.3334850516746, -32.842724951265403 ], [ 20.333442950464299, -32.842740050399797 ], [ 20.333401653687901, -32.8427566573748 ], [ 20.333361237085601, -32.842774741732498 ], [ 20.333321774783698, -32.842794270305397 ], [ 20.3332833391581, -32.842815207277503 ], [ 20.333246000702001, -32.842837514249297 ], [ 20.3332098278965, -32.842861150308998 ], [ 20.3331748870851, -32.842886072107 ], [ 20.3331412423518, -32.8429122339355 ] ] ] } },
{ "type": "Feature", "properties": { "name": "Line [C981]:0" }, "geometry": { "type": "MultiLineString", "coordinates": [ [ [ 20.333490885616602, -32.842722982379499 ], [ 20.333485051675598, -32.842724951264401 ] ] ] } },
{ "type": "Feature", "properties": { "name": "Circle [C97D]:0" }, "geometry": { "type": "MultiLineString", "coordinates": [ [ [ 20.3307228633279, -32.860555291785502 ], [ 20.330722397498999, -32.860552976368503 ], [ 20.3307210214573, -32.860550935055002 ], [ 20.330718901173899, -32.860549414057502 ], [ 20.330716292386398, -32.860548596830398 ], [ 20.3307135097531, -32.860548581943398 ], [ 20.3307108889007, -32.860549371192 ], [ 20.330708745942701, -32.860550869380802 ], [ 20.330707339351701, -32.8605528958063 ], [ 20.3307068387833, -32.860555206051501 ] ], [ [ 20.330706838774301, -32.860555206060504 ], [ 20.3307073046048, -32.860557521475599 ], [ 20.3307086806483, -32.860559562787202 ], [ 20.330710800933801, -32.860561083782898 ], [ 20.3307134097236, -32.860561901007998 ], [ 20.330716192359301, -32.860561915893001 ], [ 20.330718813214101, -32.860561126642402 ], [ 20.330720956174101, -32.860559628451398 ], [ 20.330722362766998, -32.860557602023697 ], [ 20.330722863336899, -32.8605552917765 ] ] ] } },
{ "type": "Feature", "properties": { "name": "Circle [C97C]:0" }, "geometry": { "type": "MultiLineString", "coordinates": [ [ [ 20.3315699862865, -32.858782970126398 ], [ 20.331569520443999, -32.858780654711801 ], [ 20.331568144409399, -32.858778613407097 ], [ 20.331566024152899, -32.8587770924239 ], [ 20.331563415408901, -32.8587762752149 ], [ 20.331560632830399, -32.858776260347398 ], [ 20.3315580120376, -32.858777049614702 ], [ 20.3315558691367, -32.858778547819199 ], [ 20.331554462593498, -32.858780574255398 ], [ 20.3315539620579, -32.858782884504997 ] ], [ [ 20.331553962048901, -32.858782884514 ], [ 20.331554427893, -32.8587851999267 ], [ 20.331555803929401, -32.8587872412295 ], [ 20.331557924188001, -32.858788762210999 ], [ 20.331560532934301, -32.858789579418101 ], [ 20.331563315515201, -32.8587895942835 ], [ 20.331565936310302, -32.8587888050142 ], [ 20.331568079213199, -32.8587873068075 ], [ 20.331569485758301, -32.858785280369098 ], [ 20.331569986295499, -32.858782970117403 ] ] ] } },
{ "type": "Feature", "properties": { "name": "Circle [C97B]:0" }, "geometry": { "type": "MultiLineString", "coordinates": [ [ [ 20.333192213866901, -32.858294772632803 ], [ 20.333191747984401, -32.858292457223499 ], [ 20.333190371919599, -32.858290415936203 ], [ 20.333188251646401, -32.858288894980099 ], [ 20.3331856429011, -32.858288077804801 ], [ 20.333182860337001, -32.858288062973699 ], [ 20.3331802395723, -32.858288852275301 ], [ 20.333178096710199, -32.858290350508298 ], [ 20.333176690211399, -32.858292376963398 ], [ 20.3331761897207, -32.858294687220301 ] ], [ [ 20.3331761897117, -32.858294687229296 ], [ 20.3331766555957, -32.858297002636697 ], [ 20.3331780316623, -32.858299043922102 ], [ 20.333180151937601, -32.858300564876401 ], [ 20.333182760685201, -32.858301382049802 ], [ 20.333185543251702, -32.858301396879 ], [ 20.333188164018701, -32.858300607575202 ], [ 20.333190306882901, -32.858299109340102 ], [ 20.333191713383499, -32.8582970828828 ], [ 20.3331922138759, -32.8582947726238 ] ] ] } },
{ "type": "Feature", "properties": { "name": "Circle [C97A]:0" }, "geometry": { "type": "MultiLineString", "coordinates": [ [ [ 20.335377046493299, -32.859164422010899 ], [ 20.335376580549799, -32.859162106609297 ], [ 20.335375204421499, -32.859160065345399 ], [ 20.335373084089898, -32.859158544425803 ], [ 20.335370475298401, -32.859157727295703 ], [ 20.335367692705901, -32.859157712512697 ], [ 20.335365071934099, -32.859158501860001 ], [ 20.335362929086799, -32.859160000130402 ], [ 20.335361522623199, -32.8591620266102 ], [ 20.335361022183601, -32.859164336876198 ] ], [ [ 20.335361022174599, -32.8591643368852 ], [ 20.335361488119801, -32.859166652284898 ], [ 20.335362864249898, -32.859168693546899 ], [ 20.335364984583499, -32.859170214464598 ], [ 20.335367593377299, -32.859171031592901 ], [ 20.3353703759722, -32.859171046373902 ], [ 20.335372996746401, -32.859170257024502 ], [ 20.335375139595701, -32.859168758751998 ], [ 20.335376546061202, -32.859166732269898 ], [ 20.335377046502298, -32.859164422001903 ] ] ] } },
{ "type": "Feature", "properties": { "name": "Circle [C979]:0" }, "geometry": { "type": "MultiLineString", "coordinates": [ [ [ 20.336328771100298, -32.859244310490404 ], [ 20.336328305131602, -32.859241995091999 ], [ 20.3363269289801, -32.859239953838397 ], [ 20.336324808630099, -32.859238432934703 ], [ 20.336322199827201, -32.859237615824199 ], [ 20.336319417231699, -32.859237601062397 ], [ 20.336316796465599, -32.859238390429702 ], [ 20.336314653632002, -32.859239888716502 ], [ 20.336313247188599, -32.859241915207399 ], [ 20.3363127467731, -32.859244225477397 ] ], [ [ 20.336312746764101, -32.8592442254864 ], [ 20.3363132127344, -32.8592465408829 ], [ 20.336314588887699, -32.859248582134597 ], [ 20.336316709239799, -32.859250103036501 ], [ 20.336319318045, -32.859250920145101 ], [ 20.336322100642899, -32.8592509349048 ], [ 20.336324721411401, -32.859250145535498 ], [ 20.336326864246999, -32.859248647246503 ], [ 20.336328270692199, -32.859246620753503 ], [ 20.336328771109301, -32.859244310481401 ] ] ] } },
{ "type": "Feature", "properties": { "name": "Circle [C977]:0" }, "geometry": { "type": "MultiLineString", "coordinates": [ [ [ 20.339390515996101, -32.859510831959298 ], [ 20.339390049946399, -32.859508516571402 ], [ 20.339388673720102, -32.859506475350599 ], [ 20.3393865533107, -32.859504954498099 ], [ 20.3393839444708, -32.859504137451097 ], [ 20.339381161865202, -32.859504122757301 ], [ 20.339378541117199, -32.859504912188903 ], [ 20.339376398327801, -32.859506410528603 ], [ 20.339374991949001, -32.8595084370546 ], [ 20.3393744916111, -32.859510747337801 ] ], [ [ 20.339374491602101, -32.859510747346803 ], [ 20.339374957653401, -32.859513062732802 ], [ 20.3393763338814, -32.8595151039518 ], [ 20.339378454292898, -32.859516624802403 ], [ 20.3393810631351, -32.859517441847601 ], [ 20.3393838457431, -32.8595174565394 ], [ 20.339386466493401, -32.859516667105702 ], [ 20.339388609284999, -32.8595151687637 ], [ 20.3393900156656, -32.8595131422355 ], [ 20.3393905160051, -32.859510831950303 ] ] ] } },
{ "type": "Feature", "properties": { "name": "Circle [C975]:0" }, "geometry": { "type": "MultiLineString", "coordinates": [ [ [ 20.3419876741346, -32.855021214671503 ], [ 20.341987208038699, -32.855018899290997 ], [ 20.341985831820001, -32.8550168580974 ], [ 20.341983711470899, -32.855015337288698 ], [ 20.341981102736899, -32.855014520296599 ], [ 20.341978320270002, -32.855014505662297 ], [ 20.341975699676802, -32.855015295150899 ], [ 20.341973557039498, -32.855016793538098 ], [ 20.3419721507919, -32.855018820096397 ], [ 20.341971650548398, -32.855021130392799 ] ], [ [ 20.341971650539399, -32.855021130401802 ], [ 20.341972116636899, -32.855023445780297 ], [ 20.341973492857498, -32.855025486972004 ], [ 20.3419756132086, -32.855027007778901 ], [ 20.341978221944899, -32.855027824769103 ], [ 20.341981004414201, -32.855027839401401 ], [ 20.341983625009799, -32.855027049910802 ], [ 20.341985767649199, -32.8550255515214 ], [ 20.341987173898598, -32.855023524960899 ], [ 20.341987674143599, -32.8550212146625 ] ] ] } },
{ "type": "Feature", "properties": { "name": "Circle [C974]:0" }, "geometry": { "type": "MultiLineString", "coordinates": [ [ [ 20.338603810852199, -32.8518802801823 ], [ 20.338603344859301, -32.851877964789402 ], [ 20.3386019687659, -32.851875923559199 ], [ 20.3385998485494, -32.851874402694001 ], [ 20.338597239939102, -32.851873585632497 ], [ 20.3385944575721, -32.851873570924198 ], [ 20.338591837043001, -32.851874360343103 ], [ 20.3385896944263, -32.851875858673402 ], [ 20.3385882881533, -32.851877885194298 ], [ 20.338587787841401, -32.851880195477399 ] ], [ [ 20.338587787832399, -32.851880195486402 ], [ 20.338588253826899, -32.851882510877303 ], [ 20.338589629922001, -32.851884552105702 ], [ 20.338591750140701, -32.851886072969002 ], [ 20.338594358753198, -32.851886890028602 ], [ 20.338597141122602, -32.851886904734897 ], [ 20.338599761654098, -32.851886115314002 ], [ 20.338601904272899, -32.851884616981501 ], [ 20.3386033105477, -32.851882590458501 ], [ 20.338603810861201, -32.851880280173297 ] ] ] } },
{ "type": "Feature", "properties": { "name": "Circle [C973]:0" }, "geometry": { "type": "MultiLineString", "coordinates": [ [ [ 20.336231820827301, -32.850151356986302 ], [ 20.336231354904498, -32.8501490415848 ], [ 20.3362299788919, -32.850147000329002 ], [ 20.336227858757098, -32.850145479424199 ], [ 20.336225250219801, -32.850144662314001 ], [ 20.336222467908101, -32.850144647553599 ], [ 20.3362198474099, -32.850145436923398 ], [ 20.336217704796201, -32.850146935213502 ], [ 20.3362162984977, -32.850148961708001 ], [ 20.336215798135001, -32.850151271981602 ] ], [ [ 20.336215798125998, -32.850151271990597 ], [ 20.336216264050499, -32.850153587390103 ], [ 20.336217640064898, -32.850155628644103 ], [ 20.336219760201701, -32.850157149547002 ], [ 20.336222368741399, -32.850157966655303 ], [ 20.336225151055501, -32.850157981413702 ], [ 20.336227771555901, -32.850157192041799 ], [ 20.336229914171799, -32.850155693749599 ], [ 20.336231320472098, -32.850153667252897 ], [ 20.3362318208363, -32.8501513569772 ] ] ] } },
{ "type": "Feature", "properties": { "name": "Circle [C972]:0" }, "geometry": { "type": "MultiLineString", "coordinates": [ [ [ 20.334719342754301, -32.8479883863194 ], [ 20.334718876881102, -32.847986070912199 ], [ 20.334717500935898, -32.847984029639903 ], [ 20.334715380878102, -32.847982508709997 ], [ 20.3347127724182, -32.847981691568897 ], [ 20.334709990174801, -32.847981676775802 ], [ 20.334707369727798, -32.8479824661148 ], [ 20.334705227141701, -32.8479839643799 ], [ 20.334703820844201, -32.847985990858099 ], [ 20.334703320455599, -32.847988301126101 ] ], [ [ 20.3347033204466, -32.847988301135103 ], [ 20.334703786321299, -32.8479906165404 ], [ 20.3347051622683, -32.847992657810799 ], [ 20.3347072823281, -32.847994178738901 ], [ 20.3347098907904, -32.847994995878103 ], [ 20.334712673036201, -32.847995010669202 ], [ 20.334715293485502, -32.847994221328101 ], [ 20.334717436073699, -32.847992723060798 ], [ 20.3347188423731, -32.847990696580503 ], [ 20.3347193427633, -32.847988386310398 ] ] ] } },
{ "type": "Feature", "properties": { "name": "Circle [C971]:0" }, "geometry": { "type": "MultiLineString", "coordinates": [ [ [ 20.334284360954801, -32.846632460717501 ], [ 20.3342838950994, -32.846630145308403 ], [ 20.334282519184601, -32.846628104031304 ], [ 20.3342803991662, -32.846626583094199 ], [ 20.334277790749901, -32.846625765944403 ], [ 20.334275008549099, -32.846625751142199 ], [ 20.334272388138501, -32.846626540472698 ], [ 20.3342702455782, -32.846628038730998 ], [ 20.3342688392928, -32.846630065204799 ], [ 20.3342683389012, -32.846632375471501 ] ], [ [ 20.334268338892201, -32.846632375480503 ], [ 20.3342688047492, -32.846634690887697 ], [ 20.334270180665701, -32.846636732162999 ], [ 20.334272300686202, -32.846638253098298 ], [ 20.334274909104899, -32.846639070246098 ], [ 20.334277691308099, -32.846639085046398 ], [ 20.334280311720999, -32.846638295713703 ], [ 20.3342824542834, -32.8466367974533 ], [ 20.334283860570601, -32.846634770977303 ], [ 20.3342843609638, -32.846632460708499 ] ] ] } },
{ "type": "Feature", "properties": { "name": "Circle [C96F]:0" }, "geometry": { "type": "MultiLineString", "coordinates": [ [ [ 20.332595402883999, -32.843361824588399 ], [ 20.332594937088199, -32.843359509172501 ], [ 20.332593561261501, -32.843357467876899 ], [ 20.332591441349201, -32.843355946911799 ], [ 20.332588833044099, -32.843355129727797 ], [ 20.332586050946301, -32.843355114889398 ], [ 20.332583430618001, -32.843355904185998 ], [ 20.332581288109399, -32.8433574024168 ], [ 20.3325798818389, -32.843359428872901 ], [ 20.3325793814235, -32.843361739133698 ] ], [ [ 20.332579381414501, -32.843361739142701 ], [ 20.332579847211999, -32.843364054556602 ], [ 20.332581223040499, -32.8433660958503 ], [ 20.332583342954798, -32.843367616813602 ], [ 20.3325859512622, -32.8433684339957 ], [ 20.3325887333624, -32.843368448832202 ], [ 20.3325913536931, -32.843367659533499 ], [ 20.3325934962037, -32.843366161300601 ], [ 20.332594902476099, -32.843364134842297 ], [ 20.332595402892998, -32.843361824579397 ] ] ] } },
{ "type": "Feature", "properties": { "name": "Circle [C96E]:0" }, "geometry": { "type": "MultiLineString", "coordinates": [ [ [ 20.3332995095729, -32.842790315493303 ], [ 20.3332990437614, -32.842788000079601 ], [ 20.333297667927098, -32.842785958791502 ], [ 20.333295548016, -32.842784437838198 ], [ 20.3332929397207, -32.842783620668897 ], [ 20.333290157640398, -32.8427836058463 ], [ 20.3332875373349, -32.842784395158098 ], [ 20.333285394851899, -32.842785893401398 ], [ 20.3332839886064, -32.842787919865899 ], [ 20.3332834882128, -32.842790230129999 ] ], [ [ 20.333283488203801, -32.842790230139002 ], [ 20.3332839540168, -32.842792545550701 ], [ 20.333285329852998, -32.842794586837002 ], [ 20.3332874497661, -32.842796107788502 ], [ 20.333290058063699, -32.842796924955799 ], [ 20.333292840146399, -32.842796939776399 ], [ 20.333295460454199, -32.842796150462597 ], [ 20.3332976029394, -32.842794652217101 ], [ 20.3332990091866, -32.842792625750498 ], [ 20.333299509581899, -32.842790315484301 ] ] ] } },
{ "type": "Feature", "properties": { "name": "Line [C96D]:0" }, "geometry": { "type": "MultiLineString", "coordinates": [ [ [ 20.331712713213999, -32.845224078600403 ], [ 20.333432529826901, -32.844548938047801 ] ] ] } },
{ "type": "Feature", "properties": { "name": "Arc [C96C]:0" }, "geometry": { "type": "MultiLineString", "coordinates": [ [ [ 20.331626358085, -32.845256738992298 ], [ 20.3316360064034, -32.845253211470499 ], [ 20.331645641615101, -32.845249658514 ], [ 20.3316552636261, -32.845246080157402 ], [ 20.331664872342301, -32.8452424764358 ], [ 20.331674467669998, -32.845238847384202 ], [ 20.331684049515399, -32.845235193038199 ], [ 20.331693617785, -32.845231513433397 ], [ 20.3317031723853, -32.845227808605699 ], [ 20.331712713222998, -32.8452240785914 ] ] ] } },
{ "type": "Feature", "properties": { "name": "Line [C96B]:0" }, "geometry": { "type": "MultiLineString", "coordinates": [ [ [ 20.3312989574844, -32.845375926813603 ], [ 20.331626358086002, -32.845256738991303 ] ] ] } },
{ "type": "Feature", "properties": { "name": "Arc [C96A]:0" }, "geometry": { "type": "MultiLineString", "coordinates": [ [ [ 20.330659842941799, -32.844297004887402 ], [ 20.3304747500299, -32.844425552008097 ], [ 20.330350319547399, -32.844598479974501 ], [ 20.3303005093052, -32.8447963913571 ], [ 20.330330907073499, -32.844997086193501 ], [ 20.3304381035869, -32.8451780521548 ], [ 20.330610074748101, -32.845318989812696 ], [ 20.330827530252101, -32.8454040897346 ], [ 20.331066077416601, -32.845423805948499 ], [ 20.331298957493399, -32.845375926804699 ] ] ] } },
{ "type": "Feature", "properties": { "name": "Line [C969]:0" }, "geometry": { "type": "MultiLineString", "coordinates": [ [ [ 20.330826364950099, -32.844216484174702 ], [ 20.330659842942801, -32.8442970048864 ] ] ] } },
{ "type": "Feature", "properties": { "name": "Circle [C964]:0" }, "geometry": { "type": "MultiLineString", "coordinates": [ [ [ 20.331677818620399, -32.845240964161903 ], [ 20.331677352839499, -32.845238648743504 ], [ 20.331675977005801, -32.845236607438302 ], [ 20.3316738570654, -32.845235086457699 ], [ 20.331671248714301, -32.845234269254298 ], [ 20.331668466558501, -32.845234254394697 ], [ 20.3316658461668, -32.845235043671003 ], [ 20.3316637035974, -32.845236541884901 ], [ 20.331662297275798, -32.8452385683294 ], [ 20.331661796825301, -32.8452408785854 ] ], [ [ 20.331661796816299, -32.845240878594403 ], [ 20.331662262598801, -32.845243194010898 ], [ 20.3316636384343, -32.845245235314202 ], [ 20.331665758376801, -32.845246756293001 ], [ 20.331668366730199, -32.845247573494497 ], [ 20.3316711488885, -32.845247588352102 ], [ 20.3316737692824, -32.845246799073699 ], [ 20.3316759118539, -32.845245300857698 ], [ 20.331677318177299, -32.845243274410997 ], [ 20.331677818629402, -32.8452409641529 ] ] ] } },
{ "type": "Feature", "properties": { "name": "Circle [C963]:0" }, "geometry": { "type": "MultiLineString", "coordinates": [ [ [ 20.319691913749001, -32.849603580946599 ], [ 20.319691448259402, -32.849601265489 ], [ 20.319690072637101, -32.849599224056199 ], [ 20.319687952802401, -32.849597702874902 ], [ 20.319685344438899, -32.849596885421903 ], [ 20.319682562153801, -32.849596870294 ], [ 20.3196799415317, -32.849597659315798 ], [ 20.3196777986585, -32.849599157319297 ], [ 20.3196763919963, -32.8496011836233 ], [ 20.319675891209599, -32.849603493825398 ] ], [ [ 20.3196758912006, -32.849603493834401 ], [ 20.319676356691701, -32.849605809290097 ], [ 20.3196777323158, -32.8496078507211 ], [ 20.3196798521526, -32.849609371900598 ], [ 20.319682460518401, -32.849610189351701 ], [ 20.3196852428059, -32.8496102044775 ], [ 20.3196878634303, -32.849609415453699 ], [ 20.319690006305599, -32.849607917447997 ], [ 20.3196914129696, -32.849605891141799 ], [ 20.319691913758, -32.849603580937597 ] ] ] } },
{ "type": "Feature", "properties": { "name": "Polyline [C60B]:0" }, "geometry": { "type": "MultiLineString", "coordinates": [ [ [ 20.2262649633835, -32.873571533893099 ], [ 20.226264738274601, -32.873570652493299 ] ], [ [ 20.226264738273599, -32.873570652494301 ], [ 20.226107208356801, -32.8735993026702 ] ], [ [ 20.226107208355799, -32.873599302671202 ], [ 20.226107433465099, -32.873600184069197 ] ], [ [ 20.226107433464101, -32.873600184070199 ], [ 20.226264963384502, -32.873571533892097 ] ] ] } },
{ "type": "Feature", "properties": { "name": "Polyline [C60A]:0" }, "geometry": { "type": "MultiLineString", "coordinates": [ [ [ 20.227015337258099, -32.8734345982432 ], [ 20.2270142927762, -32.873434788190302 ] ], [ [ 20.227014292775198, -32.873434788191297 ], [ 20.227069664796499, -32.8736516090013 ] ], [ [ 20.227069664795501, -32.873651609002302 ], [ 20.2270707092819, -32.873651419052699 ] ], [ [ 20.227070709280898, -32.873651419053701 ], [ 20.2270153372591, -32.873434598242198 ] ] ] } },
{ "type": "Feature", "properties": { "name": "Polyline [C5F6]:0" }, "geometry": { "type": "MultiLineString", "coordinates": [ [ [ 20.226107546018302, -32.8736006247698 ], [ 20.226117675898799, -32.873640287724797 ] ] ] } },
{ "type": "Feature", "properties": { "name": "Polyline [C5F5]:0" }, "geometry": { "type": "MultiLineString", "coordinates": [ [ [ 20.228112755942799, -32.873235918302299 ], [ 20.2281251379578, -32.873284395067301 ] ] ] } },
{ "type": "Feature", "properties": { "name": "Polyline [C5BC]:0" }, "geometry": { "type": "MultiLineString", "coordinates": [ [ [ 20.2269315646923, -32.873110882823198 ], [ 20.226932384052098, -32.873109811456899 ] ], [ [ 20.2269323840511, -32.873109811457901 ], [ 20.2261813780168, -32.873246400946101 ] ], [ [ 20.226181378015799, -32.873246400947103 ], [ 20.2261826476023, -32.873247092383799 ] ], [ [ 20.226182647601298, -32.873247092384801 ], [ 20.226931564693299, -32.873110882822203 ] ], [ [ 20.226182647601298, -32.873247092384801 ], [ 20.2261813780168, -32.873246400946101 ] ], [ [ 20.226181378015799, -32.873246400947103 ], [ 20.226264441144, -32.873571628873002 ] ], [ [ 20.226264441143002, -32.873571628873997 ], [ 20.226265260515099, -32.873570557512302 ] ], [ [ 20.226265260514101, -32.873570557513297 ], [ 20.2261826476023, -32.873247092383799 ] ], [ [ 20.226265260514101, -32.873570557513297 ], [ 20.226264441144, -32.873571628873002 ] ], [ [ 20.226264441143002, -32.873571628873997 ], [ 20.227015449815099, -32.873435038930999 ] ], [ [ 20.2270154498141, -32.873435038932001 ], [ 20.227014180220301, -32.8734343475016 ] ], [ [ 20.2270141802193, -32.873434347502602 ], [ 20.226265260515099, -32.873570557512302 ] ], [ [ 20.2270141802193, -32.873434347502602 ], [ 20.227015449815099, -32.873435038930999 ] ], [ [ 20.2270154498141, -32.873435038932001 ], [ 20.226932384052098, -32.873109811456899 ] ], [ [ 20.2269323840511, -32.873109811457901 ], [ 20.226931564693299, -32.873110882822203 ] ], [ [ 20.2269315646923, -32.873110882823198 ], [ 20.227014180220301, -32.8734343475016 ] ] ] } },
{ "type": "Feature", "properties": { "name": "Polyline [C5B2]:0" }, "geometry": { "type": "MultiLineString", "coordinates": [ [ [ 20.226258326520401, -32.8735498273427 ], [ 20.226264031458498, -32.873572164553302 ] ] ] } },
{ "type": "Feature", "properties": { "name": "Polyline [C574]:0" }, "geometry": { "type": "MultiLineString", "coordinates": [ [ [ 20.227287493039199, -32.873427526326701 ], [ 20.226284792962101, -32.873609893914598 ] ], [ [ 20.226284792961099, -32.873609893915599 ], [ 20.226348272557999, -32.873644465734898 ] ], [ [ 20.2263482725571, -32.8736444657359 ], [ 20.2272465251386, -32.873481094696402 ] ], [ [ 20.227246525137598, -32.873481094697397 ], [ 20.227287493040201, -32.873427526325699 ] ] ] } },
{ "type": "Feature", "properties": { "name": "Polyline [C573]:0" }, "geometry": { "type": "MultiLineString", "coordinates": [ [ [ 20.228125137956798, -32.873284395068303 ], [ 20.227279299463898, -32.873438240001001 ] ], [ [ 20.2272792994629, -32.873438240002002 ], [ 20.227287493040201, -32.873427526325699 ] ], [ [ 20.227287493039199, -32.873427526326701 ], [ 20.228122891281998, -32.873275599120802 ] ], [ [ 20.228122891281, -32.873275599121797 ], [ 20.2281251379578, -32.873284395067301 ] ] ] } },
{ "type": "Feature", "properties": { "name": "Circle [C55F]:0" }, "geometry": { "type": "MultiLineString", "coordinates": [ [ [ 20.226379596891501, -32.8734408784238 ], [ 20.2263709654213, -32.873397722773198 ], [ 20.226345363430401, -32.873359660926702 ], [ 20.2263058789102, -32.873331283695897 ], [ 20.226257274272999, -32.873316013783104 ], [ 20.2262054119368, -32.873315692958002 ], [ 20.226156547239899, -32.873330359916203 ], [ 20.226116573966198, -32.873358245612103 ], [ 20.2260903134774, -32.873395986629497 ], [ 20.226080933188101, -32.873439030853703 ] ], [ [ 20.226080933179102, -32.873439030862698 ], [ 20.226089564513899, -32.873482186529102 ], [ 20.2261151664304, -32.8735202484241 ], [ 20.2261546509732, -32.873548625712601 ], [ 20.226203255720002, -32.873563895664297 ], [ 20.226255118202701, -32.873564216490401 ], [ 20.226303983015299, -32.873549549494001 ], [ 20.226343956320701, -32.873521663737399 ], [ 20.226370216743302, -32.873483922664498 ], [ 20.2263795969005, -32.873440878414797 ] ] ] } },
{ "type": "Feature", "properties": { "name": "Polyline [C55E]:0" }, "geometry": { "type": "MultiLineString", "coordinates": [ [ [ 20.226389555878299, -32.873549335105203 ], [ 20.2261075460193, -32.873600624768798 ] ], [ [ 20.226107546018302, -32.8736006247698 ], [ 20.226040053957998, -32.873336362624102 ] ], [ [ 20.226040053957, -32.873336362625103 ], [ 20.2263220630138, -32.873285073097698 ] ], [ [ 20.226322063012798, -32.8732850730987 ], [ 20.226389555879301, -32.873549335104201 ] ] ] } },
{ "type": "Feature", "properties": { "name": "Polyline [C55D]:0" }, "geometry": { "type": "MultiLineString", "coordinates": [ [ [ 20.226998014237299, -32.873364748678497 ], [ 20.2268935665148, -32.873383745438097 ] ], [ [ 20.226893566513802, -32.873383745439099 ], [ 20.226855329930999, -32.8732340370711 ] ], [ [ 20.22685532993, -32.873234037072102 ], [ 20.226286326770499, -32.873337524651603 ] ], [ [ 20.2262863267695, -32.873337524652598 ], [ 20.226198802214601, -32.873316764156598 ] ], [ [ 20.226198802213599, -32.8733167641576 ], [ 20.226180741116199, -32.873246046973797 ] ], [ [ 20.226180741115201, -32.873246046974799 ], [ 20.226932763607699, -32.873109272616297 ] ], [ [ 20.226932763606701, -32.873109272617299 ], [ 20.226998014238301, -32.873364748677503 ] ] ] } },
{ "type": "Feature", "properties": { "name": "Polyline [C55C]:0" }, "geometry": { "type": "MultiLineString", "coordinates": [ [ [ 20.228112755942799, -32.873235918302299 ], [ 20.227224745999401, -32.873397494457002 ] ], [ [ 20.227224745998399, -32.873397494457997 ], [ 20.227206688582001, -32.8733267950834 ] ], [ [ 20.227206688580999, -32.873326795084402 ], [ 20.226998014238301, -32.873364748677503 ] ], [ [ 20.226998014237299, -32.873364748678497 ], [ 20.226982317113801, -32.873303175008097 ] ], [ [ 20.2269823171128, -32.873303175009099 ], [ 20.2280789868806, -32.873103708932597 ] ], [ [ 20.228078986879598, -32.873103708933598 ], [ 20.228112755943801, -32.873235918301297 ] ] ] } },
{ "type": "Feature", "properties": { "name": "Polyline [C552]:0" }, "geometry": { "type": "MultiLineString", "coordinates": [ [ [ 20.227280293091798, -32.873613304266698 ], [ 20.226382034822699, -32.873776658265598 ] ], [ [ 20.2263820348217, -32.8737766582666 ], [ 20.226348272557999, -32.873644465734898 ] ], [ [ 20.2263482725571, -32.8736444657359 ], [ 20.2272465251386, -32.873481094696402 ] ], [ [ 20.227246525137598, -32.873481094697397 ], [ 20.2272802930928, -32.873613304265703 ] ] ] } },
{ "type": "Feature", "properties": { "name": "Polyline [C550]:0" }, "geometry": { "type": "MultiLineString", "coordinates": [ [ [ 20.228122886680602, -32.873275581110903 ], [ 20.226117675898799, -32.873640287724797 ] ], [ [ 20.2261176758978, -32.873640287725799 ], [ 20.2261075460193, -32.873600624768798 ] ], [ [ 20.226107546018302, -32.8736006247698 ], [ 20.228112755943801, -32.873235918301297 ] ], [ [ 20.228112755942799, -32.873235918302299 ], [ 20.2281228866816, -32.873275581109901 ] ] ] } },
{ "type": "Feature", "properties": { "name": "Polyline [C260]:0" }, "geometry": { "type": "MultiLineString", "coordinates": [ [ [ 20.244204465842099, -32.871075188848401 ], [ 20.244203733132899, -32.871074532623801 ] ], [ [ 20.244203733131901, -32.871074532624803 ], [ 20.244086451378202, -32.871167789028497 ] ], [ [ 20.2440864513772, -32.871167789029499 ], [ 20.244087184088201, -32.871168445252799 ] ], [ [ 20.244087184087199, -32.871168445253801 ], [ 20.244204465843101, -32.871075188847399 ] ] ] } },
{ "type": "Feature", "properties": { "name": "Polyline [C25F]:0" }, "geometry": { "type": "MultiLineString", "coordinates": [ [ [ 20.2447620601347, -32.870631194963501 ], [ 20.244762837731599, -32.870630576619298 ] ], [ [ 20.244762837730601, -32.8706305766203 ], [ 20.244582590206001, -32.870469152736902 ] ], [ [ 20.244582590204999, -32.870469152737897 ], [ 20.244581812610299, -32.870469771079001 ] ], [ [ 20.244581812609301, -32.870469771080003 ], [ 20.244762060135699, -32.870631194962499 ] ] ] } },
{ "type": "Feature", "properties": { "name": "Polyline [C24B]:0" }, "geometry": { "type": "MultiLineString", "coordinates": [ [ [ 20.2440860850222, -32.871167460917299 ], [ 20.244053113081801, -32.871137930817497 ] ] ] } },
{ "type": "Feature", "properties": { "name": "Polyline [C24A]:0" }, "geometry": { "type": "MultiLineString", "coordinates": [ [ [ 20.2455789601925, -32.869980380412898 ], [ 20.245538661069599, -32.8699442885409 ] ] ] } },
{ "type": "Feature", "properties": { "name": "Polyline [C211]:0" }, "geometry": { "type": "MultiLineString", "coordinates": [ [ [ 20.245032835533198, -32.870872387423503 ], [ 20.2450313252066, -32.870872349533499 ] ], [ [ 20.245031325205598, -32.870872349534501 ], [ 20.244473753159099, -32.871315707332698 ] ], [ [ 20.2444737531581, -32.8713157073337 ], [ 20.244473708252599, -32.871316981881002 ] ], [ [ 20.2444737082517, -32.871316981882003 ], [ 20.2450328355342, -32.870872387422502 ] ], [ [ 20.2444737082517, -32.871316981882003 ], [ 20.244473753159099, -32.871315707332698 ] ], [ [ 20.2444737531581, -32.8713157073337 ], [ 20.244204854653301, -32.871074879685096 ] ], [ [ 20.244204854652299, -32.871074879686098 ], [ 20.244203344322798, -32.871074841786097 ] ], [ [ 20.2442033443218, -32.871074841787099 ], [ 20.244473708252599, -32.871316981881002 ] ], [ [ 20.2442033443218, -32.871074841787099 ], [ 20.244204854653301, -32.871074879685096 ] ], [ [ 20.244204854652299, -32.871074879686098 ], [ 20.244762426482801, -32.8706315230652 ] ], [ [ 20.244762426481799, -32.870631523066201 ], [ 20.244762471384501, -32.870630248516598 ] ], [ [ 20.244762471383499, -32.8706302485176 ], [ 20.244203344322798, -32.871074841786097 ] ], [ [ 20.244762471383499, -32.8706302485176 ], [ 20.244762426482801, -32.8706315230652 ] ], [ [ 20.244762426481799, -32.870631523066201 ], [ 20.2450313252066, -32.870872349533499 ] ], [ [ 20.245031325205598, -32.870872349534501 ], [ 20.2450328355342, -32.870872387422502 ] ], [ [ 20.245032835533198, -32.870872387423503 ], [ 20.244762471384501, -32.870630248516598 ] ] ] } },
{ "type": "Feature", "properties": { "name": "Polyline [C207]:0" }, "geometry": { "type": "MultiLineString", "coordinates": [ [ [ 20.244221158169299, -32.871091453454298 ], [ 20.244202589157599, -32.871074822836498 ] ] ] } },
{ "type": "Feature", "properties": { "name": "Polyline [C1C9]:0" }, "geometry": { "type": "MultiLineString", "coordinates": [ [ [ 20.244924042819701, -32.870445405191099 ], [ 20.244177532444201, -32.871038998972999 ] ], [ [ 20.244177532443199, -32.871038998974001 ], [ 20.244179777964799, -32.870975271561299 ] ], [ [ 20.244179777963801, -32.870975271562301 ], [ 20.244848526808099, -32.870443510656699 ] ], [ [ 20.2448485268071, -32.870443510657701 ], [ 20.244924042820699, -32.870445405190097 ] ] ] } },
{ "type": "Feature", "properties": { "name": "Polyline [C1C8]:0" }, "geometry": { "type": "MultiLineString", "coordinates": [ [ [ 20.245538661068601, -32.869944288541902 ], [ 20.244908939617801, -32.870445026287001 ] ], [ [ 20.244908939616799, -32.870445026288003 ], [ 20.244924042820699, -32.870445405190097 ] ], [ [ 20.244924042819701, -32.870445405191099 ], [ 20.245545973207999, -32.869950837290801 ] ], [ [ 20.245545973207001, -32.869950837291803 ], [ 20.245538661069599, -32.8699442885409 ] ] ] } },
{ "type": "Feature", "properties": { "name": "Circle [C1B4]:0" }, "geometry": { "type": "MultiLineString", "coordinates": [ [ [ 20.244461824495101, -32.871174158388001 ], [ 20.244453184435301, -32.871131003844702 ], [ 20.244427575273001, -32.871092945582298 ], [ 20.2443880858645, -32.87106457398 ], [ 20.244339479211899, -32.871049311061199 ], [ 20.244287617976202, -32.871048997752098 ], [ 20.244238757362801, -32.871063671841704 ], [ 20.244198790663301, -32.871091563424301 ], [ 20.244172538446399, -32.871129308373597 ], [ 20.2441631671289, -32.871172354100899 ] ], [ [ 20.2441631671199, -32.871172354109902 ], [ 20.244171807044399, -32.871215508668897 ], [ 20.244197416132501, -32.871253566979902 ], [ 20.244236905563501, -32.871281938639903 ], [ 20.244285512325899, -32.8712972015975 ], [ 20.244337373708099, -32.871297514907603 ], [ 20.244386234436998, -32.871282840779699 ], [ 20.2444262011681, -32.8712549491364 ], [ 20.2444524533188, -32.871217204131597 ], [ 20.2444618245041, -32.871174158378999 ] ] ] } },
{ "type": "Feature", "properties": { "name": "Polyline [C1B3]:0" }, "geometry": { "type": "MultiLineString", "coordinates": [ [ [ 20.2442960425461, -32.871000513300302 ], [ 20.244086085023199, -32.871167460916297 ] ], [ [ 20.2440860850222, -32.871167460917299 ], [ 20.244305767521201, -32.871364210697401 ] ], [ [ 20.244305767520199, -32.871364210698403 ], [ 20.244515725112201, -32.871197262717601 ] ], [ [ 20.244515725111199, -32.871197262718603 ], [ 20.244296042547099, -32.8710005132993 ] ] ] } },
{ "type": "Feature", "properties": { "name": "Polyline [C1B1]:0" }, "geometry": { "type": "MultiLineString", "coordinates": [ [ [ 20.2455789601925, -32.869980380412898 ], [ 20.2449177822573, -32.870506049466101 ] ], [ [ 20.244917782256302, -32.870506049467103 ], [ 20.2449765551162, -32.870558686683999 ] ], [ [ 20.244976555115301, -32.870558686685001 ], [ 20.244821197327099, -32.8706822216839 ] ], [ [ 20.2448211973261, -32.870682221684902 ], [ 20.2448724005725, -32.870728044258797 ] ], [ [ 20.244872400571499, -32.870728044259799 ], [ 20.245688867060998, -32.870078812722603 ] ], [ [ 20.24568886706, -32.870078812723598 ], [ 20.245578960193502, -32.869980380411903 ] ] ] } },
{ "type": "Feature", "properties": { "name": "Polyline [C1A7]:0" }, "geometry": { "type": "MultiLineString", "coordinates": [ [ [ 20.244738620441499, -32.870345077621302 ], [ 20.244069886053399, -32.8708768507964 ] ], [ [ 20.244069886052401, -32.870876850797401 ], [ 20.244179777964799, -32.870975271561299 ] ], [ [ 20.244179777963801, -32.870975271562301 ], [ 20.244848526808099, -32.870443510656699 ] ], [ [ 20.2448485268071, -32.870443510657701 ], [ 20.244738620442501, -32.8703450776203 ] ] ] } },
{ "type": "Feature", "properties": { "name": "Polyline [C1A6]:0" }, "geometry": { "type": "MultiLineString", "coordinates": [ [ [ 20.244053113080799, -32.871137930818499 ], [ 20.244177532444201, -32.871038998972999 ] ], [ [ 20.244177532443199, -32.871038998974001 ], [ 20.244177987903502, -32.871026248437701 ] ], [ [ 20.2441779879025, -32.871026248438703 ], [ 20.2440457859867, -32.8711313685722 ] ], [ [ 20.244045785985701, -32.871131368573202 ], [ 20.244053113081801, -32.871137930817497 ] ] ] } },
{ "type": "Feature", "properties": { "name": "Polyline [C1A5]:0" }, "geometry": { "type": "MultiLineString", "coordinates": [ [ [ 20.2455459881796, -32.869950850701201 ], [ 20.244053113081801, -32.871137930817497 ] ], [ [ 20.244053113080799, -32.871137930818499 ], [ 20.244086085023199, -32.871167460916297 ] ], [ [ 20.2440860850222, -32.871167460917299 ], [ 20.245578960193502, -32.869980380411903 ] ], [ [ 20.2455789601925, -32.869980380412898 ], [ 20.245545988180599, -32.869950850700199 ] ] ] } },
{ "type": "Feature", "properties": { "name": "Polyline [BEB5]:0" }, "geometry": { "type": "MultiLineString", "coordinates": [ [ [ 20.2488405951106, -32.869310296104899 ], [ 20.248840150823199, -32.869309476116797 ] ], [ [ 20.2488401508222, -32.869309476117799 ], [ 20.248693603896498, -32.869366024436502 ] ], [ [ 20.2486936038955, -32.869366024437497 ], [ 20.2486940481838, -32.8693668444241 ] ], [ [ 20.248694048182799, -32.869366844425102 ], [ 20.248840595111599, -32.869310296103897 ] ] ] } },
{ "type": "Feature", "properties": { "name": "Polyline [BEA0]:0" }, "geometry": { "type": "MultiLineString", "coordinates": [ [ [ 20.248693381751799, -32.869365614443602 ], [ 20.248673388833801, -32.869328714997003 ] ] ] } },
{ "type": "Feature", "properties": { "name": "Polyline [BE9F]:0" }, "geometry": { "type": "MultiLineString", "coordinates": [ [ [ 20.250558781420299, -32.868645791066903 ], [ 20.250534344871902, -32.868600692091597 ] ] ] } },
{ "type": "Feature", "properties": { "name": "Polyline [BE66]:0" }, "geometry": { "type": "MultiLineString", "coordinates": [ [ [ 20.249702252741599, -32.869342638650998 ], [ 20.249700836789899, -32.869342193609199 ] ], [ [ 20.2497008367889, -32.869342193610201 ], [ 20.249004131157399, -32.8696110361333 ] ], [ [ 20.249004131156401, -32.869611036134302 ], [ 20.2490036037868, -32.8696122310578 ] ], [ [ 20.249003603785798, -32.869612231058802 ], [ 20.249702252742601, -32.869342638649997 ] ], [ [ 20.249003603785798, -32.869612231058802 ], [ 20.249004131157399, -32.8696110361333 ] ], [ [ 20.249004131156401, -32.869611036134302 ], [ 20.2488410809413, -32.869310108635602 ] ], [ [ 20.248841080940299, -32.869310108636597 ], [ 20.2488396649936, -32.869309663585199 ] ], [ [ 20.248839664992602, -32.869309663586201 ], [ 20.2490036037868, -32.8696122310578 ] ], [ [ 20.248839664992602, -32.869309663586201 ], [ 20.2488410809413, -32.869310108635602 ] ], [ [ 20.248841080940299, -32.869310108636597 ], [ 20.2495377846754, -32.869041266979899 ] ], [ [ 20.249537784674398, -32.869041266981 ], [ 20.249538312035401, -32.869040072052897 ] ], [ [ 20.249538312034399, -32.869040072053899 ], [ 20.2488396649936, -32.869309663585199 ] ], [ [ 20.249538312034399, -32.869040072053899 ], [ 20.2495377846754, -32.869041266979899 ] ], [ [ 20.249537784674398, -32.869041266981 ], [ 20.249700836789899, -32.869342193609199 ] ], [ [ 20.2497008367889, -32.869342193610201 ], [ 20.249702252742601, -32.869342638649997 ] ], [ [ 20.249702252741599, -32.869342638650998 ], [ 20.249538312035401, -32.869040072052897 ] ] ] } },
{ "type": "Feature", "properties": { "name": "Polyline [BE5C]:0" }, "geometry": { "type": "MultiLineString", "coordinates": [ [ [ 20.248850216581801, -32.869330221922397 ], [ 20.2488389570197, -32.869309441059897 ] ] ] } },
{ "type": "Feature", "properties": { "name": "Polyline [BE1E]:0" }, "geometry": { "type": "MultiLineString", "coordinates": [ [ [ 20.249761643223401, -32.868908782533602 ], [ 20.248828854365598, -32.869268725235401 ] ], [ [ 20.2488288543646, -32.869268725236402 ], [ 20.248855222890899, -32.869208979041503 ] ], [ [ 20.248855222889901, -32.869208979042497 ], [ 20.249690845933401, -32.8688865305121 ] ], [ [ 20.249690845932399, -32.868886530513102 ], [ 20.249761643224399, -32.8689087825326 ] ] ] } },
{ "type": "Feature", "properties": { "name": "Polyline [BE1D]:0" }, "geometry": { "type": "MultiLineString", "coordinates": [ [ [ 20.2505343448709, -32.868600692092599 ], [ 20.249747483763301, -32.868904332131599 ] ], [ [ 20.249747483762299, -32.868904332132601 ], [ 20.249761643224399, -32.8689087825326 ] ], [ [ 20.249761643223401, -32.868908782533602 ], [ 20.250538778799999, -32.868608875149498 ] ], [ [ 20.250538778799001, -32.8686088751505 ], [ 20.250534344871902, -32.868600692091597 ] ] ] } },
{ "type": "Feature", "properties": { "name": "Circle [BE09]:0" }, "geometry": { "type": "MultiLineString", "coordinates": [ [ [ 20.249054926293201, -32.869433335640998 ], [ 20.249046284153501, -32.869390181373298 ], [ 20.249020673495, -32.869352124019599 ], [ 20.248981183354701, -32.869323753849599 ], [ 20.2489325768226, -32.869308492713898 ], [ 20.248880716545401, -32.869308181323497 ], [ 20.248831857612899, -32.869322857236099 ], [ 20.2487918931139, -32.869350750326198 ], [ 20.2487656433516, -32.869388496285602 ], [ 20.248756274447, -32.869431542403603 ] ], [ [ 20.248756274438001, -32.869431542412499 ], [ 20.248764916442401, -32.869474696696003 ], [ 20.248790527026699, -32.869512754098302 ], [ 20.2488300171897, -32.869541124325998 ], [ 20.248878623831501, -32.869556385500601 ], [ 20.248930484255101, -32.869556696891898 ], [ 20.248979343303201, -32.869542020940997 ], [ 20.249019307833802, -32.869514127790197 ], [ 20.249045557529701, -32.8694763817753 ], [ 20.2490549263022, -32.869433335632003 ] ] ] } },
{ "type": "Feature", "properties": { "name": "Polyline [BE08]:0" }, "geometry": { "type": "MultiLineString", "coordinates": [ [ [ 20.248955729804798, -32.869264381566701 ], [ 20.248693381752801, -32.8693656144426 ] ], [ [ 20.248693381751799, -32.869365614443602 ], [ 20.248826588861998, -32.869611464059297 ] ], [ [ 20.248826588861, -32.869611464060299 ], [ 20.249088937499, -32.869510230915203 ] ], [ [ 20.249088937498001, -32.869510230916198 ], [ 20.2489557298058, -32.869264381565699 ] ] ] } },
{ "type": "Feature", "properties": { "name": "Polyline [BE06]:0" }, "geometry": { "type": "MultiLineString", "coordinates": [ [ [ 20.250558781420299, -32.868645791066903 ], [ 20.2497326452241, -32.868964521099002 ] ], [ [ 20.249732645223101, -32.868964521099997 ], [ 20.249768283412301, -32.869030294347603 ] ], [ [ 20.249768283411299, -32.869030294348597 ], [ 20.249574158318801, -32.869105203675403 ] ], [ [ 20.249574158317799, -32.869105203676398 ], [ 20.249605219838099, -32.869162472287996 ] ], [ [ 20.2496052198371, -32.869162472288998 ], [ 20.250625426680099, -32.868768788244601 ] ], [ [ 20.2506254266791, -32.868768788245603 ], [ 20.250558781421301, -32.868645791065902 ] ] ] } },
{ "type": "Feature", "properties": { "name": "Polyline [BDFC]:0" }, "geometry": { "type": "MultiLineString", "coordinates": [ [ [ 20.249625629565802, -32.8687635328561 ], [ 20.248790016154601, -32.869085997015098 ] ], [ [ 20.248790016153603, -32.8690859970161 ], [ 20.2488566505675, -32.869208979041503 ] ], [ [ 20.248856650566502, -32.869208979042497 ], [ 20.249692273610002, -32.8688865305121 ] ], [ [ 20.249692273609, -32.868886530513102 ], [ 20.2496256295668, -32.868763532854999 ] ] ] } },
{ "type": "Feature", "properties": { "name": "Polyline [BDFB]:0" }, "geometry": { "type": "MultiLineString", "coordinates": [ [ [ 20.248673388832799, -32.869328714997998 ], [ 20.248828854365598, -32.869268725235401 ] ], [ [ 20.2488288543646, -32.869268725236402 ], [ 20.2488341360141, -32.869256772933099 ] ], [ [ 20.248834136013102, -32.869256772934101 ], [ 20.2486689459651, -32.869320515119803 ] ], [ [ 20.248668945964098, -32.869320515120798 ], [ 20.248673388833801, -32.869328714997003 ] ] ] } },
{ "type": "Feature", "properties": { "name": "Polyline [BDFA]:0" }, "geometry": { "type": "MultiLineString", "coordinates": [ [ [ 20.250538787878, -32.868608891906398 ], [ 20.248673388833801, -32.869328714997003 ] ], [ [ 20.248673388832799, -32.869328714997998 ], [ 20.248693381752801, -32.8693656144426 ] ], [ [ 20.248693381751799, -32.869365614443602 ], [ 20.250558781421301, -32.868645791065902 ] ], [ [ 20.250558781420299, -32.868645791066903 ], [ 20.250538787879002, -32.868608891905403 ] ] ] } },
{ "type": "Feature", "properties": { "name": "Polyline [BB0A]:0" }, "geometry": { "type": "MultiLineString", "coordinates": [ [ [ 20.2665715150601, -32.8664282851583 ], [ 20.2665707459274, -32.8664276593491 ] ], [ [ 20.266570745926401, -32.866427659350101 ], [ 20.2664589059953, -32.866525556771002 ] ], [ [ 20.266458905994298, -32.866525556771997 ], [ 20.2664596751289, -32.866526182579904 ] ], [ [ 20.266459675128001, -32.866526182580898 ], [ 20.266571515061099, -32.866428285157298 ] ] ] } },
{ "type": "Feature", "properties": { "name": "Polyline [BAF5]:0" }, "geometry": { "type": "MultiLineString", "coordinates": [ [ [ 20.266458521427399, -32.866525243867599 ], [ 20.266423910424599, -32.866497082461102 ] ] ] } },
{ "type": "Feature", "properties": { "name": "Polyline [BAF4]:0" }, "geometry": { "type": "MultiLineString", "coordinates": [ [ [ 20.267882126942101, -32.865279088041397 ], [ 20.267839824630698, -32.8652446690188 ] ] ] } },
{ "type": "Feature", "properties": { "name": "Polyline [BABB]:0" }, "geometry": { "type": "MultiLineString", "coordinates": [ [ [ 20.267387362588799, -32.866192180990097 ], [ 20.267385851921102, -32.866192204287003 ] ], [ [ 20.2673858519201, -32.866192204287998 ], [ 20.266854151404399, -32.866657626052501 ] ], [ [ 20.2668541514034, -32.866657626053502 ], [ 20.266854179003101, -32.866658900956899 ] ], [ [ 20.266854179002099, -32.866658900957901 ], [ 20.267387362589801, -32.866192180989103 ] ], [ [ 20.266854179002099, -32.866658900957901 ], [ 20.266854151404399, -32.866657626052501 ] ], [ [ 20.2668541514034, -32.866657626053502 ], [ 20.266571885830601, -32.866427960609201 ] ], [ [ 20.266571885829599, -32.866427960610203 ], [ 20.266570375157901, -32.866427983897204 ] ], [ [ 20.266570375156899, -32.866427983898198 ], [ 20.266854179003101, -32.866658900956899 ] ], [ [ 20.266570375156899, -32.866427983898198 ], [ 20.266571885830601, -32.866427960609201 ] ], [ [ 20.266571885829599, -32.866427960610203 ], [ 20.267103586403799, -32.865962540028001 ] ], [ [ 20.267103586402801, -32.865962540029003 ], [ 20.267103558801502, -32.865961265123502 ] ], [ [ 20.2671035588005, -32.865961265124497 ], [ 20.266570375157901, -32.866427983897204 ] ], [ [ 20.2671035588005, -32.865961265124497 ], [ 20.267103586403799, -32.865962540028001 ] ], [ [ 20.267103586402801, -32.865962540029003 ], [ 20.267385851921102, -32.866192204287003 ] ], [ [ 20.2673858519201, -32.866192204287998 ], [ 20.267387362589801, -32.866192180989103 ] ], [ [ 20.267387362588799, -32.866192180990097 ], [ 20.267103558801502, -32.865961265123502 ] ] ] } },
{ "type": "Feature", "properties": { "name": "Polyline [BAB1]:0" }, "geometry": { "type": "MultiLineString", "coordinates": [ [ [ 20.266589111909799, -32.866443855343498 ], [ 20.266569619821599, -32.866427995541201 ] ] ] } },
{ "type": "Feature", "properties": { "name": "Polyline [BA73]:0" }, "geometry": { "type": "MultiLineString", "coordinates": [ [ [ 20.2672544291649, -32.865770092826402 ], [ 20.2665425567894, -32.866393227153303 ] ], [ [ 20.266542556788401, -32.866393227154298 ], [ 20.2665411770787, -32.866329481931203 ] ], [ [ 20.266541177077698, -32.866329481932198 ], [ 20.267178896091799, -32.865771257622598 ] ], [ [ 20.267178896090801, -32.865771257623599 ], [ 20.267254429165899, -32.8657700928254 ] ] ] } },
{ "type": "Feature", "properties": { "name": "Polyline [BA72]:0" }, "geometry": { "type": "MultiLineString", "coordinates": [ [ [ 20.2678398246297, -32.865244669019901 ], [ 20.267239322551202, -32.865770325788503 ] ], [ [ 20.2672393225502, -32.865770325789498 ], [ 20.267254429165899, -32.8657700928254 ] ], [ [ 20.2672544291649, -32.865770092826402 ], [ 20.267847500241, -32.865250914235901 ] ], [ [ 20.267847500239998, -32.865250914236903 ], [ 20.267839824630698, -32.8652446690188 ] ] ] } },
{ "type": "Feature", "properties": { "name": "Circle [BA5E]:0" }, "geometry": { "type": "MultiLineString", "coordinates": [ [ [ 20.266834311641698, -32.866522741958498 ], [ 20.2668256611191, -32.866479588780898 ], [ 20.266800043604601, -32.8664415349539 ], [ 20.266760548962001, -32.8664131703217 ], [ 20.2667119408245, -32.866397916067001 ], [ 20.266660082032299, -32.866397612070998 ], [ 20.266611227496099, -32.8664122949994 ], [ 20.266571269774399, -32.8664401938805 ], [ 20.2665450283531, -32.866477943707601 ], [ 20.2665356683471, -32.866520991303602 ] ], [ [ 20.266535668338101, -32.866520991312598 ], [ 20.266544318725501, -32.866564144506 ], [ 20.266569936165901, -32.866602198381599 ], [ 20.266609430831199, -32.866630563071503 ], [ 20.2666580390785, -32.866645817364898 ], [ 20.266709898017201, -32.866646121361804 ], [ 20.266758752668899, -32.866631438394997 ], [ 20.266798710422002, -32.866603539453301 ], [ 20.266824951776901, -32.8665657895707 ], [ 20.266834311650701, -32.866522741949503 ] ] ] } },
{ "type": "Feature", "properties": { "name": "Polyline [BA5D]:0" }, "geometry": { "type": "MultiLineString", "coordinates": [ [ [ 20.266658737004899, -32.8663499879124 ], [ 20.266458521428401, -32.866525243866597 ] ], [ [ 20.266458521427399, -32.866525243867599 ], [ 20.266689124498701, -32.866712874440701 ] ], [ [ 20.266689124497699, -32.866712874441703 ], [ 20.2668893400588, -32.8665376181212 ] ], [ [ 20.266889340057801, -32.866537618122202 ], [ 20.266658737005901, -32.866349987911399 ] ] ] } },
{ "type": "Feature", "properties": { "name": "Polyline [BA5B]:0" }, "geometry": { "type": "MultiLineString", "coordinates": [ [ [ 20.267882126942101, -32.865279088041397 ], [ 20.2672516233518, -32.865830920992103 ] ], [ [ 20.267251623350798, -32.865830920993098 ], [ 20.2673133177626, -32.8658811184999 ] ], [ [ 20.267313317761602, -32.865881118500901 ], [ 20.267165168617701, -32.866010801241501 ] ], [ [ 20.2671651686167, -32.866010801242503 ], [ 20.2672189151433, -32.866054498367603 ] ], [ [ 20.267218915142301, -32.866054498368598 ], [ 20.2679974970522, -32.865372958027997 ] ], [ [ 20.267997497051201, -32.865372958028999 ], [ 20.2678821269431, -32.865279088040403 ] ] ] } },
{ "type": "Feature", "properties": { "name": "Polyline [BA51]:0" }, "geometry": { "type": "MultiLineString", "coordinates": [ [ [ 20.267063526351698, -32.865677386891797 ], [ 20.266425822372501, -32.866235622872999 ] ], [ [ 20.266425822371499, -32.866235622874001 ], [ 20.2665411770787, -32.866329481931203 ] ], [ [ 20.266541177077698, -32.866329481932198 ], [ 20.267178896091799, -32.865771257622598 ] ], [ [ 20.267178896090801, -32.865771257623599 ], [ 20.2670635263527, -32.865677386890802 ] ] ] } },
{ "type": "Feature", "properties": { "name": "Polyline [BA50]:0" }, "geometry": { "type": "MultiLineString", "coordinates": [ [ [ 20.266423910423601, -32.866497082462097 ], [ 20.2665425567894, -32.866393227153303 ] ], [ [ 20.266542556788401, -32.866393227154298 ], [ 20.2665422869072, -32.866380472804501 ] ], [ [ 20.266542286906201, -32.866380472805503 ], [ 20.266416219093401, -32.866490824369798 ] ], [ [ 20.266416219092399, -32.8664908243708 ], [ 20.266423910424599, -32.866497082461102 ] ] ] } },
{ "type": "Feature", "properties": { "name": "Polyline [BA4F]:0" }, "geometry": { "type": "MultiLineString", "coordinates": [ [ [ 20.267847515956799, -32.865250927024803 ], [ 20.266423910424599, -32.866497082461102 ] ], [ [ 20.266423910423601, -32.866497082462097 ], [ 20.266458521428401, -32.866525243866597 ] ], [ [ 20.266458521427399, -32.866525243867599 ], [ 20.2678821269431, -32.865279088040403 ] ], [ [ 20.267882126942101, -32.865279088041397 ], [ 20.267847515957801, -32.865250927023801 ] ] ] } },
{ "type": "Feature", "properties": { "name": "Polyline [B788]:0" }, "geometry": { "type": "MultiLineString", "coordinates": [ [ [ 20.282135630234801, -32.861556221981502 ], [ 20.282136433519799, -32.861555627552299 ] ], [ [ 20.282136433518801, -32.861555627553301 ], [ 20.281992048795999, -32.8614166468221 ] ], [ [ 20.281992048795001, -32.861416646823102 ], [ 20.281991245512302, -32.861417241249399 ] ], [ [ 20.2819912455113, -32.8614172412504 ], [ 20.2821356302358, -32.8615562219805 ] ] ] } },
{ "type": "Feature", "properties": { "name": "Polyline [B75F]:0" }, "geometry": { "type": "MultiLineString", "coordinates": [ [ [ 20.280931916663601, -32.862268880678201 ], [ 20.2809312123516, -32.862268202716102 ] ], [ [ 20.280931212350598, -32.862268202717097 ], [ 20.280810057791602, -32.862357853828797 ] ], [ [ 20.2808100577906, -32.862357853829799 ], [ 20.280810762104402, -32.862358531790498 ] ], [ [ 20.2808107621034, -32.8623585317915 ], [ 20.280931916664599, -32.862268880677199 ] ] ] } },
{ "type": "Feature", "properties": { "name": "Polyline [B74A]:0" }, "geometry": { "type": "MultiLineString", "coordinates": [ [ [ 20.280809705634201, -32.862357514849002 ], [ 20.2807780115699, -32.8623270065669 ] ] ] } },
{ "type": "Feature", "properties": { "name": "Polyline [B749]:0" }, "geometry": { "type": "MultiLineString", "coordinates": [ [ [ 20.282351878358298, -32.861216326010599 ], [ 20.282313141003598, -32.861179038578101 ] ] ] } },
{ "type": "Feature", "properties": { "name": "Polyline [B710]:0" }, "geometry": { "type": "MultiLineString", "coordinates": [ [ [ 20.2817682871176, -32.862091254307302 ], [ 20.281766779509201, -32.8620911707755 ] ], [ [ 20.2817667795082, -32.862091170776502 ], [ 20.281190795331501, -32.862517388557002 ] ], [ [ 20.281190795330499, -32.862517388557997 ], [ 20.281190696349501, -32.862518660938498 ] ], [ [ 20.281190696348499, -32.8625186609395 ], [ 20.281768287118599, -32.8620912543063 ] ], [ [ 20.281190696348499, -32.8625186609395 ], [ 20.281190795331501, -32.862517388557002 ] ], [ [ 20.281190795330499, -32.862517388557997 ], [ 20.280932318313798, -32.862268583467099 ] ], [ [ 20.2809323183128, -32.862268583468101 ], [ 20.280930810702401, -32.862268499926202 ] ], [ [ 20.280930810701399, -32.862268499927197 ], [ 20.281190696349501, -32.862518660938498 ] ], [ [ 20.280930810701399, -32.862268499927197 ], [ 20.280932318313798, -32.862268583467099 ] ], [ [ 20.2809323183128, -32.862268583468101 ], [ 20.281508302073401, -32.861842366853701 ] ], [ [ 20.2815083020724, -32.861842366854702 ], [ 20.281508401050001, -32.861841094471799 ] ], [ [ 20.281508401048999, -32.861841094472801 ], [ 20.280930810702401, -32.862268499926202 ] ], [ [ 20.281508401048999, -32.861841094472801 ], [ 20.281508302073401, -32.861842366853701 ] ], [ [ 20.2815083020724, -32.861842366854702 ], [ 20.281766779509201, -32.8620911707755 ] ], [ [ 20.2817667795082, -32.862091170776502 ], [ 20.281768287118599, -32.8620912543063 ] ], [ [ 20.2817682871176, -32.862091254307302 ], [ 20.281508401050001, -32.861841094471799 ] ] ] } },
{ "type": "Feature", "properties": { "name": "Polyline [B706]:0" }, "geometry": { "type": "MultiLineString", "coordinates": [ [ [ 20.2809479062423, -32.862285639662602 ], [ 20.280930056896601, -32.862268458155803 ] ] ] } },
{ "type": "Feature", "properties": { "name": "Polyline [B6E1]:0" }, "geometry": { "type": "MultiLineString", "coordinates": [ [ [ 20.281018117096799, -32.862353223459699 ], [ 20.281053290854999, -32.8623870810776 ] ] ] } },
{ "type": "Feature", "properties": { "name": "Polyline [B6C8]:0" }, "geometry": { "type": "MultiLineString", "coordinates": [ [ [ 20.2816777008134, -32.861661253709002 ], [ 20.280906539426201, -32.862231899427499 ] ], [ [ 20.280906539425199, -32.862231899428501 ], [ 20.280911488705701, -32.862168280365601 ] ], [ [ 20.2809114887047, -32.862168280366603 ], [ 20.281602320714299, -32.861657077099402 ] ], [ [ 20.281602320713301, -32.861657077100404 ], [ 20.281677700814399, -32.861661253708 ] ] ] } },
{ "type": "Feature", "properties": { "name": "Polyline [B6C7]:0" }, "geometry": { "type": "MultiLineString", "coordinates": [ [ [ 20.2823131410026, -32.861179038579102 ], [ 20.2816626247937, -32.861660418389903 ] ], [ [ 20.281662624792801, -32.861660418390898 ], [ 20.281677700814399, -32.861661253708 ] ], [ [ 20.2816777008134, -32.861661253709002 ], [ 20.2823201697644, -32.861185804258398 ] ], [ [ 20.282320169763398, -32.861185804259399 ], [ 20.282313141003598, -32.861179038578101 ] ] ] } },
{ "type": "Feature", "properties": { "name": "Circle [B6B3]:0" }, "geometry": { "type": "MultiLineString", "coordinates": [ [ [ 20.2811850191456, -32.862371010279702 ], [ 20.2811763620169, -32.862327857974996 ], [ 20.2811507394748, -32.862289806993097 ], [ 20.281111241989599, -32.862261446835099 ], [ 20.281062633537299, -32.862246198144 ], [ 20.281010776995998, -32.862245900129999 ], [ 20.280961927005102, -32.8622605887372 ], [ 20.280921975574699, -32.862288492309098 ], [ 20.280895741432001, -32.862326245273202 ], [ 20.280886388813801, -32.862369294073901 ] ], [ [ 20.280886388804799, -32.862369294082903 ], [ 20.280895045798399, -32.862412446403503 ], [ 20.2809206682664, -32.862450497433997 ], [ 20.280960165774498, -32.862478857649599 ], [ 20.281008774336598, -32.862494106379401 ], [ 20.2810606310243, -32.862494404394297 ], [ 20.281109481130699, -32.862479715748599 ], [ 20.2811494325924, -32.862451812116099 ], [ 20.281175666668702, -32.862414059096601 ], [ 20.281185019154599, -32.862371010270699 ] ] ] } },
{ "type": "Feature", "properties": { "name": "Polyline [B6B2]:0" }, "geometry": { "type": "MultiLineString", "coordinates": [ [ [ 20.281026596252101, -32.8621970214176 ], [ 20.2808097056352, -32.862357514848 ] ], [ [ 20.280809705634201, -32.862357514849002 ], [ 20.2810208740318, -32.862560781973798 ] ], [ [ 20.281020874030801, -32.8625607819748 ], [ 20.2812377647784, -32.862400288183103 ] ], [ [ 20.281237764777401, -32.862400288184098 ], [ 20.281026596253099, -32.862197021416598 ] ] ] } },
{ "type": "Feature", "properties": { "name": "Polyline [B6B0]:0" }, "geometry": { "type": "MultiLineString", "coordinates": [ [ [ 20.282351878358298, -32.861216326010599 ], [ 20.281668870358502, -32.861721670193901 ] ], [ [ 20.2816688703575, -32.861721670194903 ], [ 20.281725365458499, -32.861776051034198 ] ], [ [ 20.2817253654575, -32.8617760510352 ], [ 20.281564877449501, -32.861894810264303 ] ], [ [ 20.281564877448499, -32.861894810265298 ], [ 20.281614097786299, -32.861942151915002 ] ], [ [ 20.281614097785301, -32.861942151915997 ], [ 20.282457525857499, -32.861318018944601 ] ], [ [ 20.282457525856501, -32.861318018945603 ], [ 20.2823518783593, -32.861216326009597 ] ] ] } },
{ "type": "Feature", "properties": { "name": "Polyline [B6A6]:0" }, "geometry": { "type": "MultiLineString", "coordinates": [ [ [ 20.281496673810601, -32.861555383456597 ], [ 20.280805855799301, -32.862066599424502 ] ], [ [ 20.280805855798299, -32.862066599425503 ], [ 20.280911488705701, -32.862168280365601 ] ], [ [ 20.2809114887047, -32.862168280366603 ], [ 20.281602320714299, -32.861657077099402 ] ], [ [ 20.281602320713301, -32.861657077100404 ], [ 20.281496673811599, -32.861555383455602 ] ] ] } },
{ "type": "Feature", "properties": { "name": "Polyline [B6A5]:0" }, "geometry": { "type": "MultiLineString", "coordinates": [ [ [ 20.280778011568898, -32.862327006567902 ], [ 20.280906539426201, -32.862231899427499 ] ], [ [ 20.280906539425199, -32.862231899428501 ], [ 20.280907535847401, -32.862219170757498 ] ], [ [ 20.280907535846399, -32.8622191707585 ], [ 20.2807709684473, -32.862320226947801 ] ], [ [ 20.280770968446301, -32.862320226948803 ], [ 20.2807780115699, -32.8623270065669 ] ] ] } },
{ "type": "Feature", "properties": { "name": "Polyline [B6A4]:0" }, "geometry": { "type": "MultiLineString", "coordinates": [ [ [ 20.2823201841558, -32.861185818113 ], [ 20.2807780115699, -32.8623270065669 ] ], [ [ 20.280778011568898, -32.862327006567902 ], [ 20.2808097056352, -32.862357514848 ] ], [ [ 20.280809705634201, -32.862357514849002 ], [ 20.2823518783593, -32.861216326009597 ] ], [ [ 20.282351878358298, -32.861216326010599 ], [ 20.282320184156799, -32.861185818111998 ] ] ] } },
{ "type": "Feature", "properties": { "name": "Polyline [B3B4]:0" }, "geometry": { "type": "MultiLineString", "coordinates": [ [ [ 20.2849845840929, -32.860016411882299 ], [ 20.284985048571599, -32.860017223849098 ] ], [ [ 20.284985048570601, -32.8600172238501 ], [ 20.2851301467485, -32.8599580994373 ] ], [ [ 20.285130146747498, -32.859958099438302 ], [ 20.285129682269901, -32.859957287470102 ] ], [ [ 20.285129682268899, -32.859957287471097 ], [ 20.284984584093898, -32.860016411881297 ] ] ] } },
{ "type": "Feature", "properties": { "name": "Polyline [B39F]:0" }, "geometry": { "type": "MultiLineString", "coordinates": [ [ [ 20.285129450029501, -32.859956881487498 ], [ 20.285108548498201, -32.859920342959398 ] ] ] } },
{ "type": "Feature", "properties": { "name": "Polyline [B39E]:0" }, "geometry": { "type": "MultiLineString", "coordinates": [ [ [ 20.283282463812199, -32.8607094703843 ], [ 20.283256918222701, -32.860664811821103 ] ] ] } },
{ "type": "Feature", "properties": { "name": "Polyline [B365]:0" }, "geometry": { "type": "MultiLineString", "coordinates": [ [ [ 20.2844652039851, -32.860596489245403 ], [ 20.284464706398499, -32.860597693225799 ] ], [ [ 20.2844647063975, -32.860597693226801 ], [ 20.2851564535958, -32.860315824250698 ] ], [ [ 20.285156453594801, -32.8603158242517 ], [ 20.285155027057701, -32.860315404300898 ] ], [ [ 20.2851550270567, -32.8603154043019 ], [ 20.284465203986102, -32.860596489244401 ] ], [ [ 20.2851550270567, -32.8603154043019 ], [ 20.2851564535958, -32.860315824250698 ] ], [ [ 20.285156453594801, -32.8603158242517 ], [ 20.284985065121301, -32.860016215873401 ] ], [ [ 20.284985065120299, -32.860016215874403 ], [ 20.2849845675441, -32.860017419857101 ] ], [ [ 20.284984567543098, -32.860017419858103 ], [ 20.285155027057701, -32.860315404300898 ] ], [ [ 20.284984567543098, -32.860017419858103 ], [ 20.284985065121301, -32.860016215873401 ] ], [ [ 20.284985065120299, -32.860016215874403 ], [ 20.2842933197443, -32.860298083938702 ] ], [ [ 20.284293319743298, -32.860298083939703 ], [ 20.284294746277901, -32.860298503898299 ] ], [ [ 20.284294746276899, -32.860298503899301 ], [ 20.2849845675441, -32.860017419857101 ] ], [ [ 20.284294746276899, -32.860298503899301 ], [ 20.2842933197443, -32.860298083938702 ] ], [ [ 20.284293319743298, -32.860298083939703 ], [ 20.284464706398499, -32.860597693225799 ] ], [ [ 20.2844647063975, -32.860597693226801 ], [ 20.284465203986102, -32.860596489244401 ] ], [ [ 20.2844652039851, -32.860596489245403 ], [ 20.284294746277901, -32.860298503898299 ] ] ] } },
{ "type": "Feature", "properties": { "name": "Polyline [B35B]:0" }, "geometry": { "type": "MultiLineString", "coordinates": [ [ [ 20.284997085127799, -32.860036191508797 ], [ 20.2849853139099, -32.860015613881501 ] ] ] } },
{ "type": "Feature", "properties": { "name": "Polyline [B31D]:0" }, "geometry": { "type": "MultiLineString", "coordinates": [ [ [ 20.284031043620299, -32.860359397239002 ], [ 20.284954619871701, -32.859983065578298 ] ], [ [ 20.2849546198707, -32.8599830655793 ], [ 20.284883293299199, -32.859962067953603 ] ], [ [ 20.284883293298201, -32.859962067954598 ], [ 20.284055923203201, -32.860299198251397 ] ], [ [ 20.2840559232022, -32.860299198252399 ], [ 20.284031043621301, -32.860359397238 ] ] ] } },
{ "type": "Feature", "properties": { "name": "Polyline [B31C]:0" }, "geometry": { "type": "MultiLineString", "coordinates": [ [ [ 20.283256918221699, -32.860664811822097 ], [ 20.284036019540402, -32.860347357441199 ] ], [ [ 20.2840360195394, -32.860347357442201 ], [ 20.284031043621301, -32.860359397238 ] ], [ [ 20.284031043620299, -32.860359397239002 ], [ 20.283261553382498, -32.8606729149678 ] ], [ [ 20.2832615533815, -32.860672914968802 ], [ 20.283256918222701, -32.860664811821103 ] ] ] } },
{ "type": "Feature", "properties": { "name": "Circle [B308]:0" }, "geometry": { "type": "MultiLineString", "coordinates": [ [ [ 20.285204297215401, -32.860138262185899 ], [ 20.285195638330901, -32.860095110120199 ], [ 20.285170014680201, -32.860057059933197 ], [ 20.285130516867099, -32.860028701030103 ], [ 20.285081908907401, -32.860013453902702 ], [ 20.2850300536196, -32.860013157572403 ], [ 20.284981205491899, -32.860027847780302 ], [ 20.2849412563098, -32.8600557526768 ], [ 20.284915024529301, -32.860093506529701 ], [ 20.284905674102198, -32.8601365556761 ] ], [ [ 20.284905674093199, -32.860136555685102 ], [ 20.2849143328426, -32.860179707766697 ], [ 20.284939956419301, -32.8602177580023 ], [ 20.2849794542552, -32.860246116962998 ], [ 20.285028062324798, -32.860261364129201 ], [ 20.285079917758999, -32.860261660460303 ], [ 20.285128766002099, -32.8602469702139 ], [ 20.285168715215502, -32.8602190652567 ], [ 20.2851949469296, -32.860181311348498 ], [ 20.2852042972244, -32.860138262176903 ] ] ] } },
{ "type": "Feature", "properties": { "name": "Polyline [B307]:0" }, "geometry": { "type": "MultiLineString", "coordinates": [ [ [ 20.284869695264899, -32.8600627258364 ], [ 20.285129450030499, -32.859956881486497 ] ], [ [ 20.285129450029501, -32.859956881487498 ], [ 20.285268710966399, -32.860200326405703 ] ], [ [ 20.285268710965401, -32.860200326406698 ], [ 20.285008955646301, -32.8603061710322 ] ], [ [ 20.285008955645299, -32.860306171033201 ], [ 20.2848696952659, -32.860062725835398 ] ] ] } },
{ "type": "Feature", "properties": { "name": "Polyline [B305]:0" }, "geometry": { "type": "MultiLineString", "coordinates": [ [ [ 20.283282463812199, -32.8607094703843 ], [ 20.284100392747899, -32.860376128729001 ] ], [ [ 20.2841003927469, -32.860376128730003 ], [ 20.284137649339801, -32.860441259214198 ] ], [ [ 20.284137649338799, -32.8604412592152 ], [ 20.284329858242501, -32.860362940132099 ] ], [ [ 20.284329858241499, -32.860362940133101 ], [ 20.284362277478799, -32.860419669471298 ] ], [ [ 20.284362277477801, -32.8604196694723 ], [ 20.2833521337338, -32.860831266435802 ] ], [ [ 20.283352133732802, -32.860831266436797 ], [ 20.283282463813201, -32.860709470383298 ] ] ] } },
{ "type": "Feature", "properties": { "name": "Polyline [B2FB]:0" }, "geometry": { "type": "MultiLineString", "coordinates": [ [ [ 20.283986252713898, -32.860177402574102 ], [ 20.284813631020899, -32.859840288617001 ] ], [ [ 20.284813631019901, -32.859840288618003 ], [ 20.284883293299199, -32.859962067953603 ] ], [ [ 20.284883293298201, -32.859962067954598 ], [ 20.284055923203201, -32.860299198251397 ] ], [ [ 20.2840559232022, -32.860299198252399 ], [ 20.2839862527149, -32.8601774025731 ] ] ] } },
{ "type": "Feature", "properties": { "name": "Polyline [B2FA]:0" }, "geometry": { "type": "MultiLineString", "coordinates": [ [ [ 20.285108548497199, -32.8599203429605 ], [ 20.284954619871701, -32.859983065578298 ] ], [ [ 20.2849546198707, -32.8599830655793 ], [ 20.284940346692402, -32.859978869260203 ] ], [ [ 20.2849403466914, -32.859978869261198 ], [ 20.285103903715601, -32.859912223286301 ] ], [ [ 20.285103903714599, -32.859912223287303 ], [ 20.285108548498201, -32.859920342959398 ] ] ] } },
{ "type": "Feature", "properties": { "name": "Polyline [B2F9]:0" }, "geometry": { "type": "MultiLineString", "coordinates": [ [ [ 20.2832615628726, -32.860672931561098 ], [ 20.285108548498201, -32.859920342959398 ] ], [ [ 20.285108548497199, -32.8599203429605 ], [ 20.285129450030499, -32.859956881486497 ] ], [ [ 20.285129450029501, -32.859956881487498 ], [ 20.283282463813201, -32.860709470383298 ] ], [ [ 20.283282463812199, -32.8607094703843 ], [ 20.283261562873601, -32.860672931560103 ] ] ] } },
{ "type": "Feature", "properties": { "name": "Polyline [B009]:0" }, "geometry": { "type": "MultiLineString", "coordinates": [ [ [ 20.288644768096798, -32.857536019112402 ], [ 20.288644934565301, -32.857536909745399 ] ], [ [ 20.288644934564299, -32.8575369097465 ], [ 20.288804085947898, -32.8575157190486 ] ], [ [ 20.2888040859469, -32.857515719049601 ], [ 20.288803919478799, -32.857514828414701 ] ], [ [ 20.2888039194778, -32.857514828415702 ], [ 20.2886447680978, -32.8575360191114 ] ] ] } },
{ "type": "Feature", "properties": { "name": "Polyline [AFF4]:0" }, "geometry": { "type": "MultiLineString", "coordinates": [ [ [ 20.2888041691814, -32.857516164366501 ], [ 20.288811660294499, -32.857556242890297 ] ] ] } },
{ "type": "Feature", "properties": { "name": "Polyline [AFF3]:0" }, "geometry": { "type": "MultiLineString", "coordinates": [ [ [ 20.286778306819901, -32.857785888086397 ], [ 20.286787461533901, -32.857834873080201 ] ] ] } },
{ "type": "Feature", "properties": { "name": "Polyline [AFBA]:0" }, "geometry": { "type": "MultiLineString", "coordinates": [ [ [ 20.2878252989995, -32.8573092254953 ], [ 20.287826520690199, -32.857309975634799 ] ], [ [ 20.287826520689201, -32.8573099756358 ], [ 20.288583148674501, -32.857209234974697 ] ], [ [ 20.288583148673499, -32.857209234975699 ], [ 20.288584037436699, -32.857208203839498 ] ], [ [ 20.288584037435701, -32.8572082038405 ], [ 20.287825299000499, -32.857309225494298 ] ], [ [ 20.288584037435701, -32.8572082038405 ], [ 20.288583148674501, -32.857209234974697 ] ], [ [ 20.288583148673499, -32.857209234975699 ], [ 20.288644240481599, -32.8575360893621 ] ], [ [ 20.2886442404806, -32.857536089363101 ], [ 20.288645462181499, -32.857536839494699 ] ], [ [ 20.288645462180501, -32.857536839495701 ], [ 20.288584037436699, -32.857208203839498 ] ], [ [ 20.288645462180501, -32.857536839495701 ], [ 20.288644240481599, -32.8575360893621 ] ], [ [ 20.2886442404806, -32.857536089363101 ], [ 20.287887609777201, -32.857636830349399 ] ], [ [ 20.287887609776199, -32.857636830350401 ], [ 20.2878867210027, -32.857637861479297 ] ], [ [ 20.287886721001701, -32.857637861480299 ], [ 20.288645462181499, -32.857536839494699 ] ], [ [ 20.287886721001701, -32.857637861480299 ], [ 20.287887609777201, -32.857636830349399 ] ], [ [ 20.287887609776199, -32.857636830350401 ], [ 20.287826520690199, -32.857309975634799 ] ], [ [ 20.287826520689201, -32.8573099756358 ], [ 20.287825299000499, -32.857309225494298 ] ], [ [ 20.2878252989995, -32.8573092254953 ], [ 20.2878867210027, -32.857637861479297 ] ] ] } },
{ "type": "Feature", "properties": { "name": "Polyline [AFB0]:0" }, "geometry": { "type": "MultiLineString", "coordinates": [ [ [ 20.2886418542593, -32.857514643301101 ], [ 20.288646073031401, -32.857537214561098 ] ] ] } },
{ "type": "Feature", "properties": { "name": "Polyline [AF72]:0" }, "geometry": { "type": "MultiLineString", "coordinates": [ [ [ 20.287629798088201, -32.857713600451703 ], [ 20.2886428230793, -32.857578723229103 ] ], [ [ 20.288642823078298, -32.857578723230098 ], [ 20.2885983847898, -32.857630279994503 ] ], [ [ 20.288598384788799, -32.857630279995497 ], [ 20.287690882791601, -32.857751107558997 ] ], [ [ 20.287690882790599, -32.857751107559999 ], [ 20.287629798089199, -32.857713600450701 ] ] ] } },
{ "type": "Feature", "properties": { "name": "Polyline [AF71]:0" }, "geometry": { "type": "MultiLineString", "coordinates": [ [ [ 20.286787461532899, -32.857834873081202 ], [ 20.287642015025501, -32.857721101874802 ] ], [ [ 20.287642015024499, -32.857721101875804 ], [ 20.287629798089199, -32.857713600450701 ] ], [ [ 20.287629798088201, -32.857713600451703 ], [ 20.286785800441201, -32.857825984917298 ] ], [ [ 20.2867858004402, -32.8578259849183 ], [ 20.286787461533901, -32.857834873080201 ] ] ] } },
{ "type": "Feature", "properties": { "name": "Circle [AF5D]:0" }, "geometry": { "type": "MultiLineString", "coordinates": [ [ [ 20.288770410035902, -32.857404468290397 ], [ 20.288761749660001, -32.857361316432801 ], [ 20.288736125236301, -32.857323266949599 ], [ 20.288696627461601, -32.857294909161098 ], [ 20.2886480203471, -32.857279663424698 ], [ 20.288596166609601, -32.857279368594 ], [ 20.288547320549998, -32.8572940602293 ], [ 20.288507373704601, -32.857321966308902 ], [ 20.288481144247399, -32.857359720957596 ], [ 20.2884717958501, -32.857402770416797 ] ], [ [ 20.288471795841101, -32.8574027704258 ], [ 20.288480456081899, -32.857445922299299 ], [ 20.288506080431699, -32.857483971831201 ], [ 20.288545578229201, -32.857512329677199 ], [ 20.288594185453601, -32.857527575452302 ], [ 20.2886460393375, -32.857527870283803 ], [ 20.288694885512399, -32.857513178610098 ], [ 20.288734832389199, -32.857485272469901 ], [ 20.288761061779901, -32.857447517765799 ], [ 20.288770410044901, -32.857404468281402 ] ] ] } },
{ "type": "Feature", "properties": { "name": "Polyline [AF5C]:0" }, "geometry": { "type": "MultiLineString", "coordinates": [ [ [ 20.288519256459502, -32.8575540997902 ], [ 20.288804169182399, -32.857516164365499 ] ], [ [ 20.2888041691814, -32.857516164366501 ], [ 20.288754258361902, -32.857249133422201 ] ], [ [ 20.2887542583609, -32.857249133423203 ], [ 20.288469346476699, -32.857287068745201 ] ], [ [ 20.288469346475701, -32.857287068746203 ], [ 20.2885192564605, -32.857554099789198 ] ] ] } },
{ "type": "Feature", "properties": { "name": "Polyline [AF5A]:0" }, "geometry": { "type": "MultiLineString", "coordinates": [ [ [ 20.286778306819901, -32.857785888086397 ], [ 20.287675492199899, -32.8576665013208 ] ], [ [ 20.287675492199, -32.857666501321802 ], [ 20.287662140138998, -32.857595060940497 ] ], [ [ 20.287662140138, -32.857595060941499 ], [ 20.2878729637109, -32.857566991864203 ] ], [ [ 20.287872963709901, -32.857566991865198 ], [ 20.287861307636899, -32.8575047817951 ] ], [ [ 20.2878613076359, -32.857504781796102 ], [ 20.286753339470401, -32.857652292640502 ] ], [ [ 20.286753339469399, -32.857652292641497 ], [ 20.286778306820899, -32.857785888085402 ] ] ] } },
{ "type": "Feature", "properties": { "name": "Polyline [AF50]:0" }, "geometry": { "type": "MultiLineString", "coordinates": [ [ [ 20.287715851575001, -32.857884702835399 ], [ 20.288623351647999, -32.857763857669802 ] ], [ [ 20.288623351647001, -32.857763857670797 ], [ 20.2885983847898, -32.857630279994503 ] ], [ [ 20.288598384788799, -32.857630279995497 ], [ 20.287690882791601, -32.857751107558997 ] ], [ [ 20.287690882790599, -32.857751107559999 ], [ 20.287715851575999, -32.857884702834397 ] ] ] } },
{ "type": "Feature", "properties": { "name": "Polyline [AF4F]:0" }, "geometry": { "type": "MultiLineString", "coordinates": [ [ [ 20.288811660293501, -32.857556242891299 ], [ 20.2886428230793, -32.857578723229103 ] ], [ [ 20.288642823078298, -32.857578723230098 ], [ 20.288633926802, -32.857589035731699 ] ], [ [ 20.288633926801001, -32.857589035732701 ], [ 20.288813324987, -32.857565149229004 ] ], [ [ 20.288813324985998, -32.857565149229998 ], [ 20.288811660294499, -32.857556242890297 ] ] ] } },
{ "type": "Feature", "properties": { "name": "Polyline [AF4E]:0" }, "geometry": { "type": "MultiLineString", "coordinates": [ [ [ 20.286785797038899, -32.8578259667186 ], [ 20.288811660294499, -32.857556242890297 ] ], [ [ 20.288811660293501, -32.857556242891299 ], [ 20.288804169182399, -32.857516164365499 ] ], [ [ 20.2888041691814, -32.857516164366501 ], [ 20.286778306820899, -32.857785888085402 ] ], [ [ 20.286778306819901, -32.857785888086397 ], [ 20.286785797039901, -32.857825966717598 ] ] ] } },
{ "type": "Feature", "properties": { "name": "Polyline [AC5E]:0" }, "geometry": { "type": "MultiLineString", "coordinates": [ [ [ 20.317917692511799, -32.864200126493202 ], [ 20.317918029248201, -32.864200982185999 ] ], [ [ 20.317918029247199, -32.864200982187 ], [ 20.318070948552698, -32.864158120384403 ] ], [ [ 20.3180709485517, -32.864158120385397 ], [ 20.318070611816001, -32.864157264691002 ] ], [ [ 20.318070611814999, -32.864157264691997 ], [ 20.3179176925128, -32.8642001264922 ] ] ] } },
{ "type": "Feature", "properties": { "name": "Polyline [AC49]:0" }, "geometry": { "type": "MultiLineString", "coordinates": [ [ [ 20.318070443446601, -32.864156836845297 ], [ 20.318055290302102, -32.8641183306407 ] ] ] } },
{ "type": "Feature", "properties": { "name": "Polyline [AC48]:0" }, "geometry": { "type": "MultiLineString", "coordinates": [ [ [ 20.316123904599401, -32.8647024157166 ], [ 20.3161053850164, -32.864655352305498 ] ] ] } },
{ "type": "Feature", "properties": { "name": "Polyline [AC0F]:0" }, "geometry": { "type": "MultiLineString", "coordinates": [ [ [ 20.317314095688602, -32.8647189253942 ], [ 20.317313418501701, -32.864720065272301 ] ], [ [ 20.317313418500699, -32.864720065273303 ], [ 20.318042452107498, -32.864515727325902 ] ], [ [ 20.3180424521065, -32.864515727326904 ], [ 20.318041101454899, -32.864515155822303 ] ], [ [ 20.3180411014539, -32.864515155823298 ], [ 20.3173140956896, -32.864718925393198 ] ], [ [ 20.3180411014539, -32.864515155823298 ], [ 20.318042452107498, -32.864515727325902 ] ], [ [ 20.3180424521065, -32.864515727326904 ], [ 20.3179181994686, -32.8641999843978 ] ], [ [ 20.317918199467599, -32.864199984398802 ], [ 20.317917522292301, -32.864201124280498 ] ], [ [ 20.3179175222913, -32.8642011242815 ], [ 20.318041101454899, -32.864515155822303 ] ], [ [ 20.3179175222913, -32.8642011242815 ], [ 20.3179181994686, -32.8641999843978 ] ], [ [ 20.317918199467599, -32.864199984398802 ], [ 20.317189168188001, -32.864404321660501 ] ], [ [ 20.317189168186999, -32.864404321661503 ], [ 20.3171905188333, -32.864404893173301 ] ], [ [ 20.317190518832302, -32.864404893174303 ], [ 20.317917522292301, -32.864201124280498 ] ], [ [ 20.317190518832302, -32.864404893174303 ], [ 20.317189168188001, -32.864404321660501 ] ], [ [ 20.317189168186999, -32.864404321661503 ], [ 20.317313418501701, -32.864720065272301 ] ], [ [ 20.317313418500699, -32.864720065273303 ], [ 20.3173140956896, -32.864718925393198 ] ], [ [ 20.317314095688602, -32.8647189253942 ], [ 20.3171905188333, -32.864404893173301 ] ] ] } },
{ "type": "Feature", "properties": { "name": "Polyline [AC05]:0" }, "geometry": { "type": "MultiLineString", "coordinates": [ [ [ 20.3179270719132, -32.864221100229102 ], [ 20.317918538056698, -32.8641994144565 ] ] ] } },
{ "type": "Feature", "properties": { "name": "Polyline [ABE0]:0" }, "geometry": { "type": "MultiLineString", "coordinates": [ [ [ 20.317960640064001, -32.864306401670902 ], [ 20.3179774568138, -32.864349135354999 ] ] ] } },
{ "type": "Feature", "properties": { "name": "Polyline [ABC7]:0" }, "geometry": { "type": "MultiLineString", "coordinates": [ [ [ 20.316919706838899, -32.8644366182168 ], [ 20.3178930645796, -32.8641638009329 ] ], [ [ 20.317893064578598, -32.864163800933902 ], [ 20.3178255322868, -32.864135225655602 ] ], [ [ 20.317825532285799, -32.864135225656597 ], [ 20.3169535663551, -32.864379624360701 ] ], [ [ 20.316953566354101, -32.864379624361703 ], [ 20.316919706839901, -32.864436618215798 ] ] ] } },
{ "type": "Feature", "properties": { "name": "Polyline [ABC6]:0" }, "geometry": { "type": "MultiLineString", "coordinates": [ [ [ 20.316105385015401, -32.864655352306499 ], [ 20.316926478746399, -32.8644252194456 ] ], [ [ 20.316926478745501, -32.864425219446602 ], [ 20.316919706839901, -32.864436618215798 ] ], [ [ 20.316919706838899, -32.8644366182168 ], [ 20.316108745331299, -32.864663891803602 ] ], [ [ 20.3161087453303, -32.864663891804597 ], [ 20.3161053850164, -32.864655352305498 ] ] ] } },
{ "type": "Feature", "properties": { "name": "Circle [ABB2]:0" }, "geometry": { "type": "MultiLineString", "coordinates": [ [ [ 20.318118368070799, -32.864328582487303 ], [ 20.318109692834899, -32.864285432510997 ], [ 20.318084053831701, -32.864247388888103 ], [ 20.318044543516699, -32.864219040231802 ], [ 20.317995927413399, -32.864203805798198 ], [ 20.317944069322898, -32.864203523077599 ], [ 20.317895224071101, -32.864218226169598 ], [ 20.3178552830969, -32.864246141670598 ], [ 20.3178290638661, -32.864283902569298 ], [ 20.317819728817099, -32.864326954352997 ] ], [ [ 20.3178197288081, -32.864326954361999 ], [ 20.317828403908901, -32.8643701043544 ], [ 20.317854042838299, -32.864408148026001 ], [ 20.317893553176301, -32.864436496739799 ], [ 20.3179421693896, -32.8644517312121 ], [ 20.317994027626501, -32.864452013933402 ], [ 20.318042872993601, -32.864437310802799 ], [ 20.318082813998998, -32.864409395241204 ], [ 20.3181090331631, -32.864371634287103 ], [ 20.318118368079801, -32.864328582478301 ] ] ] } },
{ "type": "Feature", "properties": { "name": "Polyline [ABB1]:0" }, "geometry": { "type": "MultiLineString", "coordinates": [ [ [ 20.317796687339399, -32.864233567871302 ], [ 20.318070443447599, -32.864156836844302 ] ], [ [ 20.318070443446601, -32.864156836845297 ], [ 20.318171404539701, -32.8644133918297 ] ], [ [ 20.318171404538699, -32.864413391830702 ], [ 20.317897647723001, -32.8644901230643 ] ], [ [ 20.317897647721999, -32.864490123065302 ], [ 20.317796687340401, -32.864233567870301 ] ] ] } },
{ "type": "Feature", "properties": { "name": "Polyline [ABAF]:0" }, "geometry": { "type": "MultiLineString", "coordinates": [ [ [ 20.316123904599401, -32.8647024157166 ], [ 20.316985928925, -32.864460747930998 ] ], [ [ 20.316985928924002, -32.864460747932 ], [ 20.317012938800801, -32.8645293857453 ] ], [ [ 20.317012938799799, -32.864529385746302 ], [ 20.3172155077906, -32.8644726094183 ] ], [ [ 20.317215507789602, -32.864472609419302 ], [ 20.317239002299601, -32.864532390238701 ] ], [ [ 20.317239002298599, -32.864532390239702 ], [ 20.316174412654298, -32.864830770456003 ] ], [ [ 20.3161744126533, -32.864830770456997 ], [ 20.316123904600399, -32.864702415715598 ] ] ] } },
{ "type": "Feature", "properties": { "name": "Polyline [ABA5]:0" }, "geometry": { "type": "MultiLineString", "coordinates": [ [ [ 20.3169030574158, -32.8642512699153 ], [ 20.3177750288115, -32.864006888297098 ] ], [ [ 20.317775028810502, -32.8640068882981 ], [ 20.3178255322868, -32.864135225655602 ] ], [ [ 20.317825532285799, -32.864135225656597 ], [ 20.3169535663551, -32.864379624360701 ] ], [ [ 20.316953566354101, -32.864379624361703 ], [ 20.316903057416798, -32.864251269914298 ] ] ] } },
{ "type": "Feature", "properties": { "name": "Polyline [ABA4]:0" }, "geometry": { "type": "MultiLineString", "coordinates": [ [ [ 20.3180552903011, -32.864118330641702 ], [ 20.3178930645796, -32.8641638009329 ] ], [ [ 20.317893064578598, -32.864163800933902 ], [ 20.317879549831702, -32.864158088202799 ] ], [ [ 20.3178795498307, -32.864158088203801 ], [ 20.318051922938199, -32.864109773706303 ] ], [ [ 20.318051922937201, -32.864109773707298 ], [ 20.318055290302102, -32.8641183306407 ] ] ] } },
{ "type": "Feature", "properties": { "name": "Polyline [ABA3]:0" }, "geometry": { "type": "MultiLineString", "coordinates": [ [ [ 20.316108752211001, -32.8646639092903 ], [ 20.318055290302102, -32.8641183306407 ] ], [ [ 20.3180552903011, -32.864118330641702 ], [ 20.318070443447599, -32.864156836844302 ] ], [ [ 20.318070443446601, -32.864156836845297 ], [ 20.316123904600399, -32.864702415715598 ] ], [ [ 20.316123904599401, -32.8647024157166 ], [ 20.316108752211999, -32.864663909289298 ] ] ] } },
{ "type": "Feature", "properties": { "name": "Polyline [A8B3]:0" }, "geometry": { "type": "MultiLineString", "coordinates": [ [ [ 20.3415712388808, -32.8585901716908 ], [ 20.3415716414024, -32.858591006893697 ] ], [ [ 20.341571641401401, -32.858591006894699 ], [ 20.341720889460401, -32.858539768287002 ] ], [ [ 20.341720889459399, -32.858539768287997 ], [ 20.341720486938598, -32.858538933083601 ] ], [ [ 20.3417204869376, -32.858538933084603 ], [ 20.341571238881802, -32.858590171689798 ] ] ] } },
{ "type": "Feature", "properties": { "name": "Polyline [A89E]:0" }, "geometry": { "type": "MultiLineString", "coordinates": [ [ [ 20.341720285676701, -32.858538515482799 ], [ 20.341702172204901, -32.858500931324997 ] ] ] } },
{ "type": "Feature", "properties": { "name": "Polyline [A89D]:0" }, "geometry": { "type": "MultiLineString", "coordinates": [ [ [ 20.339820476703601, -32.859190724342298 ], [ 20.339798338846801, -32.8591447878282 ] ] ] } },
{ "type": "Feature", "properties": { "name": "Polyline [A864]:0" }, "geometry": { "type": "MultiLineString", "coordinates": [ [ [ 20.341009316205401, -32.859141283093798 ], [ 20.341008729145901, -32.859142458024003 ] ], [ [ 20.3410087291449, -32.859142458024998 ], [ 20.3417202605083, -32.858898184158001 ] ], [ [ 20.341720260507302, -32.858898184159003 ], [ 20.341718868412102, -32.858897688685801 ] ], [ [ 20.3417188684111, -32.858897688686802 ], [ 20.341009316206399, -32.859141283092796 ] ], [ [ 20.3417188684111, -32.858897688686802 ], [ 20.3417202605083, -32.858898184158001 ] ], [ [ 20.341720260507302, -32.858898184159003 ], [ 20.3415717336668, -32.858590001824702 ] ], [ [ 20.341571733665798, -32.858590001825704 ], [ 20.341571146617401, -32.8585911767588 ] ], [ [ 20.341571146616399, -32.858591176759802 ], [ 20.341718868412102, -32.858897688685801 ] ], [ [ 20.341571146616399, -32.858591176759802 ], [ 20.3415717336668, -32.858590001824702 ] ], [ [ 20.341571733665798, -32.858590001825704 ], [ 20.340860204387901, -32.858834274884103 ] ], [ [ 20.3408602043869, -32.858834274885098 ], [ 20.340861596478199, -32.858834770365704 ] ], [ [ 20.3408615964772, -32.858834770366698 ], [ 20.341571146617401, -32.8585911767588 ] ], [ [ 20.3408615964772, -32.858834770366698 ], [ 20.340860204387901, -32.858834274884103 ] ], [ [ 20.3408602043869, -32.858834274885098 ], [ 20.341008729145901, -32.859142458024003 ] ], [ [ 20.3410087291449, -32.859142458024998 ], [ 20.341009316206399, -32.859141283092796 ] ], [ [ 20.341009316205401, -32.859141283093798 ], [ 20.340861596478199, -32.858834770365704 ] ] ] } },
{ "type": "Feature", "properties": { "name": "Polyline [A85A]:0" }, "geometry": { "type": "MultiLineString", "coordinates": [ [ [ 20.341582228237201, -32.858610580857302 ], [ 20.3415720271915, -32.858589414357702 ] ] ] } },
{ "type": "Feature", "properties": { "name": "Polyline [A81C]:0" }, "geometry": { "type": "MultiLineString", "coordinates": [ [ [ 20.340593850818099, -32.858881425329201 ], [ 20.341543841148798, -32.858555288221098 ] ], [ [ 20.3415438411478, -32.858555288222099 ], [ 20.3414742366739, -32.858530514500202 ] ], [ [ 20.341474236673001, -32.858530514501197 ], [ 20.340623204008001, -32.858822678861202 ] ], [ [ 20.340623204006999, -32.858822678862197 ], [ 20.340593850819101, -32.8588814253282 ] ] ] } },
{ "type": "Feature", "properties": { "name": "Polyline [A81B]:0" }, "geometry": { "type": "MultiLineString", "coordinates": [ [ [ 20.339798338845799, -32.859144787829202 ], [ 20.340599721459999, -32.858869676035397 ] ], [ [ 20.340599721459, -32.858869676036399 ], [ 20.340593850819101, -32.8588814253282 ] ], [ [ 20.340593850818099, -32.858881425329201 ], [ 20.339802355685102, -32.8591531228547 ] ], [ [ 20.3398023556841, -32.859153122855702 ], [ 20.339798338846801, -32.8591447878282 ] ] ] } },
{ "type": "Feature", "properties": { "name": "Circle [A807]:0" }, "geometry": { "type": "MultiLineString", "coordinates": [ [ [ 20.341781716319101, -32.8587154805426 ], [ 20.341773030092501, -32.858672332029101 ], [ 20.3417473824715, -32.858634293113298 ], [ 20.341707866950699, -32.858605951840801 ], [ 20.341659249681701, -32.858590726576999 ], [ 20.341607394605902, -32.8585904537061 ], [ 20.341558556185898, -32.858605166139903 ], [ 20.3415186250364, -32.858633089347997 ], [ 20.3414924174383, -32.858670855389398 ], [ 20.341483094426899, -32.858713909131303 ] ], [ [ 20.341483094417899, -32.858713909140199 ], [ 20.341491780509301, -32.858757057669798 ], [ 20.3415174280568, -32.858795096634402 ], [ 20.3415569436007, -32.858823437964404 ], [ 20.341605560979801, -32.858838663266901 ], [ 20.341657416201901, -32.858838936138298 ], [ 20.341706254737101, -32.858824223665899 ], [ 20.3417461859177, -32.858796300397103 ], [ 20.341772393448998, -32.858758534300399 ], [ 20.3417817163281, -32.858715480533597 ] ] ] } },
{ "type": "Feature", "properties": { "name": "Polyline [A806]:0" }, "geometry": { "type": "MultiLineString", "coordinates": [ [ [ 20.341453101814, -32.858630242663899 ], [ 20.341720285677699, -32.858538515481797 ] ], [ [ 20.341720285676701, -32.858538515482799 ], [ 20.3418409705803, -32.858788927132601 ] ], [ [ 20.341840970579302, -32.858788927133602 ], [ 20.341573786081799, -32.858880654559798 ] ], [ [ 20.341573786080801, -32.858880654560799 ], [ 20.341453101814999, -32.858630242662898 ] ] ] } },
{ "type": "Feature", "properties": { "name": "Polyline [A804]:0" }, "geometry": { "type": "MultiLineString", "coordinates": [ [ [ 20.339820476703601, -32.859190724342298 ], [ 20.340661802391999, -32.858901835611398 ] ], [ [ 20.340661802391001, -32.8589018356124 ], [ 20.340694089157299, -32.8589688299082 ] ], [ [ 20.340694089156301, -32.858968829909202 ], [ 20.3408917951358, -32.858900956998902 ] ], [ [ 20.340891795134802, -32.858900956999904 ], [ 20.340919885669699, -32.858959308043502 ] ], [ [ 20.340919885668701, -32.858959308044497 ], [ 20.3398808527946, -32.859316005720402 ] ], [ [ 20.339880852793598, -32.859316005721404 ], [ 20.339820476704599, -32.859190724341303 ] ] ] } },
{ "type": "Feature", "properties": { "name": "Polyline [A7FA]:0" }, "geometry": { "type": "MultiLineString", "coordinates": [ [ [ 20.340562827188801, -32.858697397822503 ], [ 20.341413866724601, -32.858405250207099 ] ], [ [ 20.341413866723599, -32.858405250208101 ], [ 20.3414742366739, -32.858530514500202 ] ], [ [ 20.341474236673001, -32.858530514501197 ], [ 20.340623204008001, -32.858822678861202 ] ], [ [ 20.340623204006999, -32.858822678862197 ], [ 20.3405628271898, -32.858697397821501 ] ] ] } },
{ "type": "Feature", "properties": { "name": "Polyline [A7F9]:0" }, "geometry": { "type": "MultiLineString", "coordinates": [ [ [ 20.341702172203899, -32.858500931325999 ], [ 20.341543841148798, -32.858555288221098 ] ], [ [ 20.3415438411478, -32.858555288222099 ], [ 20.3415299121638, -32.8585503362563 ] ], [ [ 20.341529912162802, -32.858550336257302 ], [ 20.341698146990701, -32.858492579289802 ] ], [ [ 20.3416981469897, -32.858492579290797 ], [ 20.341702172204901, -32.858500931324997 ] ] ] } },
{ "type": "Feature", "properties": { "name": "Polyline [A7F8]:0" }, "geometry": { "type": "MultiLineString", "coordinates": [ [ [ 20.339802363909101, -32.859153139922803 ], [ 20.341702172204901, -32.858500931324997 ] ], [ [ 20.341702172203899, -32.858500931325999 ], [ 20.341720285677699, -32.858538515481797 ] ], [ [ 20.341720285676701, -32.858538515482799 ], [ 20.339820476704599, -32.859190724341303 ] ], [ [ 20.339820476703601, -32.859190724342298 ], [ 20.339802363910099, -32.859153139921801 ] ] ] } },
{ "type": "Feature", "properties": { "name": "Polyline [A508]:0" }, "geometry": { "type": "MultiLineString", "coordinates": [ [ [ 20.323262231499601, -32.837528070003501 ], [ 20.323263067506101, -32.8375275088598 ] ], [ [ 20.323263067505099, -32.837527508860802 ], [ 20.323162817317101, -32.837421064714903 ] ], [ [ 20.323162817316099, -32.837421064715898 ], [ 20.323161981311902, -32.837421625856997 ] ], [ [ 20.3231619813109, -32.837421625857999 ], [ 20.3232622315006, -32.837528070002499 ] ] ] } },
{ "type": "Feature", "properties": { "name": "Polyline [A4F3]:0" }, "geometry": { "type": "MultiLineString", "coordinates": [ [ [ 20.3231615633084, -32.8374219064291 ], [ 20.323123943068001, -32.8374471578163 ] ] ] } },
{ "type": "Feature", "properties": { "name": "Polyline [A4F2]:0" }, "geometry": { "type": "MultiLineString", "coordinates": [ [ [ 20.324437677747898, -32.838776840796697 ], [ 20.3243916971769, -32.838807704060898 ] ] ] } },
{ "type": "Feature", "properties": { "name": "Polyline [A4B9]:0" }, "geometry": { "type": "MultiLineString", "coordinates": [ [ [ 20.324046813838699, -32.837827976543998 ], [ 20.324048314548101, -32.837828121154402 ] ], [ [ 20.324048314547099, -32.837828121155397 ], [ 20.3235703766452, -32.837320660308599 ] ], [ [ 20.323570376644199, -32.837320660309601 ], [ 20.3235702053408, -32.837321927215399 ] ], [ [ 20.323570205339799, -32.837321927216401 ], [ 20.324046813839701, -32.837827976542997 ] ], [ [ 20.323570205339799, -32.837321927216401 ], [ 20.3235703766452, -32.837320660308599 ] ], [ [ 20.323570376644199, -32.837320660309601 ], [ 20.323261899152399, -32.8375277171208 ] ], [ [ 20.323261899151401, -32.837527717121802 ], [ 20.323263399854302, -32.837527861741499 ] ], [ [ 20.3232633998533, -32.837527861742601 ], [ 20.3235702053408, -32.837321927215399 ] ], [ [ 20.3232633998533, -32.837527861742601 ], [ 20.323261899152399, -32.8375277171208 ] ], [ [ 20.323261899151401, -32.837527717121802 ], [ 20.323739836366698, -32.838035179119601 ] ], [ [ 20.3237398363657, -32.838035179120602 ], [ 20.3237400076702, -32.838033912212701 ] ], [ [ 20.323740007669201, -32.838033912213703 ], [ 20.323263399854302, -32.837527861741499 ] ], [ [ 20.323740007669201, -32.838033912213703 ], [ 20.323739836366698, -32.838035179119601 ] ], [ [ 20.3237398363657, -32.838035179120602 ], [ 20.324048314548101, -32.837828121154402 ] ], [ [ 20.324048314547099, -32.837828121155397 ], [ 20.324046813839701, -32.837827976542997 ] ], [ [ 20.324046813838699, -32.837827976543998 ], [ 20.3237400076702, -32.838033912212701 ] ] ] } },
{ "type": "Feature", "properties": { "name": "Polyline [A4AF]:0" }, "geometry": { "type": "MultiLineString", "coordinates": [ [ [ 20.3232823356112, -32.8375134238185 ], [ 20.3232611488015, -32.8375276448104 ] ] ] } },
{ "type": "Feature", "properties": { "name": "Polyline [A471]:0" }, "geometry": { "type": "MultiLineString", "coordinates": [ [ [ 20.3238684076561, -32.838237611579999 ], [ 20.323230294347098, -32.837560080049101 ] ], [ [ 20.3232302943461, -32.837560080050103 ], [ 20.323221728856499, -32.837623425358601 ] ], [ [ 20.323221728855501, -32.837623425359602 ], [ 20.323793371918399, -32.8382303808744 ] ], [ [ 20.3237933719174, -32.838230380875402 ], [ 20.323868407657098, -32.838237611578997 ] ] ] } },
{ "type": "Feature", "properties": { "name": "Polyline [A470]:0" }, "geometry": { "type": "MultiLineString", "coordinates": [ [ [ 20.324391697175901, -32.8388077040619 ], [ 20.323853400508298, -32.8382361654417 ] ], [ [ 20.3238534005073, -32.838236165442702 ], [ 20.323868407657098, -32.838237611578997 ] ], [ [ 20.3238684076561, -32.838237611579999 ], [ 20.324400040199802, -32.8388021040263 ] ], [ [ 20.3244000401988, -32.838802104027302 ], [ 20.3243916971769, -32.838807704060898 ] ] ] } },
{ "type": "Feature", "properties": { "name": "Circle [A45C]:0" }, "geometry": { "type": "MultiLineString", "coordinates": [ [ [ 20.323535824292399, -32.837444280259596 ], [ 20.3235271488047, -32.837401130474497 ], [ 20.323501514989999, -32.837363087869903 ], [ 20.323462014677801, -32.837334740936299 ], [ 20.3234134121852, -32.837319508721997 ], [ 20.323361569671601, -32.837319228449402 ], [ 20.323312740084301, -32.837333933923198 ], [ 20.323272812972501, -32.8373618514523 ], [ 20.3232466041304, -32.837399613780804 ], [ 20.3232372747431, -32.837442666223602 ] ], [ [ 20.323237274734101, -32.837442666232597 ], [ 20.3232459500869, -32.837485816033698 ], [ 20.323271583827999, -32.837523858687 ], [ 20.323311084163201, -32.837552205678101 ], [ 20.323359686765599, -32.837567437931099 ], [ 20.3234115294254, -32.837567718204298 ], [ 20.3234603591279, -32.837553012691998 ], [ 20.323500286270701, -32.837525095102201 ], [ 20.323526495046199, -32.837487332718503 ], [ 20.323535824301398, -32.837444280250601 ] ] ] } },
{ "type": "Feature", "properties": { "name": "Polyline [A45B]:0" }, "geometry": { "type": "MultiLineString", "coordinates": [ [ [ 20.323341031279199, -32.837612462592503 ], [ 20.323161563309402, -32.837421906428098 ] ], [ [ 20.3231615633084, -32.8374219064291 ], [ 20.323412214906799, -32.837253663868402 ] ], [ [ 20.323412214905801, -32.837253663869397 ], [ 20.323591683087699, -32.837444219680101 ] ], [ [ 20.3235916830867, -32.837444219681103 ], [ 20.323341031280201, -32.837612462591501 ] ] ] } },
{ "type": "Feature", "properties": { "name": "Polyline [A459]:0" }, "geometry": { "type": "MultiLineString", "coordinates": [ [ [ 20.324437677747898, -32.838776840796697 ], [ 20.3238724779116, -32.838176833602901 ] ], [ [ 20.323872477910601, -32.838176833603903 ], [ 20.323939536445302, -32.838131822411398 ] ], [ [ 20.3239395364443, -32.8381318224124 ], [ 20.323806736044698, -32.8379908196614 ] ], [ [ 20.3238067360437, -32.837990819662402 ], [ 20.323865151705, -32.837951640627402 ] ], [ [ 20.323865151703998, -32.837951640628397 ], [ 20.324563079147801, -32.838692668165699 ] ], [ [ 20.324563079146799, -32.838692668166701 ], [ 20.3244376777489, -32.838776840795703 ] ] ] } },
{ "type": "Feature", "properties": { "name": "Polyline [A44F]:0" }, "geometry": { "type": "MultiLineString", "coordinates": [ [ [ 20.3236679704642, -32.838314552739398 ], [ 20.323096344108201, -32.837707585674202 ] ], [ [ 20.323096344107199, -32.837707585675197 ], [ 20.323221728856499, -32.837623425358601 ] ], [ [ 20.323221728855501, -32.837623425359602 ], [ 20.323793371918399, -32.8382303808744 ] ], [ [ 20.3237933719174, -32.838230380875402 ], [ 20.323667970465198, -32.838314552738403 ] ] ] } },
{ "type": "Feature", "properties": { "name": "Polyline [A44E]:0" }, "geometry": { "type": "MultiLineString", "coordinates": [ [ [ 20.323123943066999, -32.837447157817401 ], [ 20.323230294347098, -32.837560080049101 ] ], [ [ 20.3232302943461, -32.837560080050103 ], [ 20.323228586681999, -32.8375727548787 ] ], [ [ 20.323228586681001, -32.837572754879702 ], [ 20.323115583011401, -32.837452769234403 ] ], [ [ 20.323115583010399, -32.837452769235398 ], [ 20.323123943068001, -32.8374471578163 ] ] ] } },
{ "type": "Feature", "properties": { "name": "Polyline [A44D]:0" }, "geometry": { "type": "MultiLineString", "coordinates": [ [ [ 20.324400057282201, -32.8388020925604 ], [ 20.323123943068001, -32.8374471578163 ] ], [ [ 20.323123943066999, -32.837447157817401 ], [ 20.323161563309402, -32.837421906428098 ] ], [ [ 20.3231615633084, -32.8374219064291 ], [ 20.3244376777489, -32.838776840795703 ] ], [ [ 20.324437677747898, -32.838776840796697 ], [ 20.324400057283199, -32.838802092559398 ] ] ] } },
{ "type": "Feature", "properties": { "name": "Polyline [A15D]:0" }, "geometry": { "type": "MultiLineString", "coordinates": [ [ [ 20.331805559628101, -32.8451648390676 ], [ 20.331805109222199, -32.845164021492202 ] ], [ [ 20.3318051092212, -32.845164021493197 ], [ 20.331659033641198, -32.845221364314803 ] ], [ [ 20.3316590336402, -32.845221364315798 ], [ 20.331659484047002, -32.845222181889703 ] ], [ [ 20.331659484046, -32.845222181890698 ], [ 20.3318055596291, -32.845164839066598 ] ] ] } },
{ "type": "Feature", "properties": { "name": "Polyline [A148]:0" }, "geometry": { "type": "MultiLineString", "coordinates": [ [ [ 20.3316597092489, -32.845222590678098 ], [ 20.331679977517599, -32.845259381545198 ] ] ] } },
{ "type": "Feature", "properties": { "name": "Polyline [A147]:0" }, "geometry": { "type": "MultiLineString", "coordinates": [ [ [ 20.3335191089669, -32.844492654071601 ], [ 20.3335438820455, -32.844537620333199 ] ] ] } },
{ "type": "Feature", "properties": { "name": "Polyline [A10E]:0" }, "geometry": { "type": "MultiLineString", "coordinates": [ [ [ 20.332334759935499, -32.844591171200399 ], [ 20.3323352780533, -32.844589973418003 ] ], [ [ 20.332335278052302, -32.844589973418998 ], [ 20.331638880015198, -32.844863351767899 ] ], [ [ 20.3316388800142, -32.8448633517689 ], [ 20.3316402989506, -32.844863789139602 ] ], [ [ 20.331640298949601, -32.844863789140597 ], [ 20.332334759936501, -32.844591171199397 ] ], [ [ 20.331640298949601, -32.844863789140597 ], [ 20.331638880015198, -32.844863351767899 ] ], [ [ 20.3316388800142, -32.8448633517689 ], [ 20.331805075361999, -32.845165029168797 ] ], [ [ 20.331805075361, -32.845165029169799 ], [ 20.3318055934893, -32.845163831389897 ] ], [ [ 20.331805593488301, -32.845163831390899 ], [ 20.3316402989506, -32.844863789139602 ] ], [ [ 20.331805593488301, -32.845163831390899 ], [ 20.331805075361999, -32.845165029168797 ] ], [ [ 20.331805075361, -32.845165029169799 ], [ 20.3325014752801, -32.844891649930801 ] ], [ [ 20.332501475279098, -32.844891649931803 ], [ 20.332500056339899, -32.844891212568903 ] ], [ [ 20.332500056338901, -32.844891212569898 ], [ 20.3318055934893, -32.845163831389897 ] ], [ [ 20.332500056338901, -32.844891212569898 ], [ 20.3325014752801, -32.844891649930801 ] ], [ [ 20.332501475279098, -32.844891649931803 ], [ 20.3323352780533, -32.844589973418003 ] ], [ [ 20.332335278052302, -32.844589973418998 ], [ 20.332334759936501, -32.844591171199397 ] ], [ [ 20.332334759935499, -32.844591171200399 ], [ 20.332500056339899, -32.844891212568903 ] ] ] } },
{ "type": "Feature", "properties": { "name": "Polyline [A104]:0" }, "geometry": { "type": "MultiLineString", "coordinates": [ [ [ 20.331793401679398, -32.8451449083434 ], [ 20.331804816298298, -32.845165628058297 ] ] ] } },
{ "type": "Feature", "properties": { "name": "Polyline [A0C6]:0" }, "geometry": { "type": "MultiLineString", "coordinates": [ [ [ 20.332764732373601, -32.844833548785097 ], [ 20.3318349431234, -32.845198548879303 ] ], [ [ 20.331834943122399, -32.845198548880298 ], [ 20.331905890223702, -32.845220417334403 ] ], [ [ 20.3319058902227, -32.845220417335398 ], [ 20.332738826732601, -32.844893437938602 ] ], [ [ 20.3327388267316, -32.844893437939596 ], [ 20.332764732374599, -32.844833548784102 ] ] ] } },
{ "type": "Feature", "properties": { "name": "Polyline [A0C5]:0" }, "geometry": { "type": "MultiLineString", "coordinates": [ [ [ 20.333543882044498, -32.844537620334201 ], [ 20.332759551249101, -32.844845526615501 ] ], [ [ 20.332759551248099, -32.844845526616503 ], [ 20.332764732374599, -32.844833548784102 ] ], [ [ 20.332764732373601, -32.844833548785097 ], [ 20.3335393870519, -32.844529461356103 ] ], [ [ 20.333539387050902, -32.844529461357098 ], [ 20.3335438820455, -32.844537620333199 ] ] ] } },
{ "type": "Feature", "properties": { "name": "Circle [A0B1]:0" }, "geometry": { "type": "MultiLineString", "coordinates": [ [ [ 20.331886543123101, -32.845043789011598 ], [ 20.3318778629117, -32.8450006397957 ], [ 20.331852223377901, -32.844962598873401 ], [ 20.3318127170411, -32.844934254532099 ], [ 20.331764108945102, -32.844919025507501 ], [ 20.331712261924899, -32.844918748637298 ], [ 20.331663429471401, -32.844933457315797 ], [ 20.3316235014798, -32.844961377465303 ], [ 20.331597293850201, -32.844999141513902 ], [ 20.331587967621399, -32.845042194569203 ] ], [ [ 20.3315879676124, -32.845042194578198 ], [ 20.331596647688801, -32.845085343809998 ], [ 20.331622287148999, -32.845123384781097 ], [ 20.3316617935089, -32.845151729179896 ], [ 20.331710401714901, -32.845166958243198 ], [ 20.3317622488814, -32.845167235113898 ], [ 20.331811081449899, -32.845152526396902 ], [ 20.331851009472601, -32.845124606186701 ], [ 20.331877217035601, -32.8450868420828 ], [ 20.3318865431321, -32.845043789002602 ] ] ] } },
{ "type": "Feature", "properties": { "name": "Polyline [A0B0]:0" }, "geometry": { "type": "MultiLineString", "coordinates": [ [ [ 20.331921213501399, -32.845119935481797 ], [ 20.331659709249902, -32.845222590677103 ] ], [ [ 20.3316597092489, -32.845222590678098 ], [ 20.331524668414801, -32.844977464314503 ] ], [ [ 20.331524668413799, -32.844977464315498 ], [ 20.3317861720938, -32.844874809389196 ] ], [ [ 20.331786172092801, -32.844874809390198 ], [ 20.331921213502401, -32.845119935480803 ] ] ] } },
{ "type": "Feature", "properties": { "name": "Polyline [A0AE]:0" }, "geometry": { "type": "MultiLineString", "coordinates": [ [ [ 20.3335191089669, -32.844492654071601 ], [ 20.332695689169, -32.844815971203097 ] ], [ [ 20.332695689167998, -32.844815971204099 ], [ 20.332659560262101, -32.844750391482798 ] ], [ [ 20.332659560261099, -32.844750391483799 ], [ 20.332466059789599, -32.844826353149102 ] ], [ [ 20.332466059788601, -32.844826353150097 ], [ 20.332434623052301, -32.844769232797901 ] ], [ [ 20.332434623051299, -32.844769232798903 ], [ 20.333451546154102, -32.844370018783899 ] ], [ [ 20.3334515461531, -32.8443700187849 ], [ 20.333519108967899, -32.844492654070599 ] ] ] } },
{ "type": "Feature", "properties": { "name": "Polyline [A0A4]:0" }, "geometry": { "type": "MultiLineString", "coordinates": [ [ [ 20.332806388941801, -32.845016073593399 ], [ 20.3319734427002, -32.845343037410899 ] ], [ [ 20.331973442699201, -32.845343037411901 ], [ 20.331905890223702, -32.845220417334403 ] ], [ [ 20.3319058902227, -32.845220417335398 ], [ 20.332738826732601, -32.844893437938602 ] ], [ [ 20.3327388267316, -32.844893437939596 ], [ 20.332806388942799, -32.845016073592397 ] ] ] } },
{ "type": "Feature", "properties": { "name": "Polyline [A0A3]:0" }, "geometry": { "type": "MultiLineString", "coordinates": [ [ [ 20.3316799775166, -32.8452593815462 ], [ 20.3318349431234, -32.845198548879303 ] ], [ [ 20.331834943122399, -32.845198548880298 ], [ 20.331849140455599, -32.845202919466402 ] ], [ [ 20.331849140454601, -32.845202919467397 ], [ 20.331684481579401, -32.845267557293198 ] ], [ [ 20.331684481578399, -32.8452675572942 ], [ 20.331679977517599, -32.845259381545198 ] ] ] } },
{ "type": "Feature", "properties": { "name": "Polyline [A0A2]:0" }, "geometry": { "type": "MultiLineString", "coordinates": [ [ [ 20.333539377846801, -32.844529444650398 ], [ 20.331679977517599, -32.845259381545198 ] ], [ [ 20.3316799775166, -32.8452593815462 ], [ 20.331659709249902, -32.845222590677103 ] ], [ [ 20.3316597092489, -32.845222590678098 ], [ 20.333519108967899, -32.844492654070599 ] ], [ [ 20.3335191089669, -32.844492654071601 ], [ 20.333539377847799, -32.844529444649403 ] ] ] } },
{ "type": "Feature", "properties": { "name": "Polyline [9DB2]:0" }, "geometry": { "type": "MultiLineString", "coordinates": [ [ [ 20.336093819887701, -32.837979381582798 ], [ 20.3360934908197, -32.837978523786703 ] ], [ [ 20.336093490818701, -32.837978523787697 ], [ 20.335940241572299, -32.838020422076603 ] ], [ [ 20.335940241571301, -32.838020422077598 ], [ 20.335940570639998, -32.838021279872102 ] ], [ [ 20.335940570639, -32.838021279873097 ], [ 20.336093819888699, -32.837979381581803 ] ] ] } },
{ "type": "Feature", "properties": { "name": "Polyline [9D9D]:0" }, "geometry": { "type": "MultiLineString", "coordinates": [ [ [ 20.335940735172901, -32.838021708770803 ], [ 20.335955543227598, -32.838060309566004 ] ] ] } },
{ "type": "Feature", "properties": { "name": "Polyline [9D9C]:0" }, "geometry": { "type": "MultiLineString", "coordinates": [ [ [ 20.337891452674299, -32.837488366252501 ], [ 20.337909552343, -32.8375355447358 ] ] ] } },
{ "type": "Feature", "properties": { "name": "Polyline [9D63]:0" }, "geometry": { "type": "MultiLineString", "coordinates": [ [ [ 20.336701799852499, -32.837464389315201 ], [ 20.336702486871001, -32.8374632537138 ] ], [ [ 20.336702486869999, -32.837463253714802 ], [ 20.335971888865, -32.837663002057504 ] ], [ [ 20.335971888864002, -32.837663002058498 ], [ 20.335973234026799, -32.837663582052201 ] ], [ [ 20.335973234025801, -32.837663582053203 ], [ 20.3367017998535, -32.837464389314199 ] ], [ [ 20.335973234025801, -32.837663582053203 ], [ 20.335971888865, -32.837663002057504 ] ], [ [ 20.335971888864002, -32.837663002058498 ], [ 20.336093311839502, -32.837979520482598 ] ], [ [ 20.3360933118385, -32.8379795204836 ], [ 20.336093998868801, -32.837978384885901 ] ], [ [ 20.336093998867799, -32.837978384886902 ], [ 20.335973234026799, -32.837663582052201 ] ], [ [ 20.336093998867799, -32.837978384886902 ], [ 20.336093311839502, -32.837979520482598 ] ], [ [ 20.3360933118385, -32.8379795204836 ], [ 20.3368239121918, -32.837779771469798 ] ], [ [ 20.336823912190798, -32.8377797714708 ], [ 20.336822567022601, -32.837779191484103 ] ], [ [ 20.336822567021599, -32.837779191485097 ], [ 20.336093998868801, -32.837978384885901 ] ], [ [ 20.336822567021599, -32.837779191485097 ], [ 20.3368239121918, -32.837779771469798 ] ], [ [ 20.336823912190798, -32.8377797714708 ], [ 20.336702486871001, -32.8374632537138 ] ], [ [ 20.336702486869999, -32.837463253714802 ], [ 20.3367017998535, -32.837464389314199 ] ], [ [ 20.336701799852499, -32.837464389315201 ], [ 20.336822567022601, -32.837779191484103 ] ] ] } },
{ "type": "Feature", "properties": { "name": "Polyline [9D59]:0" }, "geometry": { "type": "MultiLineString", "coordinates": [ [ [ 20.336084628758101, -32.837958349255899 ], [ 20.336092968324898, -32.837980088281 ] ] ] } },
{ "type": "Feature", "properties": { "name": "Polyline [9D1B]:0" }, "geometry": { "type": "MultiLineString", "coordinates": [ [ [ 20.337093570963798, -32.837749167733698 ], [ 20.3361181190945, -32.8380158613734 ] ], [ [ 20.336118119093499, -32.838015861374402 ], [ 20.336185377520898, -32.838044861014303 ] ], [ [ 20.3361853775199, -32.838044861015298 ], [ 20.337059220201599, -32.837805947852701 ] ], [ [ 20.337059220200601, -32.837805947853703 ], [ 20.3370935709648, -32.837749167732703 ] ] ] } },
{ "type": "Feature", "properties": { "name": "Polyline [9D1A]:0" }, "geometry": { "type": "MultiLineString", "coordinates": [ [ [ 20.337909552342001, -32.837535544736802 ], [ 20.3370867008157, -32.837760523757503 ] ], [ [ 20.337086700814702, -32.837760523758497 ], [ 20.3370935709648, -32.837749167732703 ] ], [ [ 20.337093570963798, -32.837749167733698 ], [ 20.337906268217601, -32.837526984358199 ] ], [ [ 20.337906268216599, -32.8375269843593 ], [ 20.337909552343, -32.8375355447358 ] ] ] } },
{ "type": "Feature", "properties": { "name": "Circle [9D06]:0" }, "geometry": { "type": "MultiLineString", "coordinates": [ [ [ 20.336192883888799, -32.837852210842499 ], [ 20.336184202225802, -32.837809061858401 ], [ 20.336158562851601, -32.837771021777797 ], [ 20.336119058266199, -32.837742678786903 ], [ 20.336070453302298, -32.837727451458399 ], [ 20.336018610417199, -32.837727176425503 ], [ 20.335969782602898, -32.837741886860698 ], [ 20.335929859195101, -32.837769808474697 ], [ 20.335903655540999, -32.837807573518901 ], [ 20.335894332199999, -32.837850626980597 ] ], [ [ 20.335894332191, -32.837850626989599 ], [ 20.335903013719101, -32.837893775989798 ], [ 20.3359286530197, -32.837931816119102 ], [ 20.335968157628098, -32.837960159167501 ], [ 20.336016762701998, -32.837975386534602 ], [ 20.336068605733299, -32.837975661568102 ], [ 20.3361174336627, -32.837960951094203 ], [ 20.336157357101499, -32.837933029419503 ], [ 20.336183560689001, -32.837895264320103 ], [ 20.336192883897802, -32.837852210833503 ] ] ] } },
{ "type": "Feature", "properties": { "name": "Polyline [9D05]:0" }, "geometry": { "type": "MultiLineString", "coordinates": [ [ [ 20.336215081749, -32.837946702352603 ], [ 20.335940735173899, -32.838021708769801 ] ], [ [ 20.335940735172901, -32.838021708770803 ], [ 20.335842073971001, -32.837764523448399 ] ], [ [ 20.335842073969999, -32.837764523449401 ], [ 20.3361164198311, -32.837689517234303 ] ], [ [ 20.336116419830098, -32.837689517235297 ], [ 20.336215081750002, -32.837946702351601 ] ] ] } },
{ "type": "Feature", "properties": { "name": "Polyline [9D03]:0" }, "geometry": { "type": "MultiLineString", "coordinates": [ [ [ 20.337891452674299, -32.837488366252501 ], [ 20.337027582984099, -32.837724622761201 ] ], [ [ 20.337027582983101, -32.837724622762202 ], [ 20.337001186789401, -32.837655816763302 ] ], [ [ 20.337001186788399, -32.837655816764297 ], [ 20.336798183249499, -32.8377113196509 ] ], [ [ 20.336798183248501, -32.837711319651902 ], [ 20.336775223534399, -32.837651392458 ] ], [ [ 20.336775223533401, -32.837651392459001 ], [ 20.3378420900405, -32.837359697644096 ] ], [ [ 20.337842090039601, -32.837359697645098 ], [ 20.337891452675301, -32.837488366251499 ] ] ] } },
{ "type": "Feature", "properties": { "name": "Polyline [9CF9]:0" }, "geometry": { "type": "MultiLineString", "coordinates": [ [ [ 20.337108581935901, -32.8379346167495 ], [ 20.336234731671802, -32.838173513438697 ] ], [ [ 20.3362347316708, -32.838173513439699 ], [ 20.336185377520898, -32.838044861014303 ] ], [ [ 20.3361853775199, -32.838044861015298 ], [ 20.337059220201599, -32.837805947852701 ] ], [ [ 20.337059220200601, -32.837805947853703 ], [ 20.337108581936899, -32.837934616748399 ] ] ] } },
{ "type": "Feature", "properties": { "name": "Polyline [9CF8]:0" }, "geometry": { "type": "MultiLineString", "coordinates": [ [ [ 20.3359555432266, -32.838060309566998 ], [ 20.3361181190945, -32.8380158613734 ] ], [ [ 20.336118119093499, -32.838015861374402 ], [ 20.33613157908, -32.838021659034197 ] ], [ [ 20.336131579079002, -32.838021659035199 ], [ 20.335958833907899, -32.8380688875204 ] ], [ [ 20.335958833906901, -32.838068887521501 ], [ 20.335955543227598, -32.838060309566004 ] ] ] } },
{ "type": "Feature", "properties": { "name": "Polyline [9CF7]:0" }, "geometry": { "type": "MultiLineString", "coordinates": [ [ [ 20.337906261491899, -32.837526966830701 ], [ 20.335955543227598, -32.838060309566004 ] ], [ [ 20.3359555432266, -32.838060309566998 ], [ 20.335940735173899, -32.838021708769801 ] ], [ [ 20.335940735172901, -32.838021708770803 ], [ 20.337891452675301, -32.837488366251499 ] ], [ [ 20.337891452674299, -32.837488366252501 ], [ 20.3379062614929, -32.837526966829699 ] ] ] } },
{ "type": "Feature", "properties": { "name": "Polyline [9A07]:0" }, "geometry": { "type": "MultiLineString", "coordinates": [ [ [ 20.3405543372957, -32.835941709713602 ], [ 20.3405543201904, -32.835942611255298 ] ], [ [ 20.340554320189401, -32.8359426112563 ], [ 20.340715381358098, -32.835944789252899 ] ], [ [ 20.3407153813571, -32.835944789253901 ], [ 20.340715398462802, -32.835943887710201 ] ], [ [ 20.3407153984618, -32.835943887711203 ], [ 20.340554337296702, -32.8359417097126 ] ] ] } },
{ "type": "Feature", "properties": { "name": "Polyline [99F2]:0" }, "geometry": { "type": "MultiLineString", "coordinates": [ [ [ 20.340715407014201, -32.8359434369398 ], [ 20.340716176727899, -32.8359028675156 ] ] ] } },
{ "type": "Feature", "properties": { "name": "Polyline [99F1]:0" }, "geometry": { "type": "MultiLineString", "coordinates": [ [ [ 20.338665241040001, -32.835915697482299 ], [ 20.338666182939701, -32.835866112660298 ] ] ] } },
{ "type": "Feature", "properties": { "name": "Polyline [99B8]:0" }, "geometry": { "type": "MultiLineString", "coordinates": [ [ [ 20.3397817965154, -32.836263104311598 ], [ 20.339780711503899, -32.836263991404799 ] ], [ [ 20.3397807115029, -32.836263991405801 ], [ 20.340548559122801, -32.836274377735997 ] ], [ [ 20.3405485591218, -32.836274377736999 ], [ 20.340547508330701, -32.836273461751603 ] ], [ [ 20.340547508329699, -32.836273461752597 ], [ 20.339781796516402, -32.836263104310603 ] ], [ [ 20.340547508329699, -32.836273461752597 ], [ 20.340548559122801, -32.836274377735997 ] ], [ [ 20.3405485591218, -32.836274377736999 ], [ 20.340554871243999, -32.835941716933398 ] ], [ [ 20.340554871243, -32.8359417169344 ], [ 20.340553786242999, -32.8359426040345 ] ], [ [ 20.340553786242001, -32.835942604035502 ], [ 20.340547508330701, -32.836273461751603 ] ], [ [ 20.340553786242001, -32.835942604035502 ], [ 20.340554871243999, -32.835941716933398 ] ], [ [ 20.340554871243, -32.8359417169344 ], [ 20.3397870264867, -32.8359313306768 ] ], [ [ 20.339787026485698, -32.835931330677802 ], [ 20.339788077266899, -32.835932246667397 ] ], [ [ 20.339788077265901, -32.835932246668399 ], [ 20.340553786242999, -32.8359426040345 ] ], [ [ 20.339788077265901, -32.835932246668399 ], [ 20.3397870264867, -32.8359313306768 ] ], [ [ 20.339787026485698, -32.835931330677802 ], [ 20.339780711503899, -32.836263991404799 ] ], [ [ 20.3397807115029, -32.836263991405801 ], [ 20.339781796516402, -32.836263104310603 ] ], [ [ 20.3397817965154, -32.836263104311598 ], [ 20.339788077266899, -32.835932246667397 ] ] ] } },
{ "type": "Feature", "properties": { "name": "Polyline [99AE]:0" }, "geometry": { "type": "MultiLineString", "coordinates": [ [ [ 20.340554980218499, -32.835964121100801 ], [ 20.3405554137445, -32.8359412733829 ] ] ] } },
{ "type": "Feature", "properties": { "name": "Polyline [9970]:0" }, "geometry": { "type": "MultiLineString", "coordinates": [ [ [ 20.339520135515301, -32.8358866887529 ], [ 20.340545313658598, -32.835900556963097 ] ], [ [ 20.3405453136576, -32.835900556964098 ], [ 20.3404927743005, -32.835854757733301 ] ], [ [ 20.340492774299499, -32.835854757734303 ], [ 20.339574386011801, -32.835842334139599 ] ], [ [ 20.339574386010799, -32.835842334140601 ], [ 20.339520135516299, -32.835886688751899 ] ] ] } },
{ "type": "Feature", "properties": { "name": "Polyline [996F]:0" }, "geometry": { "type": "MultiLineString", "coordinates": [ [ [ 20.338666182938699, -32.8358661126613 ], [ 20.3395309856197, -32.835877817831403 ] ], [ [ 20.339530985618701, -32.835877817832397 ], [ 20.339520135516299, -32.835886688751899 ] ], [ [ 20.339520135515301, -32.8358866887529 ], [ 20.3386660120354, -32.835875109659703 ] ], [ [ 20.338666012034398, -32.835875109660698 ], [ 20.338666182939701, -32.835866112660298 ] ] ] } },
{ "type": "Feature", "properties": { "name": "Circle [995B]:0" }, "geometry": { "type": "MultiLineString", "coordinates": [ [ [ 20.340702120802401, -32.836077291208198 ], [ 20.340693437109799, -32.836034142499102 ], [ 20.3406677962926, -32.835996103313597 ], [ 20.340628291024998, -32.835967761729897 ], [ 20.340579686221801, -32.835952536150799 ], [ 20.340527844320899, -32.835952262998802 ], [ 20.340479018195801, -32.8359669752193 ], [ 20.340439096978201, -32.835994898307803 ], [ 20.3404128957513, -32.836032664337701 ], [ 20.3404035747817, -32.836075718177497 ] ], [ [ 20.340403574772701, -32.8360757181865 ], [ 20.340412258330399, -32.836118866911697 ], [ 20.3404378990741, -32.836156906145902 ], [ 20.340477404364801, -32.8361852477871 ], [ 20.340526009277902, -32.836200473404801 ], [ 20.340577851325101, -32.836200746557402 ], [ 20.340626677565201, -32.836186034298301 ], [ 20.340666598813801, -32.836158111149103 ], [ 20.340692799974001, -32.836120345064003 ], [ 20.3407021208114, -32.836077291199203 ] ] ] } },
{ "type": "Feature", "properties": { "name": "Polyline [995A]:0" }, "geometry": { "type": "MultiLineString", "coordinates": [ [ [ 20.340427075461299, -32.835939537743897 ], [ 20.3407154070152, -32.835943436938798 ] ], [ [ 20.340715407014201, -32.8359434369398 ], [ 20.340710278629, -32.836213738565696 ] ], [ [ 20.340710278627999, -32.836213738566698 ], [ 20.340421946203001, -32.836209839346999 ] ], [ [ 20.340421946202, -32.836209839348001 ], [ 20.340427075462301, -32.835939537742902 ] ] ] } },
{ "type": "Feature", "properties": { "name": "Polyline [9958]:0" }, "geometry": { "type": "MultiLineString", "coordinates": [ [ [ 20.338665241040001, -32.835915697482299 ], [ 20.339573177959501, -32.835927926641503 ] ], [ [ 20.339573177958499, -32.835927926642498 ], [ 20.339571805012898, -32.836000241919002 ] ], [ [ 20.3395718050119, -32.836000241919997 ], [ 20.339785158099598, -32.836003128680403 ] ], [ [ 20.3397851580986, -32.836003128681398 ], [ 20.3397839339729, -32.8360661040536 ] ], [ [ 20.339783933971901, -32.836066104054602 ], [ 20.338662672218501, -32.836050928809101 ] ], [ [ 20.338662672217499, -32.836050928810103 ], [ 20.338665241040999, -32.835915697481298 ] ] ] } },
{ "type": "Feature", "properties": { "name": "Polyline [994E]:0" }, "geometry": { "type": "MultiLineString", "coordinates": [ [ [ 20.3395769534396, -32.835707102771899 ], [ 20.340495340003098, -32.835719543981703 ] ], [ [ 20.3404953400021, -32.835719543982698 ], [ 20.3404927743005, -32.835854757733301 ] ], [ [ 20.340492774299499, -32.835854757734303 ], [ 20.339574386011801, -32.835842334139599 ] ], [ [ 20.339574386010799, -32.835842334140601 ], [ 20.339576953440599, -32.835707102770897 ] ] ] } },
{ "type": "Feature", "properties": { "name": "Polyline [994D]:0" }, "geometry": { "type": "MultiLineString", "coordinates": [ [ [ 20.3407161767269, -32.835902867516602 ], [ 20.340545313658598, -32.835900556963097 ] ], [ [ 20.3405453136576, -32.835900556964098 ], [ 20.3405347970557, -32.8358913970009 ] ], [ [ 20.340534797054701, -32.835891397001902 ], [ 20.340716347775, -32.835893852088198 ] ], [ [ 20.340716347773999, -32.8358938520892 ], [ 20.340716176727899, -32.8359028675156 ] ] ] } },
{ "type": "Feature", "properties": { "name": "Polyline [994C]:0" }, "geometry": { "type": "MultiLineString", "coordinates": [ [ [ 20.338666011684499, -32.835875128083302 ], [ 20.340716176727899, -32.8359028675156 ] ], [ [ 20.3407161767269, -32.835902867516602 ], [ 20.3407154070152, -32.835943436938798 ] ], [ [ 20.340715407014201, -32.8359434369398 ], [ 20.338665241040999, -32.835915697481298 ] ], [ [ 20.338665241040001, -32.835915697482299 ], [ 20.3386660116855, -32.8358751280823 ] ] ] } },
{ "type": "Feature", "properties": { "name": "Polyline [965C]:0" }, "geometry": { "type": "MultiLineString", "coordinates": [ [ [ 20.3574287923188, -32.834725412320502 ], [ 20.357428959437598, -32.834726302873499 ] ], [ [ 20.3574289594366, -32.8347263028745 ], [ 20.357588055230401, -32.834705023885597 ] ], [ [ 20.3575880552294, -32.834705023886599 ], [ 20.357587888111102, -32.834704133331698 ] ], [ [ 20.3575878881101, -32.8347041333327 ], [ 20.357428792319801, -32.8347254123195 ] ] ] } },
{ "type": "Feature", "properties": { "name": "Polyline [9647]:0" }, "geometry": { "type": "MultiLineString", "coordinates": [ [ [ 20.357588138789101, -32.834705469163502 ], [ 20.3575956591622, -32.834745544084598 ] ] ] } },
{ "type": "Feature", "properties": { "name": "Polyline [9646]:0" }, "geometry": { "type": "MultiLineString", "coordinates": [ [ [ 20.355562983992701, -32.834976316773997 ], [ 20.355572174471199, -32.835025297366499 ] ] ] } },
{ "type": "Feature", "properties": { "name": "Polyline [960D]:0" }, "geometry": { "type": "MultiLineString", "coordinates": [ [ [ 20.356609348767801, -32.834499068789 ], [ 20.356610570740202, -32.834499818263097 ] ], [ [ 20.3566105707392, -32.834499818264099 ], [ 20.357366934455801, -32.8343986578544 ] ], [ [ 20.357366934454799, -32.834398657855402 ], [ 20.357367822199201, -32.834397626213899 ] ], [ [ 20.357367822198199, -32.834397626214901 ], [ 20.356609348768799, -32.834499068787999 ] ], [ [ 20.357367822198199, -32.834397626214901 ], [ 20.357366934455801, -32.8343986578544 ] ], [ [ 20.357366934454799, -32.834398657855402 ], [ 20.357428264888, -32.8347254828629 ] ], [ [ 20.357428264887002, -32.834725482863902 ], [ 20.357429486869499, -32.834726232330098 ] ], [ [ 20.357429486868501, -32.8347262323311 ], [ 20.357367822199201, -32.834397626213899 ] ], [ [ 20.357429486868501, -32.8347262323311 ], [ 20.357428264888, -32.8347254828629 ] ], [ [ 20.357428264887002, -32.834725482863902 ], [ 20.356671898457801, -32.8348266436034 ] ], [ [ 20.356671898456799, -32.834826643604401 ], [ 20.356671010702101, -32.834827675238699 ] ], [ [ 20.356671010701099, -32.834827675239701 ], [ 20.357429486869499, -32.834726232330098 ] ], [ [ 20.356671010701099, -32.834827675239701 ], [ 20.356671898457801, -32.8348266436034 ] ], [ [ 20.356671898456799, -32.834826643604401 ], [ 20.356610570740202, -32.834499818263097 ] ], [ [ 20.3566105707392, -32.834499818264099 ], [ 20.356609348768799, -32.834499068787999 ] ], [ [ 20.356609348767801, -32.834499068789 ], [ 20.356671010702101, -32.834827675238699 ] ] ] } },
{ "type": "Feature", "properties": { "name": "Polyline [9603]:0" }, "geometry": { "type": "MultiLineString", "coordinates": [ [ [ 20.357425862609599, -32.834704037832601 ], [ 20.357430097860199, -32.8347266070637 ] ] ] } },
{ "type": "Feature", "properties": { "name": "Polyline [95C5]:0" }, "geometry": { "type": "MultiLineString", "coordinates": [ [ [ 20.3564142097533, -32.834903557304798 ], [ 20.357426880919999, -32.834768118087901 ] ], [ [ 20.357426880919, -32.834768118088903 ], [ 20.357382493570899, -32.834819700120804 ] ], [ [ 20.357382493569901, -32.834819700121798 ], [ 20.356475308541299, -32.834941031139302 ] ], [ [ 20.356475308540301, -32.834941031140303 ], [ 20.356414209754298, -32.834903557303797 ] ] ] } },
{ "type": "Feature", "properties": { "name": "Polyline [95C4]:0" }, "geometry": { "type": "MultiLineString", "coordinates": [ [ [ 20.355572174470201, -32.835025297367501 ], [ 20.356426429507501, -32.834911052073203 ] ], [ [ 20.356426429506499, -32.834911052074197 ], [ 20.356414209754298, -32.834903557303797 ] ], [ [ 20.3564142097533, -32.834903557304798 ], [ 20.355570506889201, -32.835016410002197 ] ], [ [ 20.355570506888199, -32.835016410003199 ], [ 20.355572174471199, -32.835025297366499 ] ] ] } },
{ "type": "Feature", "properties": { "name": "Circle [95B0]:0" }, "geometry": { "type": "MultiLineString", "coordinates": [ [ [ 20.3575543012666, -32.8345937902508 ], [ 20.3575456095334, -32.834550642600902 ], [ 20.357519961884499, -32.834512606774602 ], [ 20.357480451818098, -32.834484270445103 ], [ 20.357431844827701, -32.834469051381397 ], [ 20.357380003614999, -32.834468785220103 ], [ 20.357331180970601, -32.834483504063499 ], [ 20.3572912656063, -32.834511432608203 ], [ 20.357265071899398, -32.8345492022695 ], [ 20.357255759209401, -32.8345922574781 ] ], [ [ 20.357255759200399, -32.834592257487103 ], [ 20.357264450798699, -32.8346354051532 ], [ 20.357290098374101, -32.834673441028102 ], [ 20.3573296084638, -32.834701777415098 ], [ 20.3573782155642, -32.834716996517301 ], [ 20.3574300569231, -32.834717262679199 ], [ 20.3574788796825, -32.8347025437971 ], [ 20.357518795077599, -32.834674615191801 ], [ 20.357544988717802, -32.834636845475202 ], [ 20.357554301275599, -32.834593790241797 ] ] ] } },
{ "type": "Feature", "properties": { "name": "Polyline [95AF]:0" }, "geometry": { "type": "MultiLineString", "coordinates": [ [ [ 20.357303325583501, -32.834743562645997 ], [ 20.357588138790099, -32.8347054691625 ] ], [ [ 20.357588138789101, -32.834705469163502 ], [ 20.357538033020202, -32.834438462221797 ] ], [ [ 20.3575380330192, -32.834438462222799 ], [ 20.3572532206496, -32.834476555602201 ] ], [ [ 20.357253220648602, -32.834476555603203 ], [ 20.3573033255845, -32.834743562645002 ] ] ] } },
{ "type": "Feature", "properties": { "name": "Polyline [95AD]:0" }, "geometry": { "type": "MultiLineString", "coordinates": [ [ [ 20.355562983992701, -32.834976316773997 ], [ 20.3564598560754, -32.834856432270897 ] ], [ [ 20.356459856074402, -32.834856432271899 ], [ 20.356446451856598, -32.834784998310603 ] ], [ [ 20.3564464518556, -32.834784998311598 ], [ 20.356657201795201, -32.8347568122756 ] ], [ [ 20.356657201794199, -32.834756812276602 ], [ 20.356645500309799, -32.834694607813397 ] ], [ [ 20.356645500308801, -32.834694607814399 ], [ 20.355537919103998, -32.834842733331399 ] ], [ [ 20.355537919103, -32.834842733332401 ], [ 20.3555629839937, -32.834976316773002 ] ] ] } },
{ "type": "Feature", "properties": { "name": "Polyline [95A3]:0" }, "geometry": { "type": "MultiLineString", "coordinates": [ [ [ 20.356500374862101, -32.835074614409798 ], [ 20.357407557951099, -32.834953265789402 ] ], [ [ 20.357407557950101, -32.834953265790404 ], [ 20.357382493570899, -32.834819700120804 ] ], [ [ 20.357382493569901, -32.834819700121798 ], [ 20.356475308541299, -32.834941031139302 ] ], [ [ 20.356475308540301, -32.834941031140303 ], [ 20.356500374863099, -32.835074614408803 ] ] ] } },
{ "type": "Feature", "properties": { "name": "Polyline [95A2]:0" }, "geometry": { "type": "MultiLineString", "coordinates": [ [ [ 20.357595659161198, -32.8347455440856 ], [ 20.357426880919999, -32.834768118087901 ] ], [ [ 20.357426880919, -32.834768118088903 ], [ 20.357417994833799, -32.834778435648801 ] ], [ [ 20.357417994832801, -32.834778435649802 ], [ 20.357597330356899, -32.8347544496228 ] ], [ [ 20.357597330355901, -32.834754449623802 ], [ 20.3575956591622, -32.834745544084598 ] ] ] } },
{ "type": "Feature", "properties": { "name": "Polyline [95A1]:0" }, "geometry": { "type": "MultiLineString", "coordinates": [ [ [ 20.355570503473601, -32.835016391805098 ], [ 20.3575956591622, -32.834745544084598 ] ], [ [ 20.357595659161198, -32.8347455440856 ], [ 20.357588138790099, -32.8347054691625 ] ], [ [ 20.357588138789101, -32.834705469163502 ], [ 20.3555629839937, -32.834976316773002 ] ], [ [ 20.355562983992701, -32.834976316773997 ], [ 20.355570503474599, -32.835016391804103 ] ] ] } },
{ "type": "Feature", "properties": { "name": "Polyline [92B1]:0" }, "geometry": { "type": "MultiLineString", "coordinates": [ [ [ 20.361268269696001, -32.832144184345303 ], [ 20.361268876635599, -32.832144926250599 ] ], [ [ 20.3612688766347, -32.832144926251601 ], [ 20.361401412808998, -32.832067643202997 ] ], [ [ 20.361401412808, -32.832067643203999 ], [ 20.361400805869799, -32.832066901297402 ] ], [ [ 20.361400805868801, -32.832066901298397 ], [ 20.361268269697, -32.832144184344301 ] ] ] } },
{ "type": "Feature", "properties": { "name": "Polyline [929C]:0" }, "geometry": { "type": "MultiLineString", "coordinates": [ [ [ 20.361400502399199, -32.8320665303456 ], [ 20.361373190145901, -32.832033144588898 ] ] ] } },
{ "type": "Feature", "properties": { "name": "Polyline [929B]:0" }, "geometry": { "type": "MultiLineString", "coordinates": [ [ [ 20.359713416559799, -32.833050264730602 ], [ 20.359680035338499, -32.833009459477701 ] ] ] } },
{ "type": "Feature", "properties": { "name": "Polyline [9262]:0" }, "geometry": { "type": "MultiLineString", "coordinates": [ [ [ 20.360861077549, -32.832784869314303 ], [ 20.360860805716602, -32.8327861236329 ] ], [ [ 20.3608608057156, -32.832786123633902 ], [ 20.361492664429601, -32.832417684394201 ] ], [ [ 20.361492664428599, -32.832417684395203 ], [ 20.361491178721501, -32.832417454904999 ] ], [ [ 20.361491178720499, -32.832417454906 ], [ 20.360861077549998, -32.832784869313301 ] ], [ [ 20.361491178720499, -32.832417454906 ], [ 20.361492664429601, -32.832417684394201 ] ], [ [ 20.361492664428599, -32.832417684395203 ], [ 20.361268709079201, -32.8321439281371 ] ], [ [ 20.3612687090782, -32.832143928138102 ], [ 20.3612684372535, -32.832145182457801 ] ], [ [ 20.361268437252502, -32.832145182458802 ], [ 20.361491178721501, -32.832417454904999 ] ], [ [ 20.361268437252502, -32.832145182458802 ], [ 20.361268709079201, -32.8321439281371 ] ], [ [ 20.3612687090782, -32.832143928138102 ], [ 20.360636851419301, -32.832512366273697 ] ], [ [ 20.360636851418299, -32.832512366274699 ], [ 20.360638337126499, -32.832512595772997 ] ], [ [ 20.360638337125501, -32.832512595773998 ], [ 20.3612684372535, -32.832145182457801 ] ], [ [ 20.360638337125501, -32.832512595773998 ], [ 20.360636851419301, -32.832512366273697 ] ], [ [ 20.360636851418299, -32.832512366274699 ], [ 20.360860805716602, -32.8327861236329 ] ], [ [ 20.3608608057156, -32.832786123633902 ], [ 20.360861077549998, -32.832784869313301 ] ], [ [ 20.360861077549, -32.832784869314303 ], [ 20.360638337126499, -32.832512595772997 ] ] ] } },
{ "type": "Feature", "properties": { "name": "Polyline [9258]:0" }, "geometry": { "type": "MultiLineString", "coordinates": [ [ [ 20.361284226586001, -32.832162103041099 ], [ 20.361268844992001, -32.832143300976703 ] ] ] } },
{ "type": "Feature", "properties": { "name": "Polyline [921A]:0" }, "geometry": { "type": "MultiLineString", "coordinates": [ [ [ 20.360388969783902, -32.832607045718099 ], [ 20.3612325880082, -32.832115130951003 ] ], [ [ 20.361232588007201, -32.832115130951998 ], [ 20.3611583029037, -32.832103656321301 ] ], [ [ 20.361158302902702, -32.832103656322303 ], [ 20.3604025617494, -32.832544329787403 ] ], [ [ 20.360402561748401, -32.832544329788398 ], [ 20.3603889697849, -32.832607045717097 ] ] ] } },
{ "type": "Feature", "properties": { "name": "Polyline [9219]:0" }, "geometry": { "type": "MultiLineString", "coordinates": [ [ [ 20.359680035337501, -32.833009459478703 ], [ 20.360391688179401, -32.8325945025314 ] ], [ [ 20.3603916881784, -32.832594502532402 ], [ 20.3603889697849, -32.832607045717097 ] ], [ [ 20.360388969783902, -32.832607045718099 ], [ 20.359686092246999, -32.833016863454503 ] ], [ [ 20.3596860922461, -32.833016863455498 ], [ 20.359680035338499, -32.833009459477701 ] ] ] } },
{ "type": "Feature", "properties": { "name": "Circle [9205]:0" }, "geometry": { "type": "MultiLineString", "coordinates": [ [ [ 20.361509153135199, -32.832255348409198 ], [ 20.361500459692699, -32.832212200997098 ], [ 20.361474810998502, -32.832174165954697 ], [ 20.361435300677101, -32.832145830860398 ], [ 20.361386694252602, -32.8321306133344 ], [ 20.361334854358699, -32.832130348827697 ], [ 20.361286033626602, -32.832145069243197 ], [ 20.361246120537601, -32.832172999087703 ], [ 20.361219929194601, -32.832210769619898 ], [ 20.361210618672001, -32.832253825165303 ] ], [ [ 20.361210618663002, -32.832253825174298 ], [ 20.3612193119707, -32.832296972602599 ], [ 20.361244960591399, -32.8323350076937 ], [ 20.361284470936099, -32.832363342845497 ], [ 20.361333077470501, -32.83237856041 ], [ 20.361384917510701, -32.8323788249172 ], [ 20.3614337383577, -32.832364104463103 ], [ 20.3614736514775, -32.832336174557902 ], [ 20.361499842753801, -32.832298403970398 ], [ 20.361509153144201, -32.832255348400203 ] ] ] } },
{ "type": "Feature", "properties": { "name": "Polyline [9204]:0" }, "geometry": { "type": "MultiLineString", "coordinates": [ [ [ 20.361163236094502, -32.832204882288003 ], [ 20.361400502400201, -32.832066530344598 ] ], [ [ 20.361400502399199, -32.8320665303456 ], [ 20.361582476099201, -32.832288969252701 ] ], [ [ 20.361582476098199, -32.832288969253703 ], [ 20.361345209473299, -32.832427321531299 ] ], [ [ 20.361345209472301, -32.8324273215323 ], [ 20.3611632360955, -32.832204882287002 ] ] ] } },
{ "type": "Feature", "properties": { "name": "Polyline [9202]:0" }, "geometry": { "type": "MultiLineString", "coordinates": [ [ [ 20.359713416559799, -32.833050264730602 ], [ 20.360460523388799, -32.832614562129301 ] ], [ [ 20.3604605233878, -32.832614562130303 ], [ 20.360509207397602, -32.832674072831999 ] ], [ [ 20.3605092073966, -32.832674072833001 ], [ 20.3606847760378, -32.832571699310897 ] ], [ [ 20.360684776036798, -32.832571699311899 ], [ 20.360727149042301, -32.832623537875797 ] ], [ [ 20.360727149041299, -32.832623537876799 ], [ 20.3598044564121, -32.8331615517355 ] ], [ [ 20.359804456411201, -32.833161551736502 ], [ 20.359713416560801, -32.8330502647296 ] ] ] } },
{ "type": "Feature", "properties": { "name": "Polyline [91F8]:0" }, "geometry": { "type": "MultiLineString", "coordinates": [ [ [ 20.3603115217599, -32.8324330432051 ], [ 20.361067274287699, -32.831992384801403 ] ], [ [ 20.3610672742867, -32.831992384802398 ], [ 20.3611583029037, -32.832103656321301 ] ], [ [ 20.361158302902702, -32.832103656322303 ], [ 20.3604025617494, -32.832544329787403 ] ], [ [ 20.360402561748401, -32.832544329788398 ], [ 20.360311521760899, -32.832433043204098 ] ] ] } },
{ "type": "Feature", "properties": { "name": "Polyline [91F7]:0" }, "geometry": { "type": "MultiLineString", "coordinates": [ [ [ 20.361373190144899, -32.8320331445899 ], [ 20.3612325880082, -32.832115130951003 ] ], [ [ 20.361232588007201, -32.832115130951998 ], [ 20.361217723804302, -32.832112840216098 ] ], [ [ 20.3612177238033, -32.8321128402171 ], [ 20.3613671207588, -32.832025725531302 ] ], [ [ 20.361367120757802, -32.832025725532297 ], [ 20.361373190145901, -32.832033144588898 ] ] ] } },
{ "type": "Feature", "properties": { "name": "Polyline [91F6]:0" }, "geometry": { "type": "MultiLineString", "coordinates": [ [ [ 20.3596861046484, -32.8330168786161 ], [ 20.361373190145901, -32.832033144588898 ] ], [ [ 20.361373190144899, -32.8320331445899 ], [ 20.361400502400201, -32.832066530344598 ] ], [ [ 20.361400502399199, -32.8320665303456 ], [ 20.359713416560801, -32.8330502647296 ] ], [ [ 20.359713416559799, -32.833050264730602 ], [ 20.359686104649398, -32.833016878615098 ] ] ] } },
{ "type": "Feature", "properties": { "name": "Polyline [8F06]:0" }, "geometry": { "type": "MultiLineString", "coordinates": [ [ [ 20.326660867716999, -32.860674961381797 ], [ 20.3266608372194, -32.860674060095299 ] ], [ [ 20.326660837218402, -32.860674060096301 ], [ 20.3264997766933, -32.860677942201399 ] ], [ [ 20.326499776692302, -32.8606779422024 ], [ 20.326499807190299, -32.860678843486902 ] ], [ [ 20.3264998071893, -32.860678843487896 ], [ 20.326660867718001, -32.860674961380802 ] ] ] } },
{ "type": "Feature", "properties": { "name": "Polyline [8EF1]:0" }, "geometry": { "type": "MultiLineString", "coordinates": [ [ [ 20.326499761443699, -32.860677491559599 ], [ 20.326498389078399, -32.860636933709699 ] ] ] } },
{ "type": "Feature", "properties": { "name": "Polyline [8EF0]:0" }, "geometry": { "type": "MultiLineString", "coordinates": [ [ [ 20.328549919368299, -32.860628060274799 ], [ 20.3285482408923, -32.860578489581897 ] ] ] } },
{ "type": "Feature", "properties": { "name": "Polyline [8EB7]:0" }, "geometry": { "type": "MultiLineString", "coordinates": [ [ [ 20.3274394016148, -32.8609881283923 ], [ 20.3274383032151, -32.860987252852901 ] ], [ [ 20.327438303214102, -32.860987252853903 ], [ 20.326672594421499, -32.861005711844598 ] ], [ [ 20.326672594420501, -32.8610057118456 ], [ 20.3266715570259, -32.861006638870599 ] ], [ [ 20.326671557024898, -32.861006638871601 ], [ 20.327439401615798, -32.860988128391298 ] ], [ [ 20.326671557024898, -32.861006638871601 ], [ 20.326672594421499, -32.861005711844598 ] ], [ [ 20.326672594420501, -32.8610057118456 ], [ 20.326661401663301, -32.860674948510599 ] ], [ [ 20.3266614016623, -32.860674948511601 ], [ 20.326660303274199, -32.860674072965601 ] ], [ [ 20.326660303273201, -32.860674072966603 ], [ 20.3266715570259, -32.861006638870599 ] ], [ [ 20.326660303273201, -32.860674072966603 ], [ 20.326661401663301, -32.860674948510599 ] ], [ [ 20.3266614016623, -32.860674948511601 ], [ 20.3274271076146, -32.860656489549697 ] ], [ [ 20.327427107613602, -32.860656489550699 ], [ 20.327428144998201, -32.860655562517202 ] ], [ [ 20.327428144997199, -32.860655562518197 ], [ 20.326660303274199, -32.860674072965601 ] ], [ [ 20.327428144997199, -32.860655562518197 ], [ 20.3274271076146, -32.860656489549697 ] ], [ [ 20.327427107613602, -32.860656489550699 ], [ 20.3274383032151, -32.860987252852901 ] ], [ [ 20.327438303214102, -32.860987252853903 ], [ 20.327439401615798, -32.860988128391298 ] ], [ [ 20.3274394016148, -32.8609881283923 ], [ 20.327428144998201, -32.860655562517202 ] ] ] } },
{ "type": "Feature", "properties": { "name": "Polyline [8EAD]:0" }, "geometry": { "type": "MultiLineString", "coordinates": [ [ [ 20.3266605270036, -32.860696476393201 ], [ 20.326659754079699, -32.860673635193002 ] ] ] } },
{ "type": "Feature", "properties": { "name": "Polyline [8E6F]:0" }, "geometry": { "type": "MultiLineString", "coordinates": [ [ [ 20.327694425566701, -32.860608100201603 ], [ 20.326669251468701, -32.860632815337702 ] ], [ [ 20.326669251467699, -32.860632815338697 ], [ 20.326721120999501, -32.860586464022902 ] ], [ [ 20.326721120998499, -32.860586464023903 ], [ 20.327639505665399, -32.860564323384303 ] ], [ [ 20.327639505664401, -32.860564323385297 ], [ 20.327694425567699, -32.860608100200601 ] ] ] } },
{ "type": "Feature", "properties": { "name": "Polyline [8E6E]:0" }, "geometry": { "type": "MultiLineString", "coordinates": [ [ [ 20.328548240891301, -32.860578489582899 ], [ 20.327683441582899, -32.860599344839201 ] ], [ [ 20.3276834415819, -32.860599344840203 ], [ 20.327694425567699, -32.860608100200601 ] ], [ [ 20.327694425566701, -32.860608100201603 ], [ 20.3285485454462, -32.860587484017699 ] ], [ [ 20.328548545445202, -32.860587484018701 ], [ 20.3285482408923, -32.860578489581897 ] ] ] } },
{ "type": "Feature", "properties": { "name": "Circle [8E5A]:0" }, "geometry": { "type": "MultiLineString", "coordinates": [ [ [ 20.326813642889402, -32.8608096315387 ], [ 20.3268049637432, -32.860766482091002 ], [ 20.326779321980101, -32.860728440193803 ], [ 20.326739810388499, -32.860700094252302 ], [ 20.3266911946458, -32.860684863194898 ], [ 20.326639338509601, -32.860684584104902 ], [ 20.326590496570201, -32.860699290644 ], [ 20.3265505598667, -32.860727208992799 ], [ 20.326524345350201, -32.860764971796399 ], [ 20.326515014890202, -32.860808024312597 ] ], [ [ 20.326515014881199, -32.860808024321599 ], [ 20.326523693892302, -32.860851173785299 ], [ 20.326549335581699, -32.860889215731298 ], [ 20.326588847196401, -32.860917561730403 ], [ 20.326637463049099, -32.860932792826297 ], [ 20.326689319331699, -32.860933071917003 ], [ 20.326738161386299, -32.860918365339302 ], [ 20.326778098120801, -32.860890446929801 ], [ 20.326804312570701, -32.860852684070899 ], [ 20.326813642898401, -32.860809631529698 ] ] ] } },
{ "type": "Feature", "properties": { "name": "Polyline [8E59]:0" }, "geometry": { "type": "MultiLineString", "coordinates": [ [ [ 20.326788091851899, -32.860670541669897 ], [ 20.326499761444701, -32.860677491558597 ] ], [ [ 20.326499761443699, -32.860677491559599 ], [ 20.326508905124101, -32.860947716069603 ] ], [ [ 20.326508905123099, -32.860947716070598 ], [ 20.326797236406598, -32.860940766170401 ] ], [ [ 20.3267972364056, -32.860940766171403 ], [ 20.326788091852901, -32.860670541668902 ] ] ] } },
{ "type": "Feature", "properties": { "name": "Polyline [8E57]:0" }, "geometry": { "type": "MultiLineString", "coordinates": [ [ [ 20.328549919368299, -32.860628060274799 ], [ 20.327641985103298, -32.860649895895698 ] ], [ [ 20.3276419851023, -32.860649895896699 ], [ 20.327644432285499, -32.860722190556103 ] ], [ [ 20.327644432284501, -32.860722190557098 ], [ 20.327431080036199, -32.860727334700201 ] ], [ [ 20.3274310800352, -32.860727334701203 ], [ 20.327433239660301, -32.860790291813601 ] ], [ [ 20.3274332396593, -32.860790291814602 ], [ 20.328554497040699, -32.860763253067901 ] ], [ [ 20.328554497039701, -32.860763253068903 ], [ 20.328549919369301, -32.860628060273797 ] ] ] } },
{ "type": "Feature", "properties": { "name": "Polyline [8E4D]:0" }, "geometry": { "type": "MultiLineString", "coordinates": [ [ [ 20.327634929386399, -32.860429130571497 ], [ 20.326716546712099, -32.860451288842299 ] ], [ [ 20.326716546711101, -32.860451288843301 ], [ 20.326721120999501, -32.860586464022902 ] ], [ [ 20.326721120998499, -32.860586464023903 ], [ 20.327639505665399, -32.860564323384303 ] ], [ [ 20.327639505664401, -32.860564323385297 ], [ 20.327634929387401, -32.860429130570502 ] ] ] } },
{ "type": "Feature", "properties": { "name": "Polyline [8E4C]:0" }, "geometry": { "type": "MultiLineString", "coordinates": [ [ [ 20.3264983890774, -32.860636933710701 ], [ 20.326669251468701, -32.860632815337702 ] ], [ [ 20.326669251467699, -32.860632815338697 ], [ 20.3266796341061, -32.860623544866201 ] ], [ [ 20.326679634105101, -32.860623544867202 ], [ 20.326498084108302, -32.860627920854398 ] ], [ [ 20.3264980841073, -32.8606279208554 ], [ 20.326498389078399, -32.860636933709699 ] ] ] } },
{ "type": "Feature", "properties": { "name": "Polyline [8E4B]:0" }, "geometry": { "type": "MultiLineString", "coordinates": [ [ [ 20.328548546068799, -32.860587502435997 ], [ 20.326498389078399, -32.860636933709699 ] ], [ [ 20.3264983890774, -32.860636933710701 ], [ 20.326499761444701, -32.860677491558597 ] ], [ [ 20.326499761443699, -32.860677491559599 ], [ 20.328549919369301, -32.860628060273797 ] ], [ [ 20.328549919368299, -32.860628060274799 ], [ 20.328548546069801, -32.860587502435003 ] ] ] } },
{ "type": "Feature", "properties": { "name": "Polyline [8B5B]:0" }, "geometry": { "type": "MultiLineString", "coordinates": [ [ [ 20.322725093068701, -32.862458463237203 ], [ 20.322724175803199, -32.8624580009852 ] ], [ [ 20.3227241758022, -32.862458000986202 ], [ 20.3226415693428, -32.8625747584626 ] ], [ [ 20.322641569341901, -32.862574758463602 ], [ 20.32264248661, -32.862575220714298 ] ], [ [ 20.322642486608999, -32.8625752207153 ], [ 20.3227250930697, -32.862458463236202 ] ] ] } },
{ "type": "Feature", "properties": { "name": "Polyline [8B46]:0" }, "geometry": { "type": "MultiLineString", "coordinates": [ [ [ 20.3226411107083, -32.862574527337799 ], [ 20.322599833695399, -32.862553726005103 ] ] ] } },
{ "type": "Feature", "properties": { "name": "Polyline [8B45]:0" }, "geometry": { "type": "MultiLineString", "coordinates": [ [ [ 20.3236926019332, -32.861088303001601 ], [ 20.3236421527792, -32.861062879574 ] ] ] } },
{ "type": "Feature", "properties": { "name": "Polyline [8B0C]:0" }, "geometry": { "type": "MultiLineString", "coordinates": [ [ [ 20.3234561800314, -32.862072321048501 ], [ 20.323454715064202, -32.862072632950301 ] ], [ [ 20.3234547150632, -32.862072632951303 ], [ 20.323061995769699, -32.8626277175225 ] ], [ [ 20.3230619957687, -32.862627717523502 ], [ 20.323062365331101, -32.862628953917699 ] ], [ [ 20.323062365330099, -32.862628953918801 ], [ 20.323456180032402, -32.862072321047499 ] ], [ [ 20.323062365330099, -32.862628953918801 ], [ 20.323061995769699, -32.8626277175225 ] ], [ [ 20.3230619957687, -32.862627717523502 ], [ 20.3227253669249, -32.862458076163698 ] ], [ [ 20.322725366923901, -32.8624580761647 ], [ 20.322723901947999, -32.862458388057803 ] ], [ [ 20.322723901947001, -32.862458388058798 ], [ 20.323062365331101, -32.862628953917699 ] ], [ [ 20.322723901947001, -32.862458388058798 ], [ 20.3227253669249, -32.862458076163698 ] ], [ [ 20.322725366923901, -32.8624580761647 ], [ 20.323118087530101, -32.861902992650798 ] ], [ [ 20.3231180875291, -32.8619029926518 ], [ 20.323117717970799, -32.861901756255598 ] ], [ [ 20.323117717969801, -32.8619017562566 ], [ 20.322723901947999, -32.862458388057803 ] ], [ [ 20.323117717969801, -32.8619017562566 ], [ 20.323118087530101, -32.861902992650798 ] ], [ [ 20.3231180875291, -32.8619029926518 ], [ 20.323454715064202, -32.862072632950301 ] ], [ [ 20.3234547150632, -32.862072632951303 ], [ 20.323456180032402, -32.862072321047499 ] ], [ [ 20.3234561800314, -32.862072321048501 ], [ 20.323117717970799, -32.861901756255598 ] ] ] } },
{ "type": "Feature", "properties": { "name": "Polyline [8B02]:0" }, "geometry": { "type": "MultiLineString", "coordinates": [ [ [ 20.322746415664199, -32.862470258791603 ], [ 20.322723169459501, -32.862458544004802 ] ] ] } },
{ "type": "Feature", "properties": { "name": "Polyline [8ADD]:0" }, "geometry": { "type": "MultiLineString", "coordinates": [ [ [ 20.322837855172398, -32.862516339111203 ], [ 20.322883663901202, -32.862539424064899 ] ] ] } },
{ "type": "Feature", "properties": { "name": "Polyline [8AC4]:0" }, "geometry": { "type": "MultiLineString", "coordinates": [ [ [ 20.323213265247102, -32.861686682445601 ], [ 20.322687467511301, -32.862429862840301 ] ], [ [ 20.322687467510299, -32.862429862841303 ], [ 20.3226689897547, -32.862368043023302 ] ], [ [ 20.322668989753701, -32.862368043024297 ], [ 20.323140017108098, -32.861702277425302 ] ], [ [ 20.3231400171071, -32.861702277426303 ], [ 20.3232132652481, -32.861686682444599 ] ] ] } },
{ "type": "Feature", "properties": { "name": "Polyline [8AC3]:0" }, "geometry": { "type": "MultiLineString", "coordinates": [ [ [ 20.323642152778199, -32.861062879575002 ], [ 20.323198615622101, -32.8616898014442 ] ], [ [ 20.323198615621099, -32.861689801445202 ], [ 20.3232132652481, -32.861686682444599 ] ], [ [ 20.323213265247102, -32.861686682445601 ], [ 20.323651306607001, -32.861067492571003 ] ], [ [ 20.323651306605999, -32.861067492571998 ], [ 20.3236421527792, -32.861062879574 ] ] ] } },
{ "type": "Feature", "properties": { "name": "Circle [8AAF]:0" }, "geometry": { "type": "MultiLineString", "coordinates": [ [ [ 20.323010076303401, -32.862528689686599 ], [ 20.323001398851599, -32.862485540008599 ], [ 20.3229757582452, -32.862447497356797 ], [ 20.3229362471332, -32.862419150227602 ], [ 20.322887631135199, -32.862403917692603 ], [ 20.322835774039401, -32.862403637013202 ], [ 20.322786930551899, -32.862418342042801 ], [ 20.3227469918987, -32.8624462591442 ], [ 20.3227207752658, -32.862484021112898 ], [ 20.3227114427781, -32.862527073307298 ] ], [ [ 20.322711442769101, -32.862527073316301 ], [ 20.322720120085801, -32.862570223010401 ], [ 20.3227457606184, -32.862608265710897 ], [ 20.322785271753499, -32.862636612897703 ], [ 20.322833887861499, -32.862651845471397 ], [ 20.3228857451038, -32.862652126151502 ], [ 20.322934588706499, -32.862637421083299 ], [ 20.322974527390802, -32.862609503921199 ], [ 20.323000743957, -32.862571741897099 ], [ 20.3230100763124, -32.862528689677603 ] ] ] } },
{ "type": "Feature", "properties": { "name": "Polyline [8AAE]:0" }, "geometry": { "type": "MultiLineString", "coordinates": [ [ [ 20.322788992569599, -32.862365508159399 ], [ 20.322641110709299, -32.862574527336797 ] ], [ [ 20.3226411107083, -32.862574527337799 ], [ 20.3229161272988, -32.8627131198919 ] ], [ [ 20.322916127297798, -32.862713119892902 ], [ 20.323064008757001, -32.862504100387703 ] ], [ [ 20.323064008755999, -32.862504100388698 ], [ 20.322788992570601, -32.862365508158398 ] ] ] } },
{ "type": "Feature", "properties": { "name": "Polyline [8AAC]:0" }, "geometry": { "type": "MultiLineString", "coordinates": [ [ [ 20.3236926019332, -32.861088303001601 ], [ 20.323226882431801, -32.861746462552603 ] ], [ [ 20.323226882430799, -32.861746462553597 ], [ 20.323300458640698, -32.861783540704302 ] ], [ [ 20.3233004586397, -32.861783540705297 ], [ 20.323191034077698, -32.861938206444101 ] ], [ [ 20.3231910340767, -32.861938206445103 ], [ 20.3232551227279, -32.861970475207997 ] ], [ [ 20.323255122726898, -32.861970475208999 ], [ 20.3238301906865, -32.861157639516598 ] ], [ [ 20.323830190685499, -32.8611576395176 ], [ 20.323692601934201, -32.861088303000599 ] ] ] } },
{ "type": "Feature", "properties": { "name": "Polyline [8AA2]:0" }, "geometry": { "type": "MultiLineString", "coordinates": [ [ [ 20.323002428072499, -32.861632940153299 ], [ 20.3225314180388, -32.862298714282502 ] ], [ [ 20.322531418037801, -32.862298714283497 ], [ 20.3226689897547, -32.862368043023302 ] ], [ [ 20.322668989753701, -32.862368043024297 ], [ 20.323140017108098, -32.861702277425302 ] ], [ [ 20.3231400171071, -32.861702277426303 ], [ 20.323002428073501, -32.861632940152298 ] ] ] } },
{ "type": "Feature", "properties": { "name": "Polyline [8AA1]:0" }, "geometry": { "type": "MultiLineString", "coordinates": [ [ [ 20.322599833694401, -32.862553726006098 ], [ 20.322687467511301, -32.862429862840301 ] ], [ [ 20.322687467510299, -32.862429862841303 ], [ 20.322683776433902, -32.862417492550698 ] ], [ [ 20.3226837764329, -32.8624174925517 ], [ 20.322590661028201, -32.862549103485101 ] ], [ [ 20.322590661027199, -32.862549103486103 ], [ 20.322599833695399, -32.862553726005103 ] ] ] } },
{ "type": "Feature", "properties": { "name": "Polyline [8AA0]:0" }, "geometry": { "type": "MultiLineString", "coordinates": [ [ [ 20.323651325349701, -32.861067502017697 ], [ 20.322599833695399, -32.862553726005103 ] ], [ [ 20.322599833694401, -32.862553726006098 ], [ 20.322641110709299, -32.862574527336797 ] ], [ [ 20.3226411107083, -32.862574527337799 ], [ 20.323692601934201, -32.861088303000599 ] ], [ [ 20.3236926019332, -32.861088303001601 ], [ 20.323651325350699, -32.861067502016702 ] ] ] } },
{ "type": "Feature", "properties": { "name": "Polyline [87B0]:0" }, "geometry": { "type": "MultiLineString", "coordinates": [ [ [ 20.2973685780956, -32.862896072870299 ], [ 20.297367672703899, -32.862896551503503 ] ], [ [ 20.297367672702901, -32.862896551504498 ], [ 20.297453207345001, -32.863011797012497 ] ], [ [ 20.297453207343999, -32.863011797013499 ], [ 20.2974541127384, -32.863011318377701 ] ], [ [ 20.297454112737402, -32.863011318378703 ], [ 20.297368578096599, -32.862896072869297 ] ] ] } },
{ "type": "Feature", "properties": { "name": "Polyline [879B]:0" }, "geometry": { "type": "MultiLineString", "coordinates": [ [ [ 20.297452754647299, -32.863012036331 ], [ 20.2974120119346, -32.863033574891901 ] ] ] } },
{ "type": "Feature", "properties": { "name": "Polyline [879A]:0" }, "geometry": { "type": "MultiLineString", "coordinates": [ [ [ 20.296363990362298, -32.861545058158498 ], [ 20.2963141942252, -32.8615713826442 ] ] ] } },
{ "type": "Feature", "properties": { "name": "Polyline [8761]:0" }, "geometry": { "type": "MultiLineString", "coordinates": [ [ [ 20.297294259888002, -32.8621708990025 ], [ 20.297293921623599, -32.862172141755899 ] ], [ [ 20.2972939216226, -32.862172141757 ], [ 20.2977005645151, -32.8627200360621 ] ], [ [ 20.297700564514098, -32.862720036063102 ], [ 20.297702037031399, -32.862720321544202 ] ], [ [ 20.297702037030401, -32.862720321545197 ], [ 20.297294259889, -32.862170899001498 ] ], [ [ 20.297702037030401, -32.862720321545197 ], [ 20.2977005645151, -32.8627200360621 ] ], [ [ 20.297700564514098, -32.862720036063102 ], [ 20.2973682945339, -32.862895690809097 ] ], [ [ 20.297368294532902, -32.862895690810099 ], [ 20.297367956266601, -32.862896933563597 ] ], [ [ 20.2973679562656, -32.862896933564599 ], [ 20.297702037031399, -32.862720321544202 ] ], [ [ 20.2973679562656, -32.862896933564599 ], [ 20.2973682945339, -32.862895690809097 ] ], [ [ 20.297368294532902, -32.862895690810099 ], [ 20.2969616529248, -32.862347795455001 ] ], [ [ 20.296961652923802, -32.862347795456003 ], [ 20.296960180417202, -32.862347509964302 ] ], [ [ 20.2969601804162, -32.862347509965304 ], [ 20.297367956266601, -32.862896933563597 ] ], [ [ 20.2969601804162, -32.862347509965304 ], [ 20.2969616529248, -32.862347795455001 ] ], [ [ 20.296961652923802, -32.862347795456003 ], [ 20.297293921623599, -32.862172141755899 ] ], [ [ 20.2972939216226, -32.862172141757 ], [ 20.297294259889, -32.862170899001498 ] ], [ [ 20.297294259888002, -32.8621708990025 ], [ 20.296960180417202, -32.862347509964302 ] ] ] } },
{ "type": "Feature", "properties": { "name": "Polyline [8757]:0" }, "geometry": { "type": "MultiLineString", "coordinates": [ [ [ 20.297390732415899, -32.862885424953802 ], [ 20.297367787132899, -32.862897554940901 ] ] ] } },
{ "type": "Feature", "properties": { "name": "Polyline [8719]:0" }, "geometry": { "type": "MultiLineString", "coordinates": [ [ [ 20.296776836209599, -32.862177758865101 ], [ 20.2973212718043, -32.862911315653797 ] ], [ [ 20.297321271803298, -32.862911315654799 ], [ 20.297247645910598, -32.862897041306297 ] ], [ [ 20.2972476459096, -32.862897041307299 ], [ 20.2967599225675, -32.8622398965109 ] ], [ [ 20.296759922566601, -32.862239896511902 ], [ 20.296776836210601, -32.8621777588641 ] ] ] } },
{ "type": "Feature", "properties": { "name": "Polyline [8718]:0" }, "geometry": { "type": "MultiLineString", "coordinates": [ [ [ 20.296314194224198, -32.861571382645202 ], [ 20.296773453484001, -32.862190186393697 ] ], [ [ 20.296773453482999, -32.862190186394699 ], [ 20.296776836210601, -32.8621777588641 ] ], [ [ 20.296776836209599, -32.862177758865101 ], [ 20.296323229569602, -32.861566606155897 ] ], [ [ 20.2963232295686, -32.861566606156899 ], [ 20.2963141942252, -32.8615713826442 ] ] ] } },
{ "type": "Feature", "properties": { "name": "Circle [8704]:0" }, "geometry": { "type": "MultiLineString", "coordinates": [ [ [ 20.297652912397901, -32.862826598092497 ], [ 20.2976442472321, -32.862783446821403 ], [ 20.297618617466, -32.862745399117799 ], [ 20.297579114440801, -32.862717044087198 ], [ 20.297530502800999, -32.862701801754397 ], [ 20.2974786458091, -32.862701510562403 ], [ 20.297429798158699, -32.8627162056328 ], [ 20.297389851577801, -32.862744114529299 ], [ 20.2973636242086, -32.862781871037299 ], [ 20.297354279471001, -32.862824921173697 ] ], [ [ 20.297354279461999, -32.8628249211827 ], [ 20.297362944492601, -32.862868072469702 ], [ 20.297388574184801, -32.862906120222 ], [ 20.297428077232901, -32.862934475310198 ], [ 20.297476688982599, -32.862949717681801 ], [ 20.297528546120901, -32.862950008874499 ], [ 20.297577393886701, -32.862935313765597 ], [ 20.2976173404988, -32.862907404808396 ], [ 20.297643567801501, -32.862869648245002 ], [ 20.2976529124069, -32.862826598083501 ] ] ] } },
{ "type": "Feature", "properties": { "name": "Polyline [8703]:0" }, "geometry": { "type": "MultiLineString", "coordinates": [ [ [ 20.297299630761501, -32.8628057238775 ], [ 20.297452754648301, -32.863012036329899 ] ], [ [ 20.297452754647299, -32.863012036331 ], [ 20.2977242103644, -32.862868531145303 ] ], [ [ 20.297724210363398, -32.862868531146297 ], [ 20.297571086084002, -32.862662219014197 ] ], [ [ 20.297571086083, -32.862662219015199 ], [ 20.297299630762499, -32.862805723876498 ] ] ] } },
{ "type": "Feature", "properties": { "name": "Polyline [8701]:0" }, "geometry": { "type": "MultiLineString", "coordinates": [ [ [ 20.296363990362298, -32.861545058158498 ], [ 20.296846095942801, -32.862194756593503 ] ], [ [ 20.296846095941799, -32.862194756594498 ], [ 20.296918719670099, -32.862156364252698 ] ], [ [ 20.296918719669101, -32.8621563642537 ], [ 20.297032023255301, -32.862309026989699 ] ], [ [ 20.2970320232543, -32.862309026990701 ], [ 20.297095252432001, -32.862275572433902 ] ], [ [ 20.297095252430999, -32.862275572434903 ], [ 20.2964997978643, -32.861473263999699 ] ], [ [ 20.296499797863301, -32.861473264000701 ], [ 20.2963639903633, -32.861545058157503 ] ] ] } },
{ "type": "Feature", "properties": { "name": "Polyline [86F7]:0" }, "geometry": { "type": "MultiLineString", "coordinates": [ [ [ 20.296624114089699, -32.862311690930397 ], [ 20.2971118545337, -32.8629688268663 ] ], [ [ 20.297111854532702, -32.862968826867302 ], [ 20.297247645910598, -32.862897041306297 ] ], [ [ 20.2972476459096, -32.862897041307299 ], [ 20.2967599225675, -32.8622398965109 ] ], [ [ 20.296759922566601, -32.862239896511902 ], [ 20.296624114090701, -32.862311690929403 ] ] ] } },
{ "type": "Feature", "properties": { "name": "Polyline [86F6]:0" }, "geometry": { "type": "MultiLineString", "coordinates": [ [ [ 20.297412011933599, -32.863033574892903 ], [ 20.2973212718043, -32.862911315653797 ] ], [ [ 20.297321271803298, -32.862911315654799 ], [ 20.297306541988998, -32.862908454543302 ] ], [ [ 20.297306541988, -32.862908454544304 ], [ 20.297402957995601, -32.863038361237102 ] ], [ [ 20.297402957994599, -32.863038361238097 ], [ 20.2974120119346, -32.863033574891901 ] ] ] } },
{ "type": "Feature", "properties": { "name": "Polyline [86F5]:0" }, "geometry": { "type": "MultiLineString", "coordinates": [ [ [ 20.296323248069701, -32.861566596376399 ], [ 20.2974120119346, -32.863033574891901 ] ], [ [ 20.297412011933599, -32.863033574892903 ], [ 20.297452754648301, -32.863012036329899 ] ], [ [ 20.297452754647299, -32.863012036331 ], [ 20.2963639903633, -32.861545058157503 ] ], [ [ 20.296363990362298, -32.861545058158498 ], [ 20.296323248070699, -32.861566596375397 ] ] ] } },
{ "type": "Feature", "properties": { "name": "Block Reference [865F]:0" }, "geometry": { "type": "MultiLineString", "coordinates": [ [ [ 20.228340916795201, -32.873193546371297 ], [ 20.2283404535752, -32.873191230614701 ], [ 20.228339079712502, -32.8731891882097 ], [ 20.2283369609153, -32.873187665500502 ], [ 20.2283343527419, -32.873186846148101 ], [ 20.2283315697766, -32.873186828978199 ], [ 20.228328947686201, -32.873187616061898 ], [ 20.228326802733399, -32.8731891124649 ], [ 20.228325393631401, -32.873191137699003 ], [ 20.228324890338801, -32.873193447490898 ] ], [ [ 20.228324890329802, -32.873193447499901 ], [ 20.228325353551298, -32.8731957632546 ], [ 20.228326727415801, -32.873197805657703 ], [ 20.228328846215099, -32.873199328364997 ], [ 20.228331454390801, -32.8732001477156 ], [ 20.228334237358499, -32.8732001648834 ], [ 20.2283368594513, -32.873199377797697 ], [ 20.228339004406099, -32.8731978813925 ], [ 20.228340413509901, -32.8731958561563 ], [ 20.2283409168042, -32.873193546362302 ] ] ] } },
{ "type": "Feature", "properties": { "name": "Block Reference [865F]:1" }, "geometry": { "type": "MultiLineString", "coordinates": [ [ [ 20.228226156316701, -32.8728020832542 ], [ 20.228332903563501, -32.873193496934803 ] ], [ [ 20.228332903562499, -32.873193496935798 ], [ 20.2287977946444, -32.873107386566097 ] ] ] } },
{ "type": "Feature", "properties": { "name": "Block Reference [865F]:2" }, "geometry": { "type": "MultiLineString", "coordinates": [ [ [ 20.228203186734198, -32.872717859473902 ], [ 20.228226156317699, -32.872802083253198 ] ], [ [ 20.228797794643398, -32.873107386567099 ], [ 20.229036077563499, -32.873063249404296 ] ], [ [ 20.228226156316701, -32.8728020832542 ], [ 20.2282517890382, -32.872868940619099 ], [ 20.228290707159001, -32.872931063152301 ], [ 20.228341743362499, -32.8729865874975 ], [ 20.228403366843601, -32.873033848207001 ], [ 20.228473729223701, -32.873071427697198 ], [ 20.2285507199927, -32.873098198770997 ], [ 20.228632029814499, -32.873113358428597 ], [ 20.2287152197976, -32.873116451954701 ], [ 20.228797794652401, -32.873107386558097 ] ] ] } },
{ "type": "Feature", "properties": { "name": "Block Reference [865E]:0" }, "geometry": { "type": "MultiLineString", "coordinates": [ [ [ 20.2282589934882, -32.8732084473924 ], [ 20.228258530270299, -32.873206131635499 ], [ 20.228257156409299, -32.873204089229702 ], [ 20.228255037613199, -32.873202566519097 ], [ 20.228252429440101, -32.873201747164899 ], [ 20.228249646474399, -32.873201729993298 ], [ 20.228247024382799, -32.8732025170752 ], [ 20.228244879428299, -32.873204013476801 ], [ 20.228243470324198, -32.873206038709903 ], [ 20.228242967029399, -32.8732083485014 ] ], [ [ 20.2282429670204, -32.873208348510403 ], [ 20.2282434302399, -32.8732106642654 ], [ 20.228244804102701, -32.8732127066693 ], [ 20.228246922900901, -32.8732142293781 ], [ 20.228249531076202, -32.873215048730401 ], [ 20.228252314044301, -32.873215065899998 ], [ 20.228254936138299, -32.873214278816 ], [ 20.228257081094799, -32.873212782412303 ], [ 20.228258490200702, -32.873210757176999 ], [ 20.228258993497199, -32.873208447383298 ] ] ] } },
{ "type": "Feature", "properties": { "name": "Block Reference [865E]:1" }, "geometry": { "type": "MultiLineString", "coordinates": [ [ [ 20.227763650565201, -32.873297037044097 ], [ 20.2282509802553, -32.873208397950698 ] ], [ [ 20.228250980254298, -32.8732083979517 ], [ 20.228128385185499, -32.872800631708003 ] ] ] } },
{ "type": "Feature", "properties": { "name": "Block Reference [865E]:2" }, "geometry": { "type": "MultiLineString", "coordinates": [ [ [ 20.2277185686055, -32.8733052367757 ], [ 20.2277636505662, -32.873297037043102 ] ], [ [ 20.228128385184501, -32.872800631708998 ], [ 20.228115251168798, -32.872756946134899 ] ], [ [ 20.227763650565201, -32.873297037044097 ], [ 20.227845516671799, -32.8732755481984 ], [ 20.227921558543201, -32.873242131282502 ], [ 20.227989358313199, -32.873197848840498 ], [ 20.228046760194701, -32.873144108901897 ], [ 20.228091939027401, -32.873082620209402 ], [ 20.228123458310598, -32.873015337885398 ], [ 20.228140315876299, -32.872944401265102 ], [ 20.228141975750901, -32.872872065872002 ], [ 20.2281283851935, -32.872800631700002 ] ] ] } },
{ "type": "Feature", "properties": { "name": "Block Reference [865D]:0" }, "geometry": { "type": "MultiLineString", "coordinates": [ [ [ 20.2282015641619, -32.872861601194003 ], [ 20.2282011009471, -32.872859285436903 ], [ 20.228199727092601, -32.872857243030403 ], [ 20.228197608305599, -32.872855720318903 ], [ 20.228195000143199, -32.872854900963702 ], [ 20.228192217188401, -32.8728548837909 ], [ 20.228189595106599, -32.872855670871701 ], [ 20.228187450159599, -32.872857167272599 ], [ 20.228186041059899, -32.872859192505203 ], [ 20.2281855377658, -32.872861502296701 ] ], [ [ 20.228185537756801, -32.872861502305703 ], [ 20.2281860009731, -32.8728638180609 ], [ 20.2281873748294, -32.872865860465502 ], [ 20.228189493618402, -32.872867383175198 ], [ 20.228192101783101, -32.872868202528501 ], [ 20.2281948847404, -32.872868219699299 ], [ 20.2281975068245, -32.872867432616303 ], [ 20.2281996517736, -32.872865936213401 ], [ 20.228201060875101, -32.872863910978502 ], [ 20.228201564170899, -32.872861601185001 ] ] ] } },
{ "type": "Feature", "properties": { "name": "Block Reference [865D]:1" }, "geometry": { "type": "MultiLineString", "coordinates": [ [ [ 20.2281954607116, -32.872869028617203 ], [ 20.228193550960299, -32.872861551749097 ] ], [ [ 20.2281935509593, -32.872861551750098 ], [ 20.228191491171899, -32.872854103298202 ] ] ] } },
{ "type": "Feature", "properties": { "name": "Block Reference [865D]:2" }, "geometry": { "type": "MultiLineString", "coordinates": [ [ [ 20.228286387959699, -32.873225016261301 ], [ 20.228195460712602, -32.872869028616201 ] ], [ [ 20.2281914911709, -32.872854103299197 ], [ 20.2280794093308, -32.872448799559898 ] ], [ [ 20.2281954607116, -32.872869028617203 ], [ 20.2281950344778, -32.872867367468501 ], [ 20.228194604534199, -32.872865707000898 ], [ 20.228194170882102, -32.872864047220098 ], [ 20.228193733523099, -32.872862388132098 ], [ 20.228193292458801, -32.872860729742797 ], [ 20.2281928476907, -32.872859072058098 ], [ 20.2281923992205, -32.8728574150838 ], [ 20.228191947049702, -32.872855758825899 ], [ 20.228191491179899, -32.872854103290202 ] ] ] } },
{ "type": "Feature", "properties": { "name": "Block Reference [865C]:0" }, "geometry": { "type": "MultiLineString", "coordinates": [ [ [ 20.228333389233701, -32.873216467203001 ], [ 20.228242461806001, -32.872860479588901 ] ], [ [ 20.228238313627202, -32.872844882633999 ], [ 20.2281262315839, -32.872439578933196 ] ], [ [ 20.228242461804999, -32.872860479589903 ], [ 20.228242016389899, -32.872858743689797 ], [ 20.2282415670978, -32.872857008501299 ], [ 20.228241113930402, -32.872855274030599 ], [ 20.228240656889401, -32.872853540283899 ], [ 20.228240195976301, -32.872851807267303 ], [ 20.228239731192701, -32.8728500749869 ], [ 20.228239262540399, -32.872848343449 ], [ 20.228238790020999, -32.8728466126597 ], [ 20.228238313636201, -32.872844882625003 ] ] ] } },
{ "type": "Feature", "properties": { "name": "Block Reference [865B]:0" }, "geometry": { "type": "MultiLineString", "coordinates": [ [ [ 20.228239386677, -32.873233565301703 ], [ 20.228148459610399, -32.872877577625601 ] ], [ [ 20.228144668705301, -32.872863323946603 ], [ 20.228032587068402, -32.872458020168999 ] ], [ [ 20.2281484596094, -32.872877577626603 ], [ 20.228148052557099, -32.872875991229499 ], [ 20.228147641961701, -32.872874405482698 ], [ 20.228147227824799, -32.872872820391898 ], [ 20.228146810147798, -32.872871235962599 ], [ 20.228146388932299, -32.872869652200698 ], [ 20.2281459641796, -32.872868069111497 ], [ 20.2281455358914, -32.8728664867009 ], [ 20.2281451040691, -32.872864904974399 ], [ 20.2281446687143, -32.872863323937601 ] ] ] } },
{ "type": "Feature", "properties": { "name": "Block Reference [8608]:0" }, "geometry": { "type": "MultiLineString", "coordinates": [ [ [ 20.253728856639899, -32.867593880969999 ], [ 20.2537283927842, -32.867591565296202 ], [ 20.253727018417401, -32.8675895231612 ], [ 20.2537248993087, -32.867588000876303 ], [ 20.253722291054, -32.867587182051501 ], [ 20.253719508247201, -32.867587165449002 ], [ 20.2537168865361, -32.867587953071201 ], [ 20.253714742137699, -32.867589449919102 ], [ 20.253713333698201, -32.867591475450602 ], [ 20.2537128310965, -32.867593785356704 ] ], [ [ 20.253712831087501, -32.867593785365699 ], [ 20.253713294944799, -32.867596101037599 ], [ 20.2537146693133, -32.867598143170802 ], [ 20.2537167884241, -32.867599665453803 ], [ 20.253719396681099, -32.8676004842767 ], [ 20.2537221794903, -32.867600500877302 ], [ 20.253724801203798, -32.867599713253 ], [ 20.253726945604299, -32.867598216403003 ], [ 20.253728354045499, -32.8675961908692 ], [ 20.253728856648902, -32.867593880961003 ] ], [ [ 20.252808012490799, -32.867852162956702 ], [ 20.252807548657898, -32.867849847279899 ], [ 20.252806174308599, -32.867847805135 ], [ 20.2528040552099, -32.867846282834797 ], [ 20.252801446956401, -32.867845463990797 ], [ 20.252798664142201, -32.867845447367699 ], [ 20.252796042415699, -32.867846234970301 ], [ 20.252793897995801, -32.867847731802001 ], [ 20.252792489531402, -32.867849757322801 ], [ 20.252791986904299, -32.867852067224803 ] ], [ [ 20.2527919868953, -32.867852067233798 ], [ 20.2527924507298, -32.867854382908597 ], [ 20.2527938250809, -32.867856425051599 ], [ 20.252795944181599, -32.867857947349997 ], [ 20.252798552437401, -32.8678587661921 ], [ 20.252801335253999, -32.867858782813201 ], [ 20.252803956982898, -32.867857995208503 ], [ 20.252806101404801, -32.8678564983746 ], [ 20.252807509871001, -32.867854472851697 ], [ 20.252808012499798, -32.867852162947699 ] ], [ [ 20.251900295139102, -32.868121545211103 ], [ 20.2518998313286, -32.868119229531402 ], [ 20.251898456996301, -32.868117187376903 ], [ 20.251896337907102, -32.868115665061403 ], [ 20.251893729654501, -32.868114846198601 ], [ 20.2518909468325, -32.868114829555203 ], [ 20.251888325090299, -32.8681156171385 ], [ 20.251886180648899, -32.868117113954298 ], [ 20.251884772159801, -32.868119139464397 ], [ 20.251884269507499, -32.868121449362199 ] ], [ [ 20.2518842694985, -32.868121449371202 ], [ 20.2518847333106, -32.868123765048999 ], [ 20.251886107644701, -32.8681258072017 ], [ 20.2518882267359, -32.868127329515303 ], [ 20.2518908349908, -32.868128148376201 ], [ 20.251893617815298, -32.868128165017701 ], [ 20.251896239559802, -32.868127377432302 ], [ 20.251898384003201, -32.868125880614301 ], [ 20.2518997924942, -32.868123855102098 ], [ 20.251900295148101, -32.868121545202101 ] ], [ [ 20.251473484129502, -32.868276518751202 ], [ 20.251473020329399, -32.868274203070101 ], [ 20.2514716460046, -32.868272160911097 ], [ 20.251469526919202, -32.868270638588498 ], [ 20.251466918666299, -32.868269819716801 ], [ 20.251464135839601, -32.868269803063797 ], [ 20.2514615140893, -32.868270590637998 ], [ 20.2514593696371, -32.8682720874463 ], [ 20.251457961135799, -32.868274112951298 ], [ 20.251457458471499, -32.868276422847302 ] ], [ [ 20.2514574584625, -32.868276422856297 ], [ 20.251457922264201, -32.868278738535402 ], [ 20.251459296590799, -32.868280780692601 ], [ 20.2514614156782, -32.868282303013402 ], [ 20.251464023933501, -32.868283121883202 ], [ 20.2514668067626, -32.868283138534203 ], [ 20.2514694285152, -32.868282350957898 ], [ 20.2514715729695, -32.8682808541474 ], [ 20.251472981472599, -32.8682788286402 ], [ 20.251473484138501, -32.868276518742199 ] ], [ [ 20.250896541030901, -32.868496362919799 ], [ 20.2508960772448, -32.868494047236801 ], [ 20.250894702930101, -32.868492005071701 ], [ 20.250892583849598, -32.868490482739404 ], [ 20.250889975595801, -32.868489663855698 ], [ 20.250887192762601, -32.868489647189698 ], [ 20.250884571000899, -32.868490434751699 ], [ 20.250882426533899, -32.868491931549798 ], [ 20.250881018015999, -32.868493957048102 ], [ 20.250880515335499, -32.868496266941399 ] ], [ [ 20.2508805153265, -32.868496266950402 ], [ 20.2508809791142, -32.868498582631403 ], [ 20.250882353430701, -32.868500624794699 ], [ 20.250884472513199, -32.868502147125099 ], [ 20.250887080769299, -32.868502966006901 ], [ 20.2508898636049, -32.868502982670897 ], [ 20.250892485368901, -32.868502195106799 ], [ 20.250894629838001, -32.868500698306498 ], [ 20.250896038357698, -32.868498672806098 ], [ 20.2508965410399, -32.868496362910797 ] ] ] } },
{ "type": "Feature", "properties": { "name": "Block Reference [8608]:1" }, "geometry": { "type": "MultiLineString", "coordinates": [ [ [ 20.250888528179399, -32.868496314935001 ], [ 20.250888528179701, -32.868496314934298 ] ], [ [ 20.253992984047901, -32.867605925025899 ], [ 20.253720843864699, -32.867593833167099 ] ], [ [ 20.2537208438637, -32.867593833168101 ], [ 20.253462236108, -32.867666369310101 ] ], [ [ 20.252808762497601, -32.867849657309499 ], [ 20.252799999693998, -32.8678521150945 ] ], [ [ 20.252799999693, -32.867852115095502 ], [ 20.252791288536699, -32.867854700333503 ] ], [ [ 20.251959296823902, -32.868101609759997 ], [ 20.251892282319801, -32.868121497290403 ] ], [ [ 20.251892282318799, -32.868121497291398 ], [ 20.2518270286042, -32.868145190804903 ] ], [ [ 20.251479897819799, -32.868271232619101 ], [ 20.251465471297099, -32.868276470803004 ] ], [ [ 20.2514654712961, -32.868276470803998 ], [ 20.251451157647502, -32.868281925063798 ] ], [ [ 20.25089084715, -32.868495431299003 ], [ 20.250888528180401, -32.868496314933999 ] ], [ [ 20.250888528179399, -32.868496314935001 ], [ 20.2508862142232, -32.868497207881099 ] ] ] } },
{ "type": "Feature", "properties": { "name": "Block Reference [8608]:2" }, "geometry": { "type": "MultiLineString", "coordinates": [ [ [ 20.2540442089709, -32.8676082010087 ], [ 20.2539929840488, -32.867605925024897 ] ], [ [ 20.253462236107001, -32.867666369311102 ], [ 20.252808762498599, -32.867849657308497 ] ], [ [ 20.2527912885357, -32.867854700334497 ], [ 20.2519592968249, -32.868101609759002 ] ], [ [ 20.251827028603198, -32.868145190805897 ], [ 20.251479897820801, -32.868271232618099 ] ], [ [ 20.2514511576465, -32.8682819250648 ], [ 20.250890847150998, -32.868495431298001 ] ], [ [ 20.250886214222199, -32.8684972078821 ], [ 20.248683420469099, -32.869347229645399 ] ], [ [ 20.253992984047901, -32.867605925025899 ], [ 20.2539331649186, -32.867604316530802 ], [ 20.2538733182177, -32.867604803706897 ], [ 20.253813546986201, -32.867607385715502 ], [ 20.253753954135199, -32.8676120581109 ], [ 20.253694642268801, -32.867618812848399 ], [ 20.2536357135073, -32.867627638297897 ], [ 20.253577269311499, -32.867638519263998 ], [ 20.253519410308101, -32.867651437012498 ], [ 20.253462236116, -32.8676663693021 ] ], [ [ 20.252808762497601, -32.867849657309499 ], [ 20.2528068158799, -32.867850205047297 ], [ 20.2528048705123, -32.867850755939301 ], [ 20.252802926402001, -32.867851309983301 ], [ 20.252800983556199, -32.8678518671774 ], [ 20.252799041982001, -32.867852427519402 ], [ 20.2527971016866, -32.867852991007197 ], [ 20.252795162677199, -32.867853557639002 ], [ 20.252793224960801, -32.8678541274124 ], [ 20.252791288544699, -32.867854700325502 ] ], [ [ 20.251959296823902, -32.868101609759997 ], [ 20.251944430449299, -32.868106075036103 ], [ 20.251929604575398, -32.868110635206897 ], [ 20.251914820052701, -32.868115290010799 ], [ 20.251900077729101, -32.868120039180702 ], [ 20.251885378450599, -32.868124882444199 ], [ 20.2518707230602, -32.868129819523404 ], [ 20.251856112398599, -32.868134850135199 ], [ 20.2518415473041, -32.868139973990999 ], [ 20.251827028612201, -32.868145190796902 ] ], [ [ 20.251479897819799, -32.868271232619101 ], [ 20.251476693379001, -32.868272399305802 ], [ 20.2514734916812, -32.8682735713436 ], [ 20.2514702927391, -32.868274748728197 ], [ 20.251467096565101, -32.868275931454797 ], [ 20.2514639031718, -32.868277119518901 ], [ 20.251460712571699, -32.868278312915599 ], [ 20.251457524777301, -32.868279511640502 ], [ 20.2514543398011, -32.868280715688797 ], [ 20.251451157655499, -32.868281925055797 ] ], [ [ 20.25089084715, -32.868495431299003 ], [ 20.250890331886801, -32.868495627776298 ], [ 20.250889816746799, -32.868495824483702 ], [ 20.2508893017303, -32.868496021421002 ], [ 20.250888786837301, -32.868496218588398 ], [ 20.250888272068099, -32.868496415985703 ], [ 20.250887757422699, -32.868496613612898 ], [ 20.250887242901399, -32.868496811469903 ], [ 20.250886728504099, -32.868497009556698 ], [ 20.250886214231201, -32.868497207873098 ] ] ] } },
{ "type": "Feature", "properties": { "name": "Block Reference [8607]:0" }, "geometry": { "type": "MultiLineString", "coordinates": [ [ [ 20.253517645002798, -32.867613320929102 ], [ 20.2535171811525, -32.867611005254602 ], [ 20.2535158067904, -32.867608963117299 ], [ 20.253513687684901, -32.867607440828898 ], [ 20.2535110794316, -32.867606621999698 ], [ 20.2535082966244, -32.867606605392503 ], [ 20.253505674910901, -32.867607393010204 ], [ 20.2535035305085, -32.867608889854402 ], [ 20.253502122063999, -32.867610915383501 ], [ 20.253501619456699, -32.8676132252887 ] ], [ [ 20.2535016194477, -32.867613225297703 ], [ 20.253502083299601, -32.867615540970199 ], [ 20.253503457663498, -32.867617583105698 ], [ 20.253505576771001, -32.867619105392201 ], [ 20.2535081850267, -32.867619924219497 ], [ 20.253510967836299, -32.867619940824703 ], [ 20.253513589552099, -32.867619153204899 ], [ 20.253515733956601, -32.867617656358597 ], [ 20.253517142402899, -32.867615630827302 ], [ 20.253517645011801, -32.8676133209201 ] ] ] } },
{ "type": "Feature", "properties": { "name": "Block Reference [8607]:1" }, "geometry": { "type": "MultiLineString", "coordinates": [ [ [ 20.252508282675599, -32.867914488706198 ], [ 20.253509632226301, -32.867613273112603 ] ], [ [ 20.253509632225299, -32.867613273113598 ], [ 20.252448657625099, -32.867557137344399 ] ] ] } },
{ "type": "Feature", "properties": { "name": "Block Reference [8607]:2" }, "geometry": { "type": "MultiLineString", "coordinates": [ [ [ 20.252432522960301, -32.867937277546602 ], [ 20.252508282676601, -32.867914488705203 ] ], [ [ 20.2524486576241, -32.8675571373455 ], [ 20.252336132208601, -32.867551183135397 ] ], [ [ 20.252508282675599, -32.867914488706198 ], [ 20.2525664778044, -32.867888012795099 ], [ 20.2526126103702, -32.867848047266897 ], [ 20.252642447951501, -32.867798258765099 ], [ 20.252653253126699, -32.867743215137203 ], [ 20.252644034611599, -32.867687966353998 ], [ 20.252615638191699, -32.867637581199403 ], [ 20.252570669113499, -32.867596682236702 ], [ 20.252513253058801, -32.867569021717401 ], [ 20.252448657633099, -32.867557137336398 ] ] ] } },
{ "type": "Feature", "properties": { "name": "Block Reference [8606]:2" }, "geometry": { "type": "MultiLineString", "coordinates": [ [ [ 20.2633081241861, -32.868238343242503 ], [ 20.2624861606206, -32.8686712636623 ] ], [ [ 20.261687139397999, -32.868922803955002 ], [ 20.261403094110801, -32.8689605406677 ] ], [ [ 20.260428562285298, -32.868974912971701 ], [ 20.258625923629001, -32.868789619340298 ] ], [ [ 20.258141225983401, -32.868722959032198 ], [ 20.2561494329582, -32.868378916208101 ] ], [ [ 20.255494720447999, -32.868120597906596 ], [ 20.2551964064073, -32.867920009384399 ] ], [ [ 20.2542515004032, -32.867617410992501 ], [ 20.2524562962438, -32.867537638401998 ] ], [ [ 20.251240832069101, -32.866978236822803 ], [ 20.251188143056702, -32.866916589478599 ] ], [ [ 20.249669628846899, -32.8669752466867 ], [ 20.249566377429002, -32.867122814606397 ] ], [ [ 20.248509083595401, -32.867827888712199 ], [ 20.247820363204799, -32.868007724989099 ] ], [ [ 20.246643765013001, -32.868791139792002 ], [ 20.2463020842142, -32.869277795376597 ] ], [ [ 20.244837932487101, -32.870304043943499 ], [ 20.2439661172223, -32.870572854316102 ] ], [ [ 20.242991587139301, -32.870679954439602 ], [ 20.242965668765901, -32.870677951987197 ] ], [ [ 20.2423760717564, -32.870699775566798 ], [ 20.242033154610102, -32.8707521247591 ] ], [ [ 20.2413949305237, -32.8706356547574 ], [ 20.241299010348101, -32.870579692013898 ] ], [ [ 20.239409411938801, -32.8704372113801 ], [ 20.2386311957533, -32.870735758673703 ] ], [ [ 20.236459105548199, -32.871147447944402 ], [ 20.236217652807699, -32.871150544722802 ] ], [ [ 20.235680935288201, -32.871042955339497 ], [ 20.235507352390201, -32.870966389277001 ] ], [ [ 20.2339782580788, -32.871538888288597 ], [ 20.233914954459301, -32.8717446542516 ] ], [ [ 20.233090290259899, -32.872402215443202 ], [ 20.228924521112202, -32.873105055989903 ] ], [ [ 20.228897644187999, -32.873109894271103 ], [ 20.228503103527402, -32.873185406507297 ] ], [ [ 20.228462797822299, -32.873192928984302 ], [ 20.2261125931342, -32.873620386459301 ] ], [ [ 20.261687139397999, -32.868922803955002 ], [ 20.261781013115499, -32.868908513361703 ], [ 20.2618740375204, -32.868890701373402 ], [ 20.2619660272264, -32.868869403486897 ], [ 20.2620567989097, -32.868844662146202 ], [ 20.262146171674399, -32.868816526657497 ], [ 20.262233967412701, -32.8687850530915 ], [ 20.262320011160401, -32.868750304170703 ], [ 20.262404131445201, -32.868712349145198 ], [ 20.262486160628601, -32.868671263654299 ] ], [ [ 20.260428562285298, -32.868974912971701 ], [ 20.2605365963324, -32.868984593985701 ], [ 20.260644932552399, -32.868991461351797 ], [ 20.260753468072799, -32.8689955085487 ], [ 20.260862099831499, -32.868996731733297 ], [ 20.2609707246752, -32.868995129743901 ], [ 20.261079239457199, -32.868990704101599 ], [ 20.261187541134898, -32.868983459008597 ], [ 20.2612955268687, -32.868973401344597 ], [ 20.261403094118801, -32.8689605406597 ] ], [ [ 20.258141225983401, -32.868722959032198 ], [ 20.258194746390199, -32.868731992462997 ], [ 20.2582483605932, -32.8687406207141 ], [ 20.2583020642852, -32.868748843092597 ], [ 20.258355853151599, -32.868756658937698 ], [ 20.2584097228712, -32.868764067621598 ], [ 20.258463669116399, -32.868771068549101 ], [ 20.258517687553098, -32.868777661157601 ], [ 20.258571773841702, -32.868783844917601 ], [ 20.258625923636998, -32.868789619332297 ] ], [ [ 20.255494720447999, -32.868120597906596 ], [ 20.2555594018664, -32.868161802705501 ], [ 20.2556265481408, -32.868200096583998 ], [ 20.255695975519, -32.868235374745197 ], [ 20.255767494005301, -32.868267540645199 ], [ 20.255840907880899, -32.868296506257202 ], [ 20.255916016239301, -32.868322192312299 ], [ 20.2559926135363, -32.868344528516502 ], [ 20.256070490152201, -32.8683634537431 ], [ 20.2561494329662, -32.868378916200101 ] ], [ [ 20.255196406406299, -32.867920009385401 ], [ 20.255104778942901, -32.8678626389569 ], [ 20.255008688251198, -32.867810728856 ], [ 20.2549085904222, -32.867764525467798 ], [ 20.254804960563799, -32.867724248090802 ], [ 20.254698290546301, -32.867690087896001 ], [ 20.254589086667401, -32.867662207019997 ], [ 20.254477867250099, -32.867640737795 ], [ 20.254365160182498, -32.867625782121301 ], [ 20.254251500412199, -32.867617410983499 ] ], [ [ 20.251240832069101, -32.866978236822803 ], [ 20.251340128566, -32.867083036965099 ], [ 20.251451242045398, -32.867179017385702 ], [ 20.251573078762402, -32.867265233269997 ], [ 20.251704439403799, -32.8673408359208 ], [ 20.251844030893601, -32.8674050811141 ], [ 20.251990479122799, -32.867457336425801 ], [ 20.252142342476599, -32.867497087457501 ], [ 20.252298126027402, -32.867523942901798 ], [ 20.2524562962518, -32.867537638393998 ] ], [ [ 20.2511881430557, -32.866916589479601 ], [ 20.2510542042228, -32.866791560372398 ], [ 20.250891120162802, -32.866694263208899 ], [ 20.2507067787351, -32.866629403893803 ], [ 20.250510095869299, -32.866600119423097 ], [ 20.2503105843581, -32.866607826169499 ], [ 20.250117893792702, -32.866652151384201 ], [ 20.249941343884501, -32.866730951224397 ], [ 20.249789473736399, -32.866840414435899 ], [ 20.249669628855901, -32.866975246677697 ] ], [ [ 20.248509083595401, -32.867827888712199 ], [ 20.248653396136699, -32.8677846661082 ], [ 20.248793033296899, -32.8677316220272 ], [ 20.248927058367801, -32.867669112299403 ], [ 20.249054572293598, -32.867597556252498 ], [ 20.249174719702399, -32.867517433897298 ], [ 20.249286694644599, -32.867429282708002 ], [ 20.249389745999402, -32.867333694016097 ], [ 20.249483182513199, -32.867231309042999 ], [ 20.249566377436999, -32.867122814598403 ] ], [ [ 20.2478203632038, -32.8680077249901 ], [ 20.2476598723248, -32.868055779333602 ], [ 20.247504567874799, -32.868114734463703 ], [ 20.247355487431999, -32.868184196508103 ], [ 20.2472136269995, -32.868263701398703 ], [ 20.247079934351198, -32.868352717970801 ], [ 20.2469553027011, -32.8684506515118 ], [ 20.246840564734899, -32.868556847733501 ], [ 20.246736487047901, -32.8686705971432 ], [ 20.246643765022, -32.868791139782999 ] ], [ [ 20.244837932487101, -32.870304043943499 ], [ 20.245037499201, -32.870235132543698 ], [ 20.245230272426099, -32.870153604053399 ], [ 20.2454151340248, -32.870059931366796 ], [ 20.245591011759199, -32.869954657817701 ], [ 20.245756885511401, -32.8698383940268 ], [ 20.2459117932009, -32.869711814359803 ], [ 20.246054836364902, -32.869575653014898 ], [ 20.246185185369701, -32.869430699763498 ], [ 20.246302084222201, -32.869277795368603 ] ], [ [ 20.242991587139301, -32.870679954439602 ], [ 20.2431014186608, -32.870686151753098 ], [ 20.243211478191199, -32.8706877956947 ], [ 20.2433215008109, -32.870684882307103 ], [ 20.2434312216891, -32.870677418602597 ], [ 20.243540376721299, -32.870665422546601 ], [ 20.243648703165402, -32.870648923014002 ], [ 20.243755940274099, -32.870627959719897 ], [ 20.2438618299227, -32.870602583123699 ], [ 20.2439661172303, -32.870572854308101 ] ], [ [ 20.242965668764899, -32.870677951988199 ], [ 20.242900088750002, -32.870673722093201 ], [ 20.2428343878099, -32.870671155739601 ], [ 20.242768625184699, -32.870670255241301 ], [ 20.242702860170098, -32.870671021410203 ], [ 20.242637152063999, -32.870673453555398 ], [ 20.242571560112999, -32.870677549484 ], [ 20.242506143458801, -32.870683305502602 ], [ 20.2424409610854, -32.870690716421301 ], [ 20.242376071765399, -32.870699775557803 ] ], [ [ 20.2413949305237, -32.8706356547574 ], [ 20.241457930249101, -32.870669086791104 ], [ 20.241524137273899, -32.870697767515203 ], [ 20.241593049689701, -32.870721479502897 ], [ 20.241664145077198, -32.870740042994598 ], [ 20.2417368844668, -32.870753317261297 ], [ 20.241810716425, -32.870761201671201 ], [ 20.2418850812351, -32.8707636364527 ], [ 20.2419594151403, -32.870760603147602 ], [ 20.242033154618099, -32.8707521247511 ] ], [ [ 20.241299010347099, -32.8705796920149 ], [ 20.2411109084522, -32.870482894163104 ], [ 20.240910922444101, -32.870404886123602 ], [ 20.2407016767824, -32.870346691600602 ], [ 20.240485917422799, -32.8703090742817 ], [ 20.240266475786701, -32.870292527817803 ], [ 20.240046231609401, -32.870297269346104 ], [ 20.2398280751556, -32.870323236641298 ], [ 20.239614869297, -32.870370088931701 ], [ 20.239409411947801, -32.870437211371097 ] ], [ [ 20.236459105548199, -32.871147447944402 ], [ 20.236708013127402, -32.871139450092798 ], [ 20.236956227449198, -32.871121860739301 ], [ 20.237203229759999, -32.871094716643498 ], [ 20.23744850384, -32.8710580745337 ], [ 20.237691537083101, -32.871012010988501 ], [ 20.237931821568399, -32.870956622276402 ], [ 20.238168855122201, -32.870892024154998 ], [ 20.238402142367701, -32.8708183516285 ], [ 20.2386311957613, -32.870735758665703 ] ], [ [ 20.235680935288201, -32.871042955339497 ], [ 20.2357365834945, -32.8710658740059 ], [ 20.235793645420198, -32.871086166684599 ], [ 20.235851947217899, -32.8711037715508 ], [ 20.235911311262399, -32.871118634968298 ], [ 20.235971556691901, -32.871130711653002 ], [ 20.236032499958799, -32.871139964811398 ], [ 20.236093955389599, -32.871146366251899 ], [ 20.23615573575, -32.8711498964716 ], [ 20.2362176528157, -32.871150544714801 ] ], [ [ 20.235507352389199, -32.870966389278003 ], [ 20.2353095477871, -32.870899383475098 ], [ 20.235099918407901, -32.870866845120197 ], [ 20.2348868068086, -32.870870069127903 ], [ 20.234678694112599, -32.870908927189802 ], [ 20.234483862519902, -32.870981872880698 ], [ 20.234310065729598, -32.871086003196801 ], [ 20.234164220387001, -32.871217174077003 ], [ 20.2340521308302, -32.871370165311802 ], [ 20.233978258087799, -32.871538888279602 ] ], [ [ 20.233090290259899, -32.872402215443202 ], [ 20.233218651068601, -32.872373452957198 ], [ 20.2333417916985, -32.872331474299997 ], [ 20.233457809507499, -32.872276928084098 ], [ 20.233564911917401, -32.872210657102897 ], [ 20.233661444111899, -32.872133685307098 ], [ 20.2337459146061, -32.872047201982802 ], [ 20.2338170182909, -32.871952543374697 ], [ 20.233873656597101, -32.871851172038802 ], [ 20.233914954467298, -32.871744654243599 ] ], [ [ 20.2289245211112, -32.873105055990898 ], [ 20.228921527618699, -32.873105564747398 ], [ 20.2289185358614, -32.8731060807212 ], [ 20.2289155458637, -32.873106603908198 ], [ 20.228912557650101, -32.873107134304 ], [ 20.228909571245001, -32.8731076719043 ], [ 20.2289065866728, -32.873108216704701 ], [ 20.2289036039578, -32.873108768700803 ], [ 20.2289006231244, -32.873109327888102 ], [ 20.228897644197001, -32.8731098942621 ] ], [ [ 20.228462797822299, -32.873192928984302 ], [ 20.228467280929799, -32.873192111184601 ], [ 20.228471762878399, -32.873191288874096 ], [ 20.228476243661799, -32.873190462054097 ], [ 20.228480723273599, -32.873189630725697 ], [ 20.2284852017074, -32.873188794890098 ], [ 20.228489678956802, -32.873187954548499 ], [ 20.2284941550156, -32.873187109702002 ], [ 20.228498629877201, -32.873186260351901 ], [ 20.228503103535399, -32.873185406499303 ] ] ] } },
{ "type": "Feature", "properties": { "name": "Block Reference [8605]:0" }, "geometry": { "type": "MultiLineString", "coordinates": [ [ [ 20.2540456132574, -32.867585691134501 ], [ 20.2539943883483, -32.867583415151401 ] ], [ [ 20.253453811872301, -32.867644978763202 ], [ 20.252800338405201, -32.867828266719201 ] ], [ [ 20.252782427597101, -32.867833435819598 ], [ 20.2519504360626, -32.868080345188503 ] ], [ [ 20.2518164721217, -32.868124484956901 ], [ 20.251469341406299, -32.8682505267412 ] ], [ [ 20.251440165780402, -32.868261381192198 ], [ 20.250879855389702, -32.868474887378397 ] ], [ [ 20.250875106638599, -32.868476708376697 ], [ 20.248672313294399, -32.869326729952903 ] ], [ [ 20.253994388347301, -32.867583415152403 ], [ 20.2539334614717, -32.867581776870999 ], [ 20.253872506514, -32.867582273068997 ], [ 20.2538116284232, -32.867584902892197 ], [ 20.253750932016001, -32.867589661812502 ], [ 20.253690521796699, -32.867596541636203 ], [ 20.253630501776399, -32.867605530517999 ], [ 20.253570975294799, -32.867616612981003 ], [ 20.253512044841798, -32.867629769944102 ], [ 20.2534538118813, -32.8676449787542 ] ], [ [ 20.252800338404199, -32.867828266720203 ], [ 20.252798343121398, -32.867828828151403 ], [ 20.2527963491201, -32.867829392815501 ], [ 20.252794356407399, -32.867829960710502 ], [ 20.252792364990899, -32.867830531834301 ], [ 20.252790374877701, -32.867831106184802 ], [ 20.252788386075299, -32.867831683759803 ], [ 20.252786398591098, -32.867832264557201 ], [ 20.252784412432199, -32.8678328485748 ], [ 20.2527824276061, -32.867833435810603 ] ], [ [ 20.251950436061598, -32.868080345189497 ], [ 20.251935379095698, -32.868084867711801 ], [ 20.251920363149601, -32.868089486345298 ], [ 20.251905389084801, -32.868094200825098 ], [ 20.251890457760201, -32.868099010880698 ], [ 20.251875570032301, -32.868103916236201 ], [ 20.2518607267553, -32.868108916610304 ], [ 20.251845928780501, -32.868114011716003 ], [ 20.251831176956902, -32.868119201261102 ], [ 20.251816472130699, -32.868124484947899 ] ], [ [ 20.251469341405301, -32.868250526742202 ], [ 20.251466088412901, -32.8682517111057 ], [ 20.2514628382052, -32.868252900901503 ], [ 20.251459590794902, -32.8682540961249 ], [ 20.251456346194601, -32.868255296771402 ], [ 20.251453104417202, -32.868256502836097 ], [ 20.251449865475202, -32.868257714314502 ], [ 20.251446629381501, -32.868258931201602 ], [ 20.251443396148701, -32.868260153492798 ], [ 20.251440165789401, -32.868261381183203 ] ], [ [ 20.2508798553887, -32.868474887379399 ], [ 20.250879327244, -32.868475088768598 ], [ 20.2508787992256, -32.868475290393597 ], [ 20.250878271333701, -32.868475492254397 ], [ 20.250877743568498, -32.868475694350998 ], [ 20.2508772159301, -32.868475896683201 ], [ 20.2508766884187, -32.868476099250998 ], [ 20.250876161034402, -32.868476302054397 ], [ 20.250875633777301, -32.868476505093298 ], [ 20.250875106647602, -32.868476708367702 ] ] ] } },
{ "type": "Feature", "properties": { "name": "Block Reference [8604]:0" }, "geometry": { "type": "MultiLineString", "coordinates": [ [ [ 20.2540428046836, -32.8676307108828 ], [ 20.2539915797486, -32.8676284348983 ] ], [ [ 20.253470660345801, -32.867687759858399 ], [ 20.252817186596001, -32.867871047897196 ] ], [ [ 20.252800149478499, -32.8678759648487 ], [ 20.2519681575912, -32.868122874328797 ] ], [ [ 20.2518375850895, -32.868165896653899 ], [ 20.251490454240201, -32.868291938494202 ] ], [ [ 20.2514621495177, -32.868302468936399 ], [ 20.250901838917301, -32.868515975216702 ] ], [ [ 20.2508973218109, -32.868517707386602 ], [ 20.248694527648901, -32.869367729336901 ] ], [ [ 20.253991579747598, -32.867628434899302 ], [ 20.253932868365201, -32.867626856190398 ], [ 20.253874129921702, -32.867627334344697 ], [ 20.253815465550101, -32.8676298685387 ], [ 20.253756976255701, -32.867634454409199 ], [ 20.2536987627429, -32.867641084060402 ], [ 20.253640925240699, -32.867649746077497 ], [ 20.253583563331301, -32.867660425546703 ], [ 20.2535267757779, -32.867673104080502 ], [ 20.2534706603548, -32.867687759849403 ] ], [ [ 20.252817186594999, -32.867871047898198 ], [ 20.252815288642299, -32.867871581942701 ], [ 20.2528133919085, -32.867872119062497 ], [ 20.2528114964006, -32.867872659255497 ], [ 20.252809602125598, -32.867873202519803 ], [ 20.252807709090401, -32.867873748853299 ], [ 20.252805817302001, -32.867874298254101 ], [ 20.252803926767399, -32.867874850720199 ], [ 20.252802037493598, -32.867875406249397 ], [ 20.252800149487499, -32.867875964839698 ] ], [ [ 20.251968157590198, -32.868122874329799 ], [ 20.251953481807099, -32.868127282359801 ], [ 20.251938846005501, -32.868131784067899 ], [ 20.251924251024899, -32.868136379195803 ], [ 20.251909697702601, -32.868141067479897 ], [ 20.251895186873298, -32.868145848651302 ], [ 20.251880719369701, -32.8681507224358 ], [ 20.2518662960215, -32.868155688553699 ], [ 20.251851917656101, -32.8681607467201 ], [ 20.2518375850985, -32.868165896644904 ] ], [ [ 20.2514904542392, -32.868291938495197 ], [ 20.2514872983499, -32.868293087505002 ], [ 20.251484145162099, -32.868294241784902 ], [ 20.251480994688201, -32.868295401330599 ], [ 20.251477846940499, -32.868296566137303 ], [ 20.2514747019314, -32.868297736200603 ], [ 20.251471559673099, -32.8682989115159 ], [ 20.251468420178099, -32.868300092078499 ], [ 20.251465283458501, -32.868301277883901 ], [ 20.251462149526699, -32.868302468927403 ] ], [ [ 20.250901838916299, -32.868515975217697 ], [ 20.2509013365346, -32.868516166783003 ], [ 20.2509008342731, -32.868516358572698 ], [ 20.250900332131899, -32.868516550586698 ], [ 20.250899830111202, -32.868516742824902 ], [ 20.250899328211101, -32.868516935287303 ], [ 20.250898826431801, -32.868517127973803 ], [ 20.250898324773399, -32.868517320884401 ], [ 20.250897823235999, -32.868517514018997 ], [ 20.250897321819799, -32.868517707377599 ] ] ] } },
{ "type": "Feature", "properties": { "name": "Block Reference [8603]:0" }, "geometry": { "type": "MultiLineString", "coordinates": [ [ [ 20.263293982318199, -32.868219220809898 ], [ 20.262472018863999, -32.868652141139599 ] ], [ [ 20.2616829855668, -32.868900537123899 ], [ 20.261398940349199, -32.868938273828398 ] ], [ [ 20.260431791582999, -32.868952537251303 ], [ 20.258629153370901, -32.868767243672103 ] ], [ [ 20.258146581708701, -32.868700875751699 ], [ 20.257877718320302, -32.868654436924203 ] ], [ [ 20.2578777183193, -32.868654436925198 ], [ 20.257792345197799, -32.868602877560903 ] ], [ [ 20.257792345196801, -32.868602877561898 ], [ 20.2573743290035, -32.868530675073799 ] ], [ [ 20.257374329002499, -32.868530675074901 ], [ 20.2572592012739, -32.868547602581998 ] ], [ [ 20.257259201272898, -32.868547602583 ], [ 20.2561547891532, -32.868356833018503 ] ], [ [ 20.255511364899402, -32.868102968538203 ], [ 20.255213050878702, -32.867902380055398 ] ], [ [ 20.2542529046376, -32.867594901115297 ], [ 20.2524577009297, -32.867515128551098 ] ], [ [ 20.251262494655101, -32.866965050442701 ], [ 20.251209805635099, -32.866903403107301 ] ], [ [ 20.249646629458798, -32.866963785522302 ], [ 20.249543378016799, -32.867111353422899 ] ], [ [ 20.248501188458501, -32.867806354915601 ], [ 20.2478124682202, -32.8679861911518 ] ], [ [ 20.2466207855257, -32.8687796495905 ], [ 20.2462791046479, -32.869266305112099 ] ], [ [ 20.244828765763, -32.870282871906198 ], [ 20.243956950680399, -32.870551682218299 ] ], [ [ 20.242994022378799, -32.870657507318199 ], [ 20.242968104011901, -32.870655504866399 ] ], [ [ 20.2423713169443, -32.870677594584002 ], [ 20.2420283998812, -32.870729943764601 ] ], [ [ 20.241410120431102, -32.870617113477898 ], [ 20.241314200265499, -32.870561150745999 ] ], [ [ 20.2393983578493, -32.870416691251798 ], [ 20.238620141808902, -32.870715238479697 ] ], [ [ 20.2364586996048, -32.8711249095754 ], [ 20.236217246925499, -32.871128006353999 ] ], [ [ 20.2356933085115, -32.871022978649101 ], [ 20.235519725641101, -32.870946412603899 ] ], [ [ 20.2339524041566, -32.8715332240102 ], [ 20.2338891004819, -32.871738989959503 ] ], [ [ 20.233085052905, -32.872380112023002 ], [ 20.228919284757101, -32.873082952412403 ] ], [ [ 20.228891735916299, -32.873087911649399 ], [ 20.228497195348901, -32.873163423868696 ] ], [ [ 20.228457169553899, -32.873170894104597 ], [ 20.226106965424702, -32.873598351483601 ] ], [ [ 20.2616829855668, -32.868900537123899 ], [ 20.261775685840401, -32.868886425166302 ], [ 20.2618675474186, -32.868868835831698 ], [ 20.2619583872325, -32.868847804173498 ], [ 20.262048024250301, -32.868823372105098 ], [ 20.2621362798372, -32.868795588316303 ], [ 20.262222978112, -32.868764508176803 ], [ 20.2623079462976, -32.868730193624998 ], [ 20.262391015065202, -32.868692713045299 ], [ 20.262472018872, -32.868652141131598 ] ], [ [ 20.260431791582999, -32.868952537251303 ], [ 20.2605390071637, -32.868962144921397 ], [ 20.260646522628001, -32.868968960259899 ], [ 20.260754235882398, -32.8689729767949 ], [ 20.260862044646, -32.868974190712301 ], [ 20.260969846546999, -32.868972600859102 ], [ 20.26107753922, -32.868968208745102 ], [ 20.261185020403602, -32.868961018540602 ], [ 20.261292188036901, -32.868951037073003 ], [ 20.2613989403572, -32.868938273820397 ] ], [ [ 20.258146581708701, -32.868700875751699 ], [ 20.258199867364301, -32.868709869559801 ], [ 20.2582532464046, -32.8687184599655 ], [ 20.258306714541298, -32.868726646278702 ], [ 20.2583602674787, -32.868734427841702 ], [ 20.2584139009147, -32.868741804029298 ], [ 20.258467610540499, -32.868748774248999 ], [ 20.2585213920411, -32.868755337940797 ], [ 20.258575241095901, -32.868761494577399 ], [ 20.258629153378902, -32.868767243664102 ] ], [ [ 20.255511364899402, -32.868102968538203 ], [ 20.255574931115799, -32.868143462901401 ], [ 20.255640919688702, -32.868181096532602 ], [ 20.255709150034001, -32.868215766442098 ], [ 20.255779435432, -32.8682473777505 ], [ 20.255851583538501, -32.868275843948801 ], [ 20.255925396911, -32.868301087134803 ], [ 20.256000673549298, -32.868323038226599 ], [ 20.256077207448101, -32.868341637151502 ], [ 20.256154789161201, -32.868356833010502 ] ], [ [ 20.2552130508777, -32.8679023800564 ], [ 20.255119945560001, -32.867844084310299 ], [ 20.255022305030302, -32.867791336960899 ], [ 20.254920592735498, -32.867744388367299 ], [ 20.254815291446501, -32.867703461364698 ], [ 20.254706900966401, -32.8676687502075 ], [ 20.254595935758701, -32.867640419647003 ], [ 20.254482922506099, -32.867618604149897 ], [ 20.2543683976102, -32.867603407259899 ], [ 20.254252904646599, -32.867594901106301 ] ], [ [ 20.251262494655101, -32.866965050442701 ], [ 20.251360136219699, -32.867068103900003 ], [ 20.251469397809402, -32.867162484630498 ], [ 20.251589203908299, -32.867247263567002 ], [ 20.2517183751918, -32.8673216061581 ], [ 20.251855640136, -32.867384780584104 ], [ 20.251999647534301, -32.867436164961703 ], [ 20.252148979800101, -32.867475253466502 ], [ 20.252302166922298, -32.867501661313 ], [ 20.2524577009377, -32.867515128543097 ] ], [ [ 20.251209805634101, -32.866903403108303 ], [ 20.251071927417598, -32.866774696695799 ], [ 20.250904046784001, -32.866674537871603 ], [ 20.2507142835853, -32.8666077709455 ], [ 20.2505118159776, -32.866577625174799 ], [ 20.250306436532298, -32.866585558589001 ], [ 20.250108078642299, -32.866631187476301 ], [ 20.2499263361196, -32.866712304941601 ], [ 20.249769999211299, -32.866824987638203 ], [ 20.249646629467801, -32.866963785513299 ] ], [ [ 20.248501188458501, -32.867806354915601 ], [ 20.248643439362102, -32.867763749787002 ], [ 20.248781081680001, -32.867711463489997 ], [ 20.2489131920861, -32.867649846771599 ], [ 20.249038884369099, -32.867579312968303 ], [ 20.249157315376898, -32.867500335233501 ], [ 20.249267690673801, -32.8674134433627 ], [ 20.249369269869302, -32.867319220239303 ], [ 20.2494613715849, -32.867218297924097 ], [ 20.2495433780248, -32.867111353414899 ] ], [ [ 20.247812468219202, -32.867986191152802 ], [ 20.247649919799301, -32.868034861566699 ], [ 20.247492624296001, -32.8680945725187 ], [ 20.247341632589301, -32.8681649250872 ], [ 20.2471979534509, -32.8682454492548 ], [ 20.2470625468052, -32.868335607047499 ], [ 20.2469363173172, -32.868434796128597 ], [ 20.246820108348199, -32.868542353822299 ], [ 20.246714696321501, -32.868657561540097 ], [ 20.246620785534699, -32.868779649581498 ] ], [ [ 20.244828765763, -32.870282871906198 ], [ 20.245026449732901, -32.870214610629098 ], [ 20.245217404309599, -32.870133851292998 ], [ 20.245400521904799, -32.8700410623305 ], [ 20.245574740396499, -32.869936781948901 ], [ 20.245739049291199, -32.869821615008199 ], [ 20.245892495584702, -32.869696229511497 ], [ 20.246034189290501, -32.869561352729903 ], [ 20.2461633086014, -32.869417766983801 ], [ 20.246279104655901, -32.869266305104098 ] ], [ [ 20.242994022378799, -32.870657507318199 ], [ 20.243102546355001, -32.870663630852299 ], [ 20.2432112956255, -32.870665255222299 ], [ 20.2433200084246, -32.870662376518197 ], [ 20.243428423074601, -32.870655001668801 ], [ 20.243536278615402, -32.870643148425501 ], [ 20.243643315433101, -32.870626845319599 ], [ 20.243749275884699, -32.8706061315931 ], [ 20.243853904918499, -32.8705810571049 ], [ 20.2439569506884, -32.870551682210298 ] ], [ [ 20.242968104010899, -32.870655504867401 ], [ 20.242901724256299, -32.8706512233897 ], [ 20.242835222101998, -32.870648625739904 ], [ 20.2427686575103, -32.8706477142604 ], [ 20.242702090500199, -32.870648489772897 ], [ 20.2426355810925, -32.870650951578099 ], [ 20.242569189256301, -32.8706550974563 ], [ 20.242502974854599, -32.870660923669 ], [ 20.242436997590499, -32.870668424963199 ], [ 20.242371316953299, -32.870677594575 ] ], [ [ 20.241410120431102, -32.870617113477898 ], [ 20.241471151407499, -32.870649500753601 ], [ 20.2415352894525, -32.870677285198703 ], [ 20.2416020483425, -32.870700256181202 ], [ 20.241670921984301, -32.870718239559302 ], [ 20.241741388251501, -32.870731099001802 ], [ 20.241812912943502, -32.870738737021703 ], [ 20.2418849538352, -32.870741095715303 ], [ 20.2419569647877, -32.870738157201501 ], [ 20.2420283998892, -32.870729943756601 ] ], [ [ 20.241314200264501, -32.870561150747001 ], [ 20.241123485868201, -32.870463008501801 ], [ 20.240920722312499, -32.870383917035802 ], [ 20.240708570505799, -32.870324914270199 ], [ 20.240489814539899, -32.870286774498602 ], [ 20.240267325158602, -32.870269998227698 ], [ 20.2400440220908, -32.870274805610201 ], [ 20.239822835740799, -32.870301133556502 ], [ 20.239606668739299, -32.870348636562497 ], [ 20.239398357858299, -32.870416691242802 ] ], [ [ 20.2364586996048, -32.8711249095754 ], [ 20.236706386986299, -32.871116950930002 ], [ 20.236953384509199, -32.871099447802301 ], [ 20.237199175963401, -32.871072436771598 ], [ 20.237443247660298, -32.871035974288098 ], [ 20.237685089506801, -32.870990136554802 ], [ 20.237924196072399, -32.870935019368503 ], [ 20.238160067645499, -32.870870737918999 ], [ 20.2383922112781, -32.870797426548798 ], [ 20.238620141816899, -32.870715238471703 ] ], [ [ 20.2356933085115, -32.871022978649101 ], [ 20.235747631751298, -32.8710453516277 ], [ 20.235803335049201, -32.871065161142802 ], [ 20.2358602486973, -32.871082346841199 ], [ 20.235918199299501, -32.871096856364098 ], [ 20.235977010300498, -32.871108645505601 ], [ 20.236036502523099, -32.871117678348199 ], [ 20.236096494714602, -32.871123927371798 ], [ 20.236156804098901, -32.871127373537497 ], [ 20.236217246933499, -32.871128006345998 ] ], [ [ 20.235519725640099, -32.870946412604901 ], [ 20.235316975962, -32.870877731673403 ], [ 20.235102105899401, -32.870844379868501 ], [ 20.234883666565, -32.870847684476502 ], [ 20.234670351101901, -32.870887513981003 ], [ 20.234470648757, -32.8709622832977 ], [ 20.234292507065899, -32.871069016850498 ], [ 20.2341430155872, -32.8712034669798 ], [ 20.2340281237677, -32.871360282974599 ], [ 20.233952404165599, -32.871533224001197 ] ], [ [ 20.233085052905, -32.872380112023002 ], [ 20.2332102046649, -32.872352068605501 ], [ 20.2333302667551, -32.872311139423701 ], [ 20.2334433841012, -32.872257956874599 ], [ 20.2335478089405, -32.872193342680703 ], [ 20.233641927827701, -32.872118295193303 ], [ 20.233724286565302, -32.8720339739655 ], [ 20.233793612671398, -32.871941681835096 ], [ 20.233848835040401, -32.871842844793399 ], [ 20.2338891004899, -32.871738989951503 ] ], [ [ 20.228919284756099, -32.873082952413398 ], [ 20.228916216426899, -32.873083473888698 ], [ 20.228913149876401, -32.8730840027618 ], [ 20.228910085129499, -32.873084539028298 ], [ 20.228907022211299, -32.8730850826839 ], [ 20.228903961146798, -32.873085633724102 ], [ 20.228900901960898, -32.873086192144498 ], [ 20.228897844678698, -32.873086757940399 ], [ 20.228894789325199, -32.8730873311073 ], [ 20.228891735925298, -32.873087911640397 ] ], [ [ 20.228457169553899, -32.873170894104597 ], [ 20.2284616215277, -32.873170081984199 ], [ 20.228466072350699, -32.873169265384497 ], [ 20.228470522016401, -32.873168444306401 ], [ 20.2284749705188, -32.873167618751303 ], [ 20.2284794178513, -32.873166788720297 ], [ 20.2284838640077, -32.8731659542145 ], [ 20.2284883089816, -32.873165115235203 ], [ 20.228492752766801, -32.873164271783502 ], [ 20.228497195356901, -32.873163423860703 ] ] ] } },
{ "type": "Feature", "properties": { "name": "Block Reference [8602]:0" }, "geometry": { "type": "MultiLineString", "coordinates": [ [ [ 20.263322266060101, -32.868257465673601 ], [ 20.262500302383099, -32.868690386183502 ] ], [ [ 20.261691293231198, -32.868945070785799 ], [ 20.261407247874299, -32.868982807506903 ] ], [ [ 20.2604253329859, -32.8689972886921 ], [ 20.2586226938853, -32.8688119950084 ] ], [ [ 20.258135870255298, -32.868745042312298 ], [ 20.256144076760499, -32.868400999397402 ] ], [ [ 20.255478075989899, -32.868138227272702 ], [ 20.255179761929298, -32.867937638710998 ] ], [ [ 20.254250096168001, -32.867639920869699 ], [ 20.252454891557001, -32.867560148252799 ] ], [ [ 20.251219169476801, -32.866991423199103 ], [ 20.251166480472001, -32.866929775846003 ] ], [ [ 20.249692628241, -32.866986707846998 ], [ 20.249589376847101, -32.867134275785702 ] ], [ [ 20.2485169787359, -32.867849422508201 ], [ 20.247828258193, -32.8680292588258 ] ], [ [ 20.246666744506399, -32.868802629989297 ], [ 20.246325063786401, -32.869289285637002 ] ], [ [ 20.244847099215399, -32.870325215980202 ], [ 20.243975283768499, -32.870594026413102 ] ], [ [ 20.242989151898499, -32.870702401560798 ], [ 20.242963233518601, -32.870700399107797 ] ], [ [ 20.242380826570599, -32.870721956549403 ], [ 20.242037909341299, -32.8707743057534 ] ], [ [ 20.241379740609901, -32.870654196034899 ], [ 20.2412838204243, -32.8705982332798 ] ], [ [ 20.239420466033302, -32.8704577315074 ], [ 20.238642249702799, -32.8707562788667 ] ], [ [ 20.237381877102798, -32.871091928371698 ], [ 20.2373375910528, -32.871117067936098 ] ], [ [ 20.237337591051801, -32.871117067937099 ], [ 20.237292853468301, -32.871141900737904 ] ], [ [ 20.236873731307099, -32.871187626629698 ], [ 20.236818778695099, -32.871173499245998 ] ], [ [ 20.236818778694101, -32.871173499247 ], [ 20.236764197039999, -32.871158910327097 ] ], [ [ 20.236459511491599, -32.871169986313298 ], [ 20.23621805869, -32.871173083091598 ] ], [ [ 20.235668562059399, -32.871062932028501 ], [ 20.235494979133801, -32.870986365948703 ] ], [ [ 20.234004112004399, -32.871544552561701 ], [ 20.233940808440099, -32.871750318538403 ] ], [ [ 20.233095527617198, -32.872424318863203 ], [ 20.228929757469899, -32.873127159567197 ] ], [ [ 20.228903552462501, -32.873131876892302 ], [ 20.228509011708798, -32.873207389145598 ] ], [ [ 20.228468426093301, -32.873214963863703 ], [ 20.226118220846399, -32.873642421434702 ] ], [ [ 20.261691293231198, -32.868945070785799 ], [ 20.261786340393201, -32.868930601556997 ], [ 20.261880527625301, -32.868912566914702 ], [ 20.261973667223799, -32.8688910027997 ], [ 20.262065573573199, -32.868865952186603 ], [ 20.262156063516201, -32.868837464998002 ], [ 20.262244956718501, -32.868805598005302 ], [ 20.262332076028699, -32.8687704147153 ], [ 20.2624172478309, -32.868731985243699 ], [ 20.2625003023911, -32.868690386175501 ] ], [ [ 20.2604253329859, -32.8689972886921 ], [ 20.260534185499701, -32.869007043049898 ], [ 20.260643342476001, -32.869013962443603 ], [ 20.2607527002626, -32.8690180403025 ], [ 20.260862155016898, -32.8690192727544 ], [ 20.260971602803799, -32.8690176586287 ], [ 20.261080939694999, -32.869013199458003 ], [ 20.261190061867499, -32.869005899476598 ], [ 20.261298865702098, -32.868995765615999 ], [ 20.2614072478823, -32.868982807498902 ] ], [ [ 20.258135870255298, -32.868745042312298 ], [ 20.2581896254135, -32.868754115365803 ], [ 20.258243474779299, -32.8687627814625 ], [ 20.2582974140266, -32.8687710399062 ], [ 20.2583514388221, -32.868778890033497 ], [ 20.2584055448255, -32.868786331213698 ], [ 20.258459727690202, -32.868793362848898 ], [ 20.2585139830631, -32.868799984374199 ], [ 20.258568306585602, -32.868806195257697 ], [ 20.258622693893301, -32.868811995000399 ] ], [ [ 20.255478075989899, -32.868138227272702 ], [ 20.255543872610499, -32.868180142507597 ], [ 20.255612176586801, -32.868219096633503 ], [ 20.255682800998098, -32.868254983046697 ], [ 20.255755552573099, -32.868287703538599 ], [ 20.255830232218202, -32.868317168564602 ], [ 20.2559066355631, -32.868343297488899 ], [ 20.255984553519301, -32.868366018805702 ], [ 20.256063772853, -32.868385270334201 ], [ 20.2561440767685, -32.868400999389401 ] ], [ [ 20.2551797619283, -32.867937638712 ], [ 20.255089612319399, -32.867881193601598 ], [ 20.254995071466102, -32.867830120749502 ], [ 20.254896588103399, -32.867784662566997 ], [ 20.254794629676301, -32.867745034815798 ], [ 20.254689680121999, -32.867711425583799 ], [ 20.254582237572599, -32.867683994392401 ], [ 20.254472811991601, -32.867662871439698 ], [ 20.254361922752999, -32.867648156982597 ], [ 20.254250096177, -32.867639920860697 ] ], [ [ 20.251219169476801, -32.866991423199103 ], [ 20.2513201209056, -32.867097970026897 ], [ 20.251433086274702, -32.867195550138199 ], [ 20.251556953610098, -32.867283202970697 ], [ 20.251690503609701, -32.867360065681702 ], [ 20.251832421645901, -32.867425381642903 ], [ 20.2519813107068, -32.867478507888997 ], [ 20.252135705149801, -32.867518921448102 ], [ 20.252294085130401, -32.867546224490397 ], [ 20.252454891565002, -32.867560148244799 ] ], [ [ 20.251166480470999, -32.866929775846998 ], [ 20.251036481021199, -32.866808424046397 ], [ 20.250878193535801, -32.866713988544802 ], [ 20.2506992738811, -32.866651036841702 ], [ 20.250508375759999, -32.866622613671296 ], [ 20.250314732185799, -32.866630093749798 ], [ 20.250127708947598, -32.866673115291398 ], [ 20.249956351655701, -32.866749597505603 ], [ 20.2498089482682, -32.866855841230702 ], [ 20.249692628249999, -32.866986707838002 ] ], [ [ 20.2485169787359, -32.867849422508201 ], [ 20.248663352915901, -32.867805582428701 ], [ 20.2488049849192, -32.867751780563196 ], [ 20.2489409246554, -32.8676883778258 ], [ 20.249070260224499, -32.867615799534804 ], [ 20.2491921240346, -32.8675345325588 ], [ 20.249305698622202, -32.867445122050597 ], [ 20.249410222136099, -32.867348167789601 ], [ 20.249504993447999, -32.8672443201581 ], [ 20.249589376855099, -32.867134275777701 ] ], [ [ 20.247828258192001, -32.868029258826802 ], [ 20.247669824854999, -32.868076697099603 ], [ 20.247516511459001, -32.868134896407497 ], [ 20.247369342280699, -32.8682034679276 ], [ 20.247229300554402, -32.868281953540702 ], [ 20.247097321903901, -32.868369828891801 ], [ 20.2469742880917, -32.868466506892098 ], [ 20.2468610211283, -32.868571341641399 ], [ 20.2467582777807, -32.868683632742602 ], [ 20.246666744515402, -32.868802629980301 ] ], [ [ 20.244847099215399, -32.870325215980202 ], [ 20.245048548674099, -32.870255654457303 ], [ 20.245243140548201, -32.870173356812501 ], [ 20.245429746150901, -32.870078800401501 ], [ 20.245607283128301, -32.869972533684297 ], [ 20.2457747217383, -32.8698551730429 ], [ 20.245931090823799, -32.869727399205203 ], [ 20.2460754834459, -32.869589953296497 ], [ 20.2462070621444, -32.869443632539401 ], [ 20.246325063794401, -32.869289285629002 ] ], [ [ 20.242989151898499, -32.870702401560798 ], [ 20.243100290965899, -32.870708672653898 ], [ 20.243211660757002, -32.870710336167001 ], [ 20.2433229931979, -32.870707388095902 ], [ 20.2434340203049, -32.8706998355363 ], [ 20.2435444748291, -32.870687696667503 ], [ 20.2436540909003, -32.870671000708299 ], [ 20.243762604666799, -32.870649787846403 ], [ 20.2438697549306, -32.870624109142 ], [ 20.2439752837765, -32.870594026405101 ] ], [ [ 20.2429632335176, -32.870700399108799 ], [ 20.242898453242798, -32.870696220796603 ], [ 20.2428335535174, -32.870693685739099 ], [ 20.242768592859001, -32.870692796222002 ], [ 20.2427036298403, -32.870693553047303 ], [ 20.242638723036201, -32.870695955532597 ], [ 20.2425739309707, -32.870700001511601 ], [ 20.242509312064499, -32.870705687335999 ], [ 20.242444924582198, -32.870713007879203 ], [ 20.242380826579598, -32.8707219565404 ] ], [ [ 20.241379740609901, -32.870654196034899 ], [ 20.241444709084799, -32.8706886728271 ], [ 20.2415129850901, -32.870718249830603 ], [ 20.2415840510325, -32.870742702823797 ], [ 20.241657368166599, -32.870761846429403 ], [ 20.241732380679601, -32.8707755355206 ], [ 20.241808519905302, -32.870783666320598 ], [ 20.241885208634901, -32.870786177189999 ], [ 20.241961865494002, -32.870783049093603 ], [ 20.2420379093493, -32.8707743057454 ] ], [ [ 20.241283820423298, -32.870598233280802 ], [ 20.2410983310305, -32.8705027798229 ], [ 20.240901122571, -32.870425855210499 ], [ 20.240694783055499, -32.8703684689306 ], [ 20.240482020303698, -32.870331374064598 ], [ 20.2402656264142, -32.870315057407801 ], [ 20.240048441129002, -32.870319733081999 ], [ 20.239833314573001, -32.870345339725802 ], [ 20.2396230698584, -32.8703915413003 ], [ 20.239420466042301, -32.870457731498398 ] ], [ [ 20.237381877102798, -32.871091928371698 ], [ 20.237526200609999, -32.871067475111502 ], [ 20.237669692968499, -32.871039756672197 ], [ 20.2378122504626, -32.871008793088698 ], [ 20.237953770052599, -32.870974606740901 ], [ 20.2380941494492, -32.870937222338704 ], [ 20.2382332871877, -32.870896666903199 ], [ 20.2383710827012, -32.870852969747403 ], [ 20.238507436393501, -32.870806162455303 ], [ 20.2386422497108, -32.8707562788587 ] ], [ [ 20.236873731307099, -32.871187626629698 ], [ 20.236920489685101, -32.871183885735 ], [ 20.2369672086372, -32.871179809125998 ], [ 20.237013884778399, -32.871175397098 ], [ 20.2370605147273, -32.8711706499708 ], [ 20.2371070951055, -32.871165568088102 ], [ 20.237153622538301, -32.871160151818103 ], [ 20.237200093654899, -32.871154401553397 ], [ 20.237246505088301, -32.8711483177104 ], [ 20.237292853476301, -32.871141900729903 ] ], [ [ 20.236459511491599, -32.871169986313298 ], [ 20.236493395496101, -32.871169463181197 ], [ 20.236527275014801, -32.871168763079403 ], [ 20.236561148749701, -32.871167886034598 ], [ 20.236595015403001, -32.871166832080398 ], [ 20.236628873677301, -32.871165601257204 ], [ 20.236662722275501, -32.871164193612202 ], [ 20.2366965599008, -32.871162609199203 ], [ 20.236730385256902, -32.8711608480791 ], [ 20.236764197048, -32.871158910319103 ] ], [ [ 20.235668562059399, -32.871062932028501 ], [ 20.235725535232501, -32.8710863963829 ], [ 20.235783955786498, -32.871107172225599 ], [ 20.235843645734398, -32.871125196259698 ], [ 20.2359044232219, -32.871140413571901 ], [ 20.2359661030805, -32.871152777799999 ], [ 20.2360284973925, -32.8711622512742 ], [ 20.236091416063299, -32.871168805131902 ], [ 20.236154667400498, -32.871172419405603 ], [ 20.236218058698, -32.871173083083598 ] ], [ [ 20.235494979132799, -32.870986365949697 ], [ 20.235302119608601, -32.870921035276197 ], [ 20.2350977309153, -32.870889310371702 ], [ 20.234889947053599, -32.870892453779199 ], [ 20.234687037127301, -32.870930340397997 ], [ 20.234497076288601, -32.871001462462203 ], [ 20.234327624399999, -32.871102989540802 ], [ 20.234185425193399, -32.871230881170703 ], [ 20.2340761378981, -32.871380047644401 ], [ 20.234004112013402, -32.871544552552699 ] ], [ [ 20.233095527617198, -32.872424318863203 ], [ 20.233227097476298, -32.872394837308399 ], [ 20.233353316647001, -32.8723518091752 ], [ 20.233472234919901, -32.872295899292098 ], [ 20.2335820149009, -32.872227971522904 ], [ 20.233680960402801, -32.872149075417902 ], [ 20.2337675426534, -32.872060429996402 ], [ 20.233840423916099, -32.871963404909899 ], [ 20.233898478158501, -32.871859499279303 ], [ 20.2339408084481, -32.871750318530403 ] ], [ [ 20.228929757468901, -32.873127159568199 ], [ 20.228926838812999, -32.873127655605799 ], [ 20.228923921848899, -32.873128158680402 ], [ 20.228921006600501, -32.8731286687877 ], [ 20.2289180930916, -32.873129185923702 ], [ 20.228915181346, -32.8731297100841 ], [ 20.228912271387401, -32.873130241264597 ], [ 20.228909363239602, -32.873130779461 ], [ 20.228906456926399, -32.873131324668698 ], [ 20.2289035524715, -32.873131876883299 ] ], [ [ 20.228468426093301, -32.873214963863703 ], [ 20.228472940334498, -32.873214140384697 ], [ 20.2284774534089, -32.873213312363603 ], [ 20.2284819653099, -32.873212479801602 ], [ 20.2284864760312, -32.8732116426999 ], [ 20.2284909855663, -32.873210801059599 ], [ 20.228495493908799, -32.8732099548821 ], [ 20.2285000010523, -32.873209104168502 ], [ 20.228504506990401, -32.873208248919902 ], [ 20.228509011716799, -32.873207389137598 ] ] ] } },
{ "type": "Feature", "properties": { "name": "Block Reference [84E6]:0" }, "geometry": { "type": "MultiLineString", "coordinates": [ [ [ 20.268214079755001, -32.864908823314501 ], [ 20.2682136155344, -32.864906507688303 ], [ 20.2682122408726, -32.864904465707397 ], [ 20.268210121574501, -32.864902943664703 ], [ 20.268207513258702, -32.864902125140802 ], [ 20.268204730526701, -32.864902108861699 ], [ 20.2682021090171, -32.864902896790802 ], [ 20.268199964922601, -32.864904393891898 ], [ 20.268198556852902, -32.8649064195927 ], [ 20.268198054642099, -32.864908729563602 ] ], [ [ 20.2681980546331, -32.864908729572598 ], [ 20.268198518855399, -32.864911045196799 ], [ 20.268199893518901, -32.8649130871759 ], [ 20.268202012819099, -32.864914609216797 ], [ 20.268204621137201, -32.864915427738801 ], [ 20.2682074038716, -32.864915444015899 ], [ 20.268210025383599, -32.8649146560848 ], [ 20.268212169480101, -32.864913158981402 ], [ 20.268213577551599, -32.864911133278497 ], [ 20.268214079764, -32.864908823305498 ] ] ] } },
{ "type": "Feature", "properties": { "name": "Block Reference [84E6]:1" }, "geometry": { "type": "MultiLineString", "coordinates": [ [ [ 20.267793710972601, -32.865292736489501 ], [ 20.268206067195099, -32.864908776442803 ] ], [ [ 20.2682060671941, -32.864908776443798 ], [ 20.267654174737601, -32.865135920538698 ] ] ] } },
{ "type": "Feature", "properties": { "name": "Block Reference [84E6]:2" }, "geometry": { "type": "MultiLineString", "coordinates": [ [ [ 20.267699205554699, -32.865380733291602 ], [ 20.267793710973599, -32.865292736488499 ] ], [ [ 20.267654174736599, -32.8651359205397 ], [ 20.2675431286806, -32.865181623671702 ] ], [ [ 20.267793710972601, -32.865292736489501 ], [ 20.267813613608201, -32.865267262896097 ], [ 20.267823472343299, -32.865237906352696 ], [ 20.267822366705602, -32.865207407797598 ], [ 20.267810399936199, -32.865178614792903 ], [ 20.267788689346499, -32.865154215655899 ], [ 20.267759261995302, -32.8651364884592 ], [ 20.267724865426199, -32.865127088335903 ], [ 20.2676887111393, -32.865126892945497 ], [ 20.267654174745601, -32.865135920530697 ] ] ] } },
{ "type": "Feature", "properties": { "name": "Block Reference [84E5]:0" }, "geometry": { "type": "MultiLineString", "coordinates": [ [ [ 20.268872365756899, -32.864497732963699 ], [ 20.268871901520999, -32.864495417339597 ], [ 20.268870526850201, -32.864493375365598 ], [ 20.268868407550301, -32.864491853333902 ], [ 20.2688657992401, -32.8644910348238 ], [ 20.268863016520498, -32.864491018559498 ], [ 20.2688603950286, -32.864491806502599 ], [ 20.268858250954999, -32.864493303615497 ], [ 20.268856842906899, -32.8644953293241 ], [ 20.268856340715601, -32.864497639298101 ] ], [ [ 20.268856340706598, -32.864497639307103 ], [ 20.2688568049441, -32.864499954929201 ], [ 20.2688581796167, -32.864501996901303 ], [ 20.2688602989187, -32.864503518931201 ], [ 20.268862907231199, -32.864504337439399 ], [ 20.268865689953198, -32.864504353701697 ], [ 20.268868311447399, -32.8645035657565 ], [ 20.2688704555231, -32.8645020686414 ], [ 20.2688718635731, -32.8645000429307 ], [ 20.268872365765901, -32.864497732954703 ] ] ] } },
{ "type": "Feature", "properties": { "name": "Block Reference [84E5]:1" }, "geometry": { "type": "MultiLineString", "coordinates": [ [ [ 20.269174053608701, -32.864743311942902 ], [ 20.2688643532328, -32.864497686134598 ] ], [ [ 20.268864353231798, -32.8644976861356 ], [ 20.268537514034499, -32.864726949504998 ] ] ] } },
{ "type": "Feature", "properties": { "name": "Block Reference [84E5]:2" }, "geometry": { "type": "MultiLineString", "coordinates": [ [ [ 20.269231983520999, -32.864789256378401 ], [ 20.269174053609699, -32.864743311941901 ] ], [ [ 20.2685375140335, -32.864726949506 ], [ 20.268474599650599, -32.864771080950703 ] ], [ [ 20.269174053608701, -32.864743311942902 ], [ 20.2691136870198, -32.864702623748499 ], [ 20.269046377594901, -32.864670621160599 ], [ 20.268973863427298, -32.864648130560198 ], [ 20.268898017003298, -32.864635732706397 ], [ 20.2688207968528, -32.864633747739902 ], [ 20.2687441969764, -32.8646422269167 ], [ 20.268670195358698, -32.864660951284499 ], [ 20.2686007028936, -32.8646894373367 ], [ 20.268537514042499, -32.864726949496998 ] ] ] } },
{ "type": "Feature", "properties": { "name": "Block Reference [84E4]:0" }, "geometry": { "type": "MultiLineString", "coordinates": [ [ [ 20.268916514868302, -32.864388564030101 ], [ 20.268916050631699, -32.864386248406099 ], [ 20.268914675961501, -32.864384206432597 ], [ 20.268912556663398, -32.864382684401697 ], [ 20.268909948356001, -32.864381865892497 ], [ 20.268907165639799, -32.864381849629197 ], [ 20.2689045441515, -32.8643826375733 ], [ 20.268902400081299, -32.864384134687 ], [ 20.268900992035899, -32.864386160396201 ], [ 20.268900489846398, -32.8643884703704 ] ], [ [ 20.268900489837399, -32.864388470379403 ], [ 20.268900954075502, -32.864390786001401 ], [ 20.268902328747501, -32.864392827972999 ], [ 20.268904448047699, -32.8643943500022 ], [ 20.268907056357499, -32.864395168509503 ], [ 20.268909839076102, -32.8643951847707 ], [ 20.2689124605667, -32.864394396824501 ], [ 20.268914604639001, -32.864392899708598 ], [ 20.268916012686201, -32.864390873997301 ], [ 20.268916514877301, -32.864388564021098 ] ] ] } },
{ "type": "Feature", "properties": { "name": "Block Reference [84E4]:1" }, "geometry": { "type": "MultiLineString", "coordinates": [ [ [ 20.269219491899602, -32.864107601222798 ], [ 20.268908502353799, -32.864388517203999 ] ], [ [ 20.268908502352801, -32.864388517205001 ], [ 20.269224129338198, -32.864665725583698 ] ] ] } },
{ "type": "Feature", "properties": { "name": "Block Reference [84E4]:2" }, "geometry": { "type": "MultiLineString", "coordinates": [ [ [ 20.269238450085901, -32.864090476262803 ], [ 20.2692194919006, -32.864107601221797 ] ], [ [ 20.2692241293372, -32.8646657255847 ], [ 20.269270604482699, -32.864706543490101 ] ], [ [ 20.269219491899602, -32.864107601222798 ], [ 20.269169412277002, -32.8641612598786 ], [ 20.269130707754499, -32.864221248061199 ], [ 20.269104475257802, -32.8642858656805 ], [ 20.269091458255598, -32.864353281442703 ], [ 20.269092025686898, -32.864421584749401 ], [ 20.269106161501298, -32.864488839844 ], [ 20.2691334651104, -32.864553140673102 ], [ 20.269173162738099, -32.864612664904698 ], [ 20.269224129346199, -32.864665725575698 ] ] ] } },
{ "type": "Feature", "properties": { "name": "Block Reference [84E3]:0" }, "geometry": { "type": "MultiLineString", "coordinates": [ [ [ 20.283166021581099, -32.860586500269299 ], [ 20.283165556991101, -32.860584184691902 ], [ 20.283164182048299, -32.860582142870101 ], [ 20.283162062591199, -32.860580621077503 ], [ 20.283159454257699, -32.860579802864699 ], [ 20.283156671651401, -32.860579786919999 ], [ 20.283154050395801, -32.860580575166502 ], [ 20.283151906653, -32.860582072529901 ], [ 20.283150498990199, -32.8605840984061 ], [ 20.2831499971924, -32.860586408444199 ] ], [ [ 20.283149997183401, -32.860586408453202 ], [ 20.283150461775001, -32.860588724028702 ], [ 20.2831518367196, -32.860590765848698 ], [ 20.283153956178801, -32.860592287639399 ], [ 20.283156564514599, -32.860593105850299 ], [ 20.283159347123199, -32.860593121793102 ], [ 20.283161968381201, -32.860592333544503 ], [ 20.283164112125998, -32.860590836178901 ], [ 20.2831655197907, -32.860588810300598 ], [ 20.283166021590102, -32.860586500260297 ] ] ] } },
{ "type": "Feature", "properties": { "name": "Block Reference [84E3]:1" }, "geometry": { "type": "MultiLineString", "coordinates": [ [ [ 20.282535339920301, -32.861031174068003 ], [ 20.2831580093832, -32.860586454360501 ] ], [ [ 20.283158009382301, -32.860586454361503 ], [ 20.282343442437899, -32.860622736698197 ] ] ] } },
{ "type": "Feature", "properties": { "name": "Block Reference [84E3]:2" }, "geometry": { "type": "MultiLineString", "coordinates": [ [ [ 20.282390463826498, -32.861134645613397 ], [ 20.282535339921299, -32.861031174067001 ] ], [ [ 20.2823434424369, -32.860622736699199 ], [ 20.282261103585601, -32.860626403927903 ] ], [ [ 20.282535339920301, -32.861031174068003 ], [ 20.282585896393002, -32.860983499459103 ], [ 20.2826190853594, -32.860925976557603 ], [ 20.282632378521701, -32.860862987452897 ], [ 20.282624763252201, -32.860799330639999 ], [ 20.282596819722301, -32.860739855469902 ], [ 20.282550676692701, -32.860689092728599 ], [ 20.282489849335601, -32.8606509094868 ], [ 20.282418971446301, -32.860628214513099 ], [ 20.282343442445899, -32.860622736690203 ] ] ] } },
{ "type": "Feature", "properties": { "name": "Block Reference [84E2]:0" }, "geometry": { "type": "MultiLineString", "coordinates": [ [ [ 20.292107866977801, -32.860499242612697 ], [ 20.292107402155299, -32.860496927065299 ], [ 20.292106027007002, -32.860494885339001 ], [ 20.292103907396299, -32.860493363695802 ], [ 20.292101298979698, -32.860492545668301 ], [ 20.2920985163707, -32.860492529922503 ], [ 20.292095895193199, -32.860493318357499 ], [ 20.292093751599801, -32.860494815876301 ], [ 20.2920923441398, -32.860496841855799 ], [ 20.292091842573601, -32.860499151933098 ] ], [ [ 20.292091842564599, -32.860499151942101 ], [ 20.292092307388799, -32.860501467487502 ], [ 20.292093682538901, -32.860503509212002 ], [ 20.2920958021516, -32.860505030853403 ], [ 20.2920984105705, -32.860505848879001 ], [ 20.2921011931819, -32.860505864622802 ], [ 20.292103814361798, -32.860505076185703 ], [ 20.292105957957201, -32.860503578664797 ], [ 20.292107365419099, -32.860501552682997 ], [ 20.2921078669868, -32.860499242603701 ] ], [ [ 20.291359355079599, -32.859287350032403 ], [ 20.2913588902823, -32.859285034482099 ], [ 20.291357515169398, -32.859282992747701 ], [ 20.291355395600199, -32.859281471092103 ], [ 20.291352787226, -32.859280653049403 ], [ 20.291350004655399, -32.859280637287497 ], [ 20.2913473835074, -32.859281425707302 ], [ 20.2913452399312, -32.859282923213797 ], [ 20.291343832473999, -32.859284949185302 ], [ 20.291343330895899, -32.859287259259801 ] ], [ [ 20.2913433308869, -32.859287259268797 ], [ 20.291343795685801, -32.859289574817197 ], [ 20.291345170800501, -32.859291616549797 ], [ 20.2913472903717, -32.859293138203498 ], [ 20.291349898748201, -32.8592939562444 ], [ 20.2913526813213, -32.859293972004302 ], [ 20.291355302471601, -32.859293183582302 ], [ 20.291357446049901, -32.859291686073703 ], [ 20.2913588535089, -32.859289660100004 ], [ 20.291359355088598, -32.859287350023401 ] ], [ [ 20.289398360823, -32.859823408320601 ], [ 20.289397896074199, -32.859821092763902 ], [ 20.2893965209987, -32.8598190510085 ], [ 20.289394401450998, -32.859817529320203 ], [ 20.28939179308, -32.859816711236697 ], [ 20.2893890104938, -32.859816695430901 ], [ 20.2893863893134, -32.859817483809202 ], [ 20.289384245691899, -32.8598189812813 ], [ 20.289382838181801, -32.859821007229797 ], [ 20.2893823365497, -32.8598233172956 ] ], [ [ 20.289382336540701, -32.859823317304603 ], [ 20.289382801291101, -32.859825632859298 ], [ 20.289384176368401, -32.859827674612902 ], [ 20.289386295918099, -32.859829196299401 ], [ 20.2893889042914, -32.859830014380996 ], [ 20.289391686880101, -32.859830030184803 ], [ 20.2893943080628, -32.859829241804398 ], [ 20.2893964516864, -32.859827744330197 ], [ 20.289397859198299, -32.859825718379398 ], [ 20.289398360831999, -32.859823408311598 ] ], [ [ 20.2892020848372, -32.857484759778799 ], [ 20.2892016201045, -32.8574824442208 ], [ 20.289200245068599, -32.857480402463104 ], [ 20.289198125579201, -32.857478880771602 ], [ 20.289195517278099, -32.857478062684699 ], [ 20.289192734765098, -32.857478046875499 ], [ 20.2891901136522, -32.857478835250902 ], [ 20.289187970084399, -32.857480332720897 ], [ 20.289186562607799, -32.857482358668499 ], [ 20.289186060984999, -32.857484668734401 ] ], [ [ 20.289186060976, -32.857484668743403 ], [ 20.289186525710299, -32.857486984299499 ], [ 20.289187900748001, -32.857489026055397 ], [ 20.289190020239499, -32.857490547745002 ], [ 20.289192628542899, -32.8574913658301 ], [ 20.289195411058401, -32.857491381637203 ], [ 20.289198032173601, -32.857490593259698 ], [ 20.2892001757434, -32.857489095787599 ], [ 20.2892015832218, -32.857487069837802 ], [ 20.289202084846199, -32.857484759769797 ] ], [ [ 20.287287859667298, -32.857739627340301 ], [ 20.287287394983402, -32.8577373117759 ], [ 20.287286019987899, -32.857735269997697 ], [ 20.2872839005258, -32.8577337482742 ], [ 20.287281292235601, -32.857732930147598 ], [ 20.287278509715801, -32.857732914295802 ], [ 20.287275888579199, -32.857733702630703 ], [ 20.2872737449737, -32.857735200067303 ], [ 20.287272337449899, -32.857737225992601 ], [ 20.287271835776, -32.857739536050097 ] ], [ [ 20.287271835767001, -32.8577395360591 ], [ 20.287272300452599, -32.857741851621498 ], [ 20.287273675449899, -32.857743893397803 ], [ 20.287275794913999, -32.857745415119503 ], [ 20.2872784032065, -32.8577462332442 ], [ 20.287281185728801, -32.857746249093999 ], [ 20.287283806867698, -32.857745460757101 ], [ 20.287285950475301, -32.857743963318299 ], [ 20.287287358000899, -32.857741937390799 ], [ 20.287287859676301, -32.857739627331298 ] ], [ [ 20.285489583543601, -32.859790995759099 ], [ 20.285489118896798, -32.859788680189297 ], [ 20.285487743912199, -32.859786638392201 ], [ 20.285485624433299, -32.859785116638498 ], [ 20.285483016100699, -32.859784298474104 ], [ 20.285480233517902, -32.859784282581401 ], [ 20.285477612305399, -32.859785070877301 ], [ 20.285475468620302, -32.8597865682815 ], [ 20.2854740610227, -32.859788594184899 ], [ 20.285473559289802, -32.859790904233598 ] ], [ [ 20.285473559280799, -32.859790904242601 ], [ 20.285474023929201, -32.859793219810498 ], [ 20.285475398915601, -32.859795261605697 ], [ 20.285477518396601, -32.859796783357602 ], [ 20.2854801267315, -32.859797601520199 ], [ 20.285482909316698, -32.859797617410898 ], [ 20.285485530531499, -32.859796829112902 ], [ 20.2854876742187, -32.859795331706501 ], [ 20.285489081818099, -32.859793305800899 ], [ 20.2854895835526, -32.859790995750103 ] ], [ [ 20.283644878321699, -32.860542596011001 ], [ 20.2836444137195, -32.860540280435202 ], [ 20.283643038766201, -32.860538238618503 ], [ 20.283640919301799, -32.860536716833899 ], [ 20.283638310964999, -32.860535898630999 ], [ 20.283635528359799, -32.860535882697 ], [ 20.283632907109599, -32.8605366709536 ], [ 20.283630763375701, -32.860538168325398 ], [ 20.283629355724401, -32.860540194207097 ], [ 20.283628853939199, -32.860542504247398 ] ], [ [ 20.2836288539302, -32.860542504256401 ], [ 20.2836293185341, -32.860544819830203 ], [ 20.283630693489101, -32.860546861645098 ], [ 20.283632812955599, -32.860548383427798 ], [ 20.283635421294701, -32.8605492016288 ], [ 20.283638203902299, -32.860549217560902 ], [ 20.283640825154901, -32.860548429302099 ], [ 20.283642968890799, -32.860546931928198 ], [ 20.283644376544, -32.860544906044403 ], [ 20.283644878330701, -32.860542596001999 ] ], [ [ 20.281812860616402, -32.860624197216303 ], [ 20.281812396061401, -32.860621881634401 ], [ 20.281811021149299, -32.860619839798098 ], [ 20.2818089017149, -32.860618317982897 ], [ 20.281806293393299, -32.860617499741998 ], [ 20.281803510786698, -32.8606174837672 ], [ 20.2818008895185, -32.860618271985203 ], [ 20.2817987457525, -32.860619769325098 ], [ 20.281797338058599, -32.860621795185601 ], [ 20.281796836225599, -32.860624105217802 ] ], [ [ 20.2817968362166, -32.860624105226798 ], [ 20.2817973007731, -32.860626420806803 ], [ 20.281798675687, -32.860628462641202 ], [ 20.281800795123502, -32.860629984454597 ], [ 20.281803403447402, -32.860630802693599 ], [ 20.2818061860564, -32.860630818666401 ], [ 20.2818088073269, -32.860630030446302 ], [ 20.281810951095, -32.860628533104197 ], [ 20.281812358790699, -32.860626507241598 ], [ 20.281812860625401, -32.860624197207301 ] ], [ [ 20.279434025309001, -32.860459826785601 ], [ 20.279433560816901, -32.860457511195698 ], [ 20.2794321859623, -32.860455469333999 ], [ 20.279430066573099, -32.860453947479101 ], [ 20.279427458279098, -32.860453129188997 ], [ 20.279424675679, -32.860453113161299 ], [ 20.279422054395699, -32.860453901329301 ], [ 20.279419910594498, -32.860455398627899 ], [ 20.279418502849701, -32.860457424461003 ], [ 20.279418000956198, -32.860459734482902 ] ], [ [ 20.279418000947199, -32.860459734491897 ], [ 20.279418465441001, -32.860462050079903 ], [ 20.2794198402974, -32.860464091939697 ], [ 20.279421959688602, -32.860465613792798 ], [ 20.279424567985, -32.860466432080997 ], [ 20.279427350587401, -32.860466448106699 ], [ 20.2794299718731, -32.8604656599367 ], [ 20.2794321156763, -32.8604641626358 ], [ 20.279433523422899, -32.860462136800599 ], [ 20.279434025318, -32.860459826776598 ] ], [ [ 20.2784508241004, -32.860520691538298 ], [ 20.278450359633499, -32.860518375945098 ], [ 20.278448984800701, -32.860516334072898 ], [ 20.278446865427199, -32.8605148122016 ], [ 20.278444257140901, -32.860513993890997 ], [ 20.278441474539601, -32.860513977841499 ], [ 20.278438853246101, -32.860514765988697 ], [ 20.2784367094273, -32.860516263270199 ], [ 20.2784353016593, -32.8605182890919 ], [ 20.278434799740101, -32.860520599109499 ] ], [ [ 20.278434799731102, -32.860520599118502 ], [ 20.278435264199501, -32.860522914709698 ], [ 20.278436639034101, -32.860524956580001 ], [ 20.2784387584096, -32.860526478449501 ], [ 20.278441366698299, -32.8605272967582 ], [ 20.278444149302, -32.860527312805701 ], [ 20.2784467705978, -32.8605265246565 ], [ 20.2784489144187, -32.860525027372702 ], [ 20.278450322188501, -32.860523001548998 ], [ 20.278450824109299, -32.860520691529302 ] ], [ [ 20.2776579902769, -32.860103122559302 ], [ 20.277657525832701, -32.860100806963302 ], [ 20.277656151024502, -32.860098765082597 ], [ 20.277654031674601, -32.860097243198098 ], [ 20.277651423407999, -32.860096424871202 ], [ 20.2776486408202, -32.860096408804303 ], [ 20.277646019532401, -32.860097196934902 ], [ 20.277643875710702, -32.860098694203003 ], [ 20.277642467931699, -32.860100720015602 ], [ 20.277641965994501, -32.860103030029997 ] ], [ [ 20.277641965985499, -32.860103030038999 ], [ 20.2776424304313, -32.860105345633002 ], [ 20.277643805241301, -32.860107387511803 ], [ 20.277645924593202, -32.860108909394498 ], [ 20.277648532862099, -32.860109727719497 ], [ 20.277651315452399, -32.860109743784498 ], [ 20.277653936742499, -32.860108955651697 ], [ 20.277656080566299, -32.860107458381499 ], [ 20.277657488347099, -32.860105432566698 ], [ 20.277657990285899, -32.860103122550299 ] ], [ [ 20.276573025033201, -32.859917858548201 ], [ 20.276572560618199, -32.859915542948499 ], [ 20.276571185837799, -32.859913501056297 ], [ 20.2765690665112, -32.859911979153601 ], [ 20.276566458260401, -32.859911160804302 ], [ 20.276563675679, -32.859911144713301 ], [ 20.276561054387599, -32.859911932821198 ], [ 20.276558910552499, -32.859913430070499 ], [ 20.276557502752102, -32.859915455870699 ], [ 20.276557000787999, -32.859917765880397 ] ], [ [ 20.276557000779, -32.859917765889399 ], [ 20.276557465195701, -32.859920081487097 ], [ 20.276558839977799, -32.859922123377501 ], [ 20.276560959306501, -32.8599236452784 ], [ 20.276563567559599, -32.859924463625703 ], [ 20.276566350143401, -32.859924479714799 ], [ 20.2765689714372, -32.859923691604799 ], [ 20.276571115274301, -32.859922194353302 ], [ 20.276572523076499, -32.8599201685509 ], [ 20.2765730250422, -32.859917858539198 ] ], [ [ 20.2753234762564, -32.859379294217298 ], [ 20.275323011876502, -32.859376978613298 ], [ 20.2753216371331, -32.859374936707603 ], [ 20.275319517840799, -32.859373414784201 ], [ 20.275316909617601, -32.859372596409102 ], [ 20.2753141270539, -32.859372580290497 ], [ 20.2753115057678, -32.859373368372403 ], [ 20.275309361925299, -32.859374865600302 ], [ 20.2753079541055, -32.859376891386397 ], [ 20.275307452112401, -32.859379201390801 ] ], [ [ 20.275307452103402, -32.859379201399797 ], [ 20.275307916485001, -32.8593815170019 ], [ 20.275309291230201, -32.859383558905698 ], [ 20.275311410524498, -32.859385080827302 ], [ 20.275314018749999, -32.859385899200397 ], [ 20.275316801316102, -32.859385915316999 ], [ 20.2753194226045, -32.859385127233097 ], [ 20.275321566449101, -32.859383630003002 ], [ 20.275322974270701, -32.859381604214803 ], [ 20.275323476265399, -32.859379294208303 ] ], [ [ 20.274090995220199, -32.859551060345503 ], [ 20.2740905308716, -32.859548744737403 ], [ 20.274089156154101, -32.859546702818598 ], [ 20.274087036879301, -32.859545180874598 ], [ 20.274084428662999, -32.859544362473997 ], [ 20.274081646094601, -32.859544346327901 ], [ 20.2740790247931, -32.859545134383701 ], [ 20.274076880926099, -32.859546631590099 ], [ 20.274075473075701, -32.859548657361799 ], [ 20.2740749710497, -32.859550967360697 ] ], [ [ 20.2740749710408, -32.859550967369699 ], [ 20.274075435391001, -32.859553282975902 ], [ 20.274076810110198, -32.859555324892803 ], [ 20.274078929387102, -32.859556846835098 ], [ 20.274081537605799, -32.859557665233801 ], [ 20.274084320176598, -32.8595576813779 ], [ 20.274086941480402, -32.859556893319997 ], [ 20.274089085349502, -32.859555396111404 ], [ 20.274090493201602, -32.859553370337601 ], [ 20.274090995229201, -32.8595510603365 ] ], [ [ 20.271902911117198, -32.861126511545997 ], [ 20.2719024468181, -32.861124195931097 ], [ 20.271901072127701, -32.861122153989101 ], [ 20.271898952853999, -32.861120632008301 ], [ 20.271896344612902, -32.861119813561999 ], [ 20.271893561996698, -32.861119797366499 ], [ 20.271890940630101, -32.861120585375403 ], [ 20.2718887966886, -32.861122082542799 ], [ 20.2718873887634, -32.861124108288401 ], [ 20.271886886671201, -32.861126418277102 ] ], [ [ 20.271886886662202, -32.861126418286098 ], [ 20.271887350962899, -32.8611287338991 ], [ 20.271888725655099, -32.8611307758392 ], [ 20.271890844930802, -32.861132297818102 ], [ 20.2718934531743, -32.8611331162626 ], [ 20.271896235792902, -32.861133132455997 ], [ 20.271898857161801, -32.861132344445103 ], [ 20.271901001105299, -32.861130847275497 ], [ 20.2719024090323, -32.861128821527799 ], [ 20.271902911126201, -32.861126511537002 ] ], [ [ 20.270646966622799, -32.861389291889502 ], [ 20.270646502355302, -32.861386976270403 ], [ 20.270645127689999, -32.861384934315097 ], [ 20.270643008432, -32.861383412313302 ], [ 20.270640400195202, -32.861382593840801 ], [ 20.270637617571602, -32.861382577617299 ], [ 20.270634996186601, -32.8613833655996 ], [ 20.2706328522181, -32.861384862745098 ], [ 20.270631444260399, -32.861386888475899 ], [ 20.270630942134101, -32.861389198459001 ] ], [ [ 20.270630942125099, -32.861389198467997 ], [ 20.270631406394202, -32.861391514085099 ], [ 20.270632781061298, -32.8613935560386 ], [ 20.270634900321401, -32.861395078038498 ], [ 20.270637508560501, -32.861395896509102 ], [ 20.270640291186499, -32.8613959127306 ], [ 20.270642912573798, -32.861395124746302 ], [ 20.270645056544399, -32.861393627598602 ], [ 20.270646464503901, -32.861391601865598 ], [ 20.270646966631801, -32.861389291880499 ] ], [ [ 20.269712890820699, -32.8636387849727 ], [ 20.269712426566901, -32.8636364693511 ], [ 20.269711051889502, -32.863634427386103 ], [ 20.269708932595002, -32.863632905368497 ], [ 20.269706324301801, -32.863632086876002 ], [ 20.2697035416085, -32.8636320706308 ], [ 20.269700920149099, -32.863632858592197 ], [ 20.2696987761103, -32.863634355720102 ], [ 20.269697368094999, -32.863636381438901 ], [ 20.269696865930801, -32.863638691416902 ] ], [ [ 20.269696865921802, -32.863638691425898 ], [ 20.269697330177099, -32.863641007045501 ], [ 20.2696987048563, -32.863643049008701 ], [ 20.2697008241528, -32.863644571024501 ], [ 20.269703432448399, -32.863645389515 ], [ 20.269706215144101, -32.863645405758298 ], [ 20.269708836605801, -32.863644617794897 ], [ 20.2697109806467, -32.863643120664698 ], [ 20.269712388663802, -32.863641094943802 ], [ 20.269712890829702, -32.863638784963698 ] ], [ [ 20.268424829042701, -32.864797004802902 ], [ 20.268424364817101, -32.864794689177401 ], [ 20.2684229901521, -32.864792647198797 ], [ 20.2684208708529, -32.864791125159599 ], [ 20.2684182625384, -32.864790306640103 ], [ 20.2684154798097, -32.864790290365697 ], [ 20.268412858305201, -32.864791078299199 ], [ 20.268410714216898, -32.864792575404103 ], [ 20.268409306153799, -32.864794601107398 ], [ 20.2684088039491, -32.864796911079303 ] ], [ [ 20.268408803940101, -32.864796911088298 ], [ 20.2684092681674, -32.864799226711803 ], [ 20.268410642834102, -32.864801268688602 ], [ 20.268412762135299, -32.864802790726003 ], [ 20.2684153704522, -32.864803609243602 ], [ 20.268418153183301, -32.864803625515997 ], [ 20.2684207746901, -32.864802837580399 ], [ 20.268422918780502, -32.864801340473299 ], [ 20.268424326845398, -32.864799314767801 ], [ 20.2684248290517, -32.8647970047939 ] ], [ [ 20.265850527179499, -32.8658564942194 ], [ 20.265850063016, -32.8658541785856 ], [ 20.265848688394701, -32.865852136579598 ], [ 20.265846569115599, -32.865850614497297 ], [ 20.2658439607949, -32.865849795924198 ], [ 20.265841178034702, -32.865849779592097 ], [ 20.2658385564771, -32.865850567470801 ], [ 20.265836412320699, -32.865852064530301 ], [ 20.265835004182399, -32.8658540902032 ], [ 20.2658345019046, -32.865856400163302 ] ], [ [ 20.265834501895601, -32.865856400172298 ], [ 20.265834966060801, -32.865858715804201 ], [ 20.265836340683801, -32.865860757808299 ], [ 20.265838459965, -32.865862279888802 ], [ 20.265841068288001, -32.865863098459997 ], [ 20.265843851050601, -32.865863114790201 ], [ 20.265846472610502, -32.865862326909401 ], [ 20.265848616768999, -32.865860829847598 ], [ 20.265850024909199, -32.865858804172603 ], [ 20.265850527188501, -32.865856494210398 ] ], [ [ 20.265724614256701, -32.866513161871502 ], [ 20.265724150093298, -32.866510846237396 ], [ 20.2657227754652, -32.8665088042302 ], [ 20.2657206561728, -32.866507282145697 ], [ 20.265718047834199, -32.866506463569799 ], [ 20.265715265053601, -32.866506447234599 ], [ 20.265712643475499, -32.866507235110298 ], [ 20.265710499301001, -32.866508732167297 ], [ 20.265709091149201, -32.866510757838299 ], [ 20.265708588864101, -32.866513067797598 ] ], [ [ 20.265708588855102, -32.866513067806601 ], [ 20.26570905302, -32.866515383438703 ], [ 20.265710427649999, -32.866517425444101 ], [ 20.2657125469444, -32.8665189475267 ], [ 20.265715155285299, -32.866519766100801 ], [ 20.265717938068299, -32.866519782433997 ], [ 20.265720559648699, -32.866518994556202 ], [ 20.2657227038254, -32.866517497497 ], [ 20.265724111979001, -32.866515471823803 ], [ 20.2657246142657, -32.8665131618625 ] ], [ [ 20.264891552511099, -32.867000058653304 ], [ 20.2648910883672, -32.866997743016597 ], [ 20.264889713751, -32.866995701000498 ], [ 20.264887594461701, -32.866994178902097 ], [ 20.2648849861169, -32.866993360308797 ], [ 20.264882203321701, -32.866993343954803 ], [ 20.264879581722202, -32.866994131812703 ], [ 20.264877437521999, -32.866995628855001 ], [ 20.264876029343501, -32.866997654516098 ], [ 20.264875527033901, -32.866999964471503 ] ], [ [ 20.264875527024898, -32.866999964480499 ], [ 20.264875991170399, -32.867002280115202 ], [ 20.264877365788401, -32.867004322129503 ], [ 20.264879485079799, -32.867005844226099 ], [ 20.264882093426799, -32.867006662817502 ], [ 20.2648848762245, -32.867006679169499 ], [ 20.264887497826301, -32.867005891309503 ], [ 20.264889642028599, -32.867004394265102 ], [ 20.264891050208899, -32.867002368601803 ], [ 20.264891552520101, -32.867000058644301 ] ], [ [ 20.264501247136899, -32.8676141869623 ], [ 20.264500783000301, -32.867611871324499 ], [ 20.264499408384001, -32.8676098293043 ], [ 20.2644972890871, -32.867608307199298 ], [ 20.264494680728198, -32.867607488597699 ], [ 20.264491897913999, -32.867607472234802 ], [ 20.264489276292998, -32.867608260084097 ], [ 20.264487132071402, -32.867609757119197 ], [ 20.264485723874198, -32.867611782775498 ], [ 20.2644852215508, -32.8676140927289 ] ], [ [ 20.264485221541801, -32.867614092737902 ], [ 20.26448568568, -32.867616408373799 ], [ 20.264487060298102, -32.8676184503922 ], [ 20.264489179597, -32.867619972495298 ], [ 20.2644917879582, -32.867620791095 ], [ 20.264494570774801, -32.8676208074559 ], [ 20.264497192398199, -32.867620019604502 ], [ 20.2644993366218, -32.867618522567199 ], [ 20.2645007448209, -32.867616496908802 ], [ 20.264501247145901, -32.867614186953297 ] ] ] } },
{ "type": "Feature", "properties": { "name": "Block Reference [84E2]:1" }, "geometry": { "type": "MultiLineString", "coordinates": [ [ [ 20.292450584530201, -32.860634299690801 ], [ 20.2920998547722, -32.860499197276702 ] ], [ [ 20.292099854771202, -32.860499197277697 ], [ 20.291921642225901, -32.860210662131699 ] ], [ [ 20.291768765389602, -32.859963145115501 ], [ 20.2913513429842, -32.859287304649897 ] ], [ [ 20.291351342983301, -32.859287304650898 ], [ 20.2904922551437, -32.859522149839499 ] ], [ [ 20.290364126311299, -32.859557175258999 ], [ 20.289390348682801, -32.859823362811902 ] ], [ [ 20.289390348681799, -32.859823362812897 ], [ 20.289318024566601, -32.858961625382904 ] ], [ [ 20.289259872555, -32.858268736913601 ], [ 20.289194072907598, -32.857484714260401 ] ], [ [ 20.2891940729066, -32.857484714261403 ], [ 20.288274203200999, -32.8576071931641 ] ], [ [ 20.287625555782601, -32.857693555055597 ], [ 20.287279847718199, -32.857739581698901 ] ], [ [ 20.287279847717201, -32.857739581699903 ], [ 20.2870716876423, -32.857977044796101 ] ], [ [ 20.285693327281699, -32.859549397672197 ], [ 20.2854815714132, -32.859790950000097 ] ], [ [ 20.285481571412198, -32.859790950001099 ], [ 20.2851609549278, -32.8599215837244 ] ], [ [ 20.2838594207381, -32.860451875411897 ], [ 20.283636866127001, -32.860542550132898 ] ], [ [ 20.283636866125999, -32.8605425501339 ], [ 20.283390079930001, -32.860553543970603 ] ], [ [ 20.2822499841099, -32.8606043266279 ], [ 20.281804848417501, -32.860624151220797 ] ], [ [ 20.281804848416499, -32.860624151221799 ], [ 20.2813605795359, -32.860593457013202 ] ], [ [ 20.279735917258002, -32.860481196704598 ], [ 20.2794260131291, -32.860459780638003 ] ], [ [ 20.279426013128099, -32.860459780638998 ], [ 20.279115905040001, -32.860478978603297 ] ], [ [ 20.278929778953799, -32.860490500800502 ], [ 20.278442811916701, -32.860520645327597 ] ], [ [ 20.278442811915699, -32.860520645328599 ], [ 20.2780285758177, -32.860302476917703 ] ], [ [ 20.2778797482923, -32.8602240923694 ], [ 20.277649978132199, -32.860103076298401 ] ], [ [ 20.277649978131201, -32.860103076299403 ], [ 20.277384517867599, -32.860057748362699 ] ], [ [ 20.2768090713814, -32.859959487498699 ], [ 20.276565012907099, -32.8599178122181 ] ], [ [ 20.276565012906101, -32.859917812219102 ], [ 20.276343251826699, -32.859822232991 ] ], [ [ 20.275879010044001, -32.859622142434603 ], [ 20.275315464180899, -32.859379247807802 ] ], [ [ 20.275315464179901, -32.859379247808803 ], [ 20.274691141977701, -32.8594662587493 ] ], [ [ 20.274640106117001, -32.859473371403297 ], [ 20.2740829831315, -32.859551013856901 ] ], [ [ 20.274082983130501, -32.859551013857903 ], [ 20.2736534026577, -32.859860325286199 ] ], [ [ 20.272354986814999, -32.860795203129904 ], [ 20.2718948988907, -32.861126464915301 ] ], [ [ 20.271894898889698, -32.861126464916303 ], [ 20.271307906131899, -32.861249282709501 ] ], [ [ 20.271143181640301, -32.861283747822 ], [ 20.270638954374899, -32.861389245178003 ] ], [ [ 20.270638954373901, -32.861389245178998 ], [ 20.270467146066402, -32.8618030126975 ] ], [ [ 20.269951352185402, -32.8630451785329 ], [ 20.269704878372199, -32.863638738198603 ] ], [ [ 20.269704878371201, -32.863638738199597 ], [ 20.269194869282799, -32.864097341468302 ] ], [ [ 20.268524258821799, -32.864700347946297 ], [ 20.268416816492401, -32.864796957944797 ] ], [ [ 20.268416816491399, -32.864796957945799 ], [ 20.268275705412002, -32.864855036187599 ] ], [ [ 20.266240824336901, -32.865692522498101 ], [ 20.265842514538601, -32.8658564471951 ] ], [ [ 20.265842514537599, -32.865856447196101 ], [ 20.2657717251065, -32.866225633040003 ] ], [ [ 20.265771070275299, -32.866229048140198 ], [ 20.2657166015569, -32.866513114838298 ] ], [ [ 20.265716601555901, -32.8665131148393 ], [ 20.265436284666901, -32.866676951904999 ] ], [ [ 20.265126863782498, -32.866857797963597 ], [ 20.264883539768999, -32.867000011566198 ] ], [ [ 20.264883539768, -32.8670000115672 ], [ 20.2647436433145, -32.867220133573397 ] ], [ [ 20.264647883852099, -32.867370806886299 ], [ 20.2644932343403, -32.867614139849401 ] ], [ [ 20.264493234339302, -32.867614139850403 ], [ 20.264215667001999, -32.8677603377539 ] ] ] } },
{ "type": "Feature", "properties": { "name": "Block Reference [84E2]:2" }, "geometry": { "type": "MultiLineString", "coordinates": [ [ [ 20.2929183136254, -32.860814468526698 ], [ 20.292450584531199, -32.860634299689799 ] ], [ [ 20.291921642224899, -32.860210662132701 ], [ 20.2917687653906, -32.859963145114499 ] ], [ [ 20.290492255142698, -32.859522149840501 ], [ 20.290364126312301, -32.859557175257997 ] ], [ [ 20.289318024565599, -32.858961625383898 ], [ 20.289259872555998, -32.858268736912599 ] ], [ [ 20.2882742032, -32.857607193165101 ], [ 20.287625555783599, -32.857693555054603 ] ], [ [ 20.287071687641301, -32.857977044797103 ], [ 20.285693327282701, -32.859549397671202 ] ], [ [ 20.285160954926798, -32.859921583725402 ], [ 20.283859420739098, -32.860451875410902 ] ], [ [ 20.283390079928999, -32.860553543971598 ], [ 20.282249984110901, -32.860604326626799 ] ], [ [ 20.281360579534901, -32.860593457014197 ], [ 20.279735917259, -32.860481196703603 ] ], [ [ 20.279115905038999, -32.860478978604299 ], [ 20.278929778954801, -32.8604905007995 ] ], [ [ 20.278028575816698, -32.860302476918697 ], [ 20.277879748293302, -32.860224092368398 ] ], [ [ 20.277384517866601, -32.860057748363701 ], [ 20.276809071382399, -32.859959487497697 ] ], [ [ 20.276343251825701, -32.859822232992002 ], [ 20.275879010044999, -32.859622142433601 ] ], [ [ 20.2746911419767, -32.859466258750302 ], [ 20.274640106117999, -32.859473371402302 ] ], [ [ 20.273653402656699, -32.859860325287201 ], [ 20.272354986816001, -32.860795203128902 ] ], [ [ 20.2713079061309, -32.861249282710503 ], [ 20.2711431816413, -32.861283747820998 ] ], [ [ 20.2704671460654, -32.861803012698502 ], [ 20.2699513521864, -32.863045178531898 ] ], [ [ 20.269194869281801, -32.864097341469297 ], [ 20.268524258822801, -32.864700347945302 ] ], [ [ 20.268275705411, -32.864855036188601 ], [ 20.266240824337899, -32.865692522497099 ] ], [ [ 20.265771725105498, -32.866225633040997 ], [ 20.265771070276301, -32.866229048139203 ] ], [ [ 20.265436284665899, -32.866676951906001 ], [ 20.2651268637835, -32.866857797962602 ] ], [ [ 20.264743643313501, -32.867220133574399 ], [ 20.264647883853101, -32.867370806885297 ] ], [ [ 20.264215667001, -32.867760337754902 ], [ 20.263142962436799, -32.868325333150302 ] ], [ [ 20.291921642224899, -32.860210662132701 ], [ 20.2919624435192, -32.860271182135698 ], [ 20.2920084049276, -32.860329007414201 ], [ 20.292059277828599, -32.8603838251586 ], [ 20.292114787030499, -32.860435338828403 ], [ 20.2921746322594, -32.860483269756003 ], [ 20.292238489784101, -32.860527358654601 ], [ 20.2923060141663, -32.860567367020799 ], [ 20.292376840130501, -32.860603078424901 ], [ 20.2924505845392, -32.860634299681799 ] ], [ [ 20.291768765389602, -32.859963145115501 ], [ 20.291680571952199, -32.859844023619701 ], [ 20.2915715279719, -32.859737908297099 ], [ 20.291444279923098, -32.859647374475799 ], [ 20.291301916048099, -32.859574619326402 ], [ 20.2911478914085, -32.859521408542903 ], [ 20.2909859440378, -32.859489033493801 ], [ 20.290820004228401, -32.859478279884797 ], [ 20.290654099155699, -32.859489408692603 ], [ 20.290492255151701, -32.859522149831498 ] ], [ [ 20.289318024565599, -32.858961625383898 ], [ 20.289345520453999, -32.859095646893003 ], [ 20.2894042374101, -32.859222313365301 ], [ 20.289491800093199, -32.859336500350203 ], [ 20.2896046661347, -32.859433588251797 ], [ 20.289738269438399, -32.859509649227299 ], [ 20.289887204905, -32.859561606101899 ], [ 20.2900454471092, -32.859587356867202 ], [ 20.2902065940801, -32.859585859727403 ], [ 20.290364126320299, -32.859557175250004 ] ], [ [ 20.289259872555, -32.858268736913601 ], [ 20.289234420528, -32.858137909420698 ], [ 20.289181028622998, -32.858013223454499 ], [ 20.289101500675901, -32.857898891244901 ], [ 20.288998523440601, -32.857798775228197 ], [ 20.288875575813901, -32.857716257568697 ], [ 20.288736811305199, -32.857654125906201 ], [ 20.288586917722299, -32.857614479188101 ], [ 20.2884309588128, -32.857598656766598 ], [ 20.288274203208999, -32.857607193156099 ] ], [ [ 20.287625555782601, -32.857693555055597 ], [ 20.287553227083301, -32.8577059070372 ], [ 20.2874824304828, -32.857723479197404 ], [ 20.287413693814599, -32.857746140524903 ], [ 20.287347529554999, -32.857773722064998 ], [ 20.287284431002799, -32.857806018179801 ], [ 20.287224868601399, -32.857842788081101 ], [ 20.2871692864313, -32.857883757625203 ], [ 20.287118098899601, -32.857928621357203 ], [ 20.2870716876503, -32.8579770447881 ] ], [ [ 20.285160954926798, -32.859921583725402 ], [ 20.2852298663257, -32.859891551851199 ], [ 20.2852967652343, -32.8598584368671 ], [ 20.285361458189399, -32.8598223345384 ], [ 20.285423758107999, -32.859783349269499 ], [ 20.285483484828401, -32.859741593801601 ], [ 20.2855404656306, -32.859697188887097 ], [ 20.285594535736699, -32.859650262939901 ], [ 20.2856455387866, -32.859600951664497 ], [ 20.285693327290701, -32.859549397663201 ] ], [ [ 20.283390079928999, -32.860553543971598 ], [ 20.283444118548001, -32.860550126627103 ], [ 20.283497926040301, -32.860544701377002 ], [ 20.283551397717002, -32.860537278776597 ], [ 20.2836044295424, -32.8605278732676 ], [ 20.283656918336799, -32.860516503149398 ], [ 20.283708761977099, -32.860503190543902 ], [ 20.283759859595499, -32.860487961352398 ], [ 20.2838101117758, -32.860470845204901 ], [ 20.283859420747099, -32.860451875402902 ] ], [ [ 20.281360579534901, -32.860593457014197 ], [ 20.2814592138695, -32.860599646386198 ], [ 20.281557946724899, -32.860604591950199 ], [ 20.2816567560815, -32.860608292603096 ], [ 20.281755619902601, -32.860610747519502 ], [ 20.2818545161396, -32.8606119561518 ], [ 20.281953422736201, -32.860611918230603 ], [ 20.2820523176342, -32.860610633763997 ], [ 20.282151178777902, -32.8606081030387 ], [ 20.282249984118899, -32.860604326618798 ] ], [ [ 20.279735917258002, -32.860481196704598 ], [ 20.2796671424131, -32.860476946636901 ], [ 20.279598291086302, -32.860473696263298 ], [ 20.2795293836753, -32.860471446546697 ], [ 20.279460440594601, -32.860470198153401 ], [ 20.279391482268998, -32.860469951453297 ], [ 20.279322529127999, -32.8604707065196 ], [ 20.279253601599599, -32.860472463128403 ], [ 20.279184720103999, -32.860475220759298 ], [ 20.279115905047998, -32.860478978595303 ] ], [ [ 20.278028575816698, -32.860302476918697 ], [ 20.2781194253153, -32.860346668612699 ], [ 20.278213720318998, -32.860385379227097 ], [ 20.278310997325001, -32.860418418479703 ], [ 20.278410778170802, -32.860445623965902 ], [ 20.278512572384901, -32.860466861956397 ], [ 20.278615879597702, -32.8604820280555 ], [ 20.278720192001401, -32.860491047713602 ], [ 20.278824996846598, -32.860493876594198 ], [ 20.278929778962802, -32.860490500791499 ] ], [ [ 20.2778797482923, -32.8602240923694 ], [ 20.277828621579701, -32.860198343754703 ], [ 20.277776321197699, -32.860174332884299 ], [ 20.277722930020602, -32.8601520978048 ], [ 20.277668532650701, -32.860131673749002 ], [ 20.2776132152846, -32.860113093080201 ], [ 20.277557065576499, -32.860096385240297 ], [ 20.277500172499401, -32.860081576703998 ], [ 20.2774426262039, -32.860068690935996 ], [ 20.2773845178756, -32.860057748354699 ] ], [ [ 20.276343251825701, -32.859822232992002 ], [ 20.2763925977974, -32.859842712271899 ], [ 20.276442655780901, -32.859861921266699 ], [ 20.276493379882599, -32.859879842365203 ], [ 20.276544723598199, -32.859896459136998 ], [ 20.2765966398551, -32.8599117563475 ], [ 20.276649081055801, -32.859925719971898 ], [ 20.276701999121499, -32.859938337208099 ], [ 20.276755345535999, -32.859949596488299 ], [ 20.276809071390399, -32.859959487489697 ] ], [ [ 20.275879010044001, -32.859622142434603 ], [ 20.2757559440231, -32.859573645513201 ], [ 20.275629129101901, -32.859532601116697 ], [ 20.275499197899599, -32.859499213994098 ], [ 20.275366798578801, -32.859473650696003 ], [ 20.2752325916119, -32.859456038743801 ], [ 20.275097246487402, -32.859446465993898 ], [ 20.274961438370301, -32.859444980199001 ], [ 20.274825844734998, -32.859451588770497 ], [ 20.274691141985699, -32.8594662587413 ] ], [ [ 20.274640106117001, -32.859473371403297 ], [ 20.2745200283982, -32.8594932613642 ], [ 20.274401588917598, -32.859519222065899 ], [ 20.274285218118901, -32.8595511591597 ], [ 20.2741713389285, -32.859588956576701 ], [ 20.274060365219398, -32.859632476949898 ], [ 20.273952700306801, -32.859681562113202 ], [ 20.2738487354823, -32.859736033676199 ], [ 20.273748848592501, -32.859795693672297 ], [ 20.273653402665701, -32.859860325278198 ] ], [ [ 20.2713079061309, -32.861249282710503 ], [ 20.271435134014499, -32.861219709846701 ], [ 20.2715603904349, -32.861184651238197 ], [ 20.271683343562401, -32.861144199762698 ], [ 20.2718036676705, -32.8610984625847 ], [ 20.271921043998798, -32.861047560871398 ], [ 20.272035161597699, -32.860991629471599 ], [ 20.272145718152402, -32.860930816558998 ], [ 20.272252420783701, -32.860865283238702 ], [ 20.272354986823999, -32.860795203120901 ] ], [ [ 20.271143181640301, -32.861283747822 ], [ 20.271042057567701, -32.861309966132801 ], [ 20.270944958255502, -32.861345401726702 ], [ 20.270853059113598, -32.861389625648897 ], [ 20.2707674726073, -32.8614421025597 ], [ 20.270689234791501, -32.8615021972142 ], [ 20.270619292768799, -32.861569182151896 ], [ 20.270558493225099, -32.8616422465021 ], [ 20.2705075721796, -32.861720505799397 ], [ 20.270467146074399, -32.861803012689499 ] ], [ [ 20.269194869281801, -32.864097341469297 ], [ 20.269303767035201, -32.863994762708202 ], [ 20.269406923251601, -32.863888040769297 ], [ 20.269504116914099, -32.863777404330598 ], [ 20.269595139784101, -32.863663090456797 ], [ 20.2696797968478, -32.863545344091598 ], [ 20.269757906733801, -32.863424417532599 ], [ 20.269829302101702, -32.863300569890903 ], [ 20.26989383, -32.863174066535201 ], [ 20.269951352194401, -32.863045178523898 ] ], [ [ 20.268275705411, -32.864855036188601 ], [ 20.2683064040692, -32.864841747460602 ], [ 20.268336442221202, -32.864827423937598 ], [ 20.268365770919399, -32.864812088960001 ], [ 20.268394342372499, -32.864795767516497 ], [ 20.268422110023, -32.8647784862032 ], [ 20.2684490286235, -32.864760273180302 ], [ 20.268475054310102, -32.8647411581263 ], [ 20.2685001446741, -32.864721172189498 ], [ 20.268524258830801, -32.864700347937301 ] ], [ [ 20.266240824336901, -32.865692522498101 ], [ 20.266161434876398, -32.865729724734102 ], [ 20.266087170210799, -32.8657738252342 ], [ 20.2660188686148, -32.865824326211197 ], [ 20.265957301057998, -32.865880657631401 ], [ 20.2659031625032, -32.865942183648102 ], [ 20.265857064061301, -32.866008209779302 ], [ 20.265819526092901, -32.866077990745602 ], [ 20.265790972334599, -32.866150738882702 ], [ 20.265771725114401, -32.866225633032002 ] ], [ [ 20.265436284665899, -32.866676951906001 ], [ 20.265493278989499, -32.866640355116502 ], [ 20.265546173740201, -32.866599609861296 ], [ 20.265594546391299, -32.866555041620501 ], [ 20.265638010541299, -32.866507006412199 ], [ 20.265676219000099, -32.866455887948902 ], [ 20.265708866562399, -32.866402094571598 ], [ 20.265735692445698, -32.866346055988302 ], [ 20.265756482373, -32.866288219841401 ], [ 20.265771070284298, -32.866229048131203 ] ], [ [ 20.265126863782498, -32.866857797963597 ], [ 20.265074792222901, -32.866889971789703 ], [ 20.265024794260398, -32.866924408646099 ], [ 20.264977007836801, -32.866961013525 ], [ 20.264931564792501, -32.866999685437101 ], [ 20.264888590503801, -32.867040317690403 ], [ 20.264848203535902, -32.8670827981841 ], [ 20.2648105153167, -32.867127009718303 ], [ 20.264775629828701, -32.867172830317202 ], [ 20.2647436433225, -32.867220133565397 ] ], [ [ 20.264215667001, -32.867760337754902 ], [ 20.2642748284091, -32.867727133209399 ], [ 20.2643316165444, -32.867691098183798 ], [ 20.264385841503898, -32.867652353183502 ], [ 20.264437321956802, -32.867611027775602 ], [ 20.2644858857511, -32.867567260156598 ], [ 20.2645313704889, -32.867521196689601 ], [ 20.264573624069701, -32.867472991415099 ], [ 20.2646125051991, -32.867422805535803 ], [ 20.264647883861102, -32.867370806877297 ] ] ] } },
{ "type": "Feature", "properties": { "name": "Block Reference [84E1]:0" }, "geometry": { "type": "MultiLineString", "coordinates": [ [ [ 20.268293994669101, -32.864867140257701 ], [ 20.268293530446599, -32.864864824631702 ], [ 20.268292155783602, -32.864862782651699 ], [ 20.268290036485102, -32.864861260610297 ], [ 20.2682874281697, -32.864860442088101 ], [ 20.2682846454389, -32.864860425810797 ], [ 20.268282023931199, -32.864861213741499 ], [ 20.268279879839099, -32.8648627108441 ], [ 20.2682784717719, -32.864864736545798 ], [ 20.2682779695634, -32.864867046516999 ] ], [ [ 20.268277969554401, -32.864867046526001 ], [ 20.268278433778601, -32.864869362150003 ], [ 20.2682798084433, -32.864871404128202 ], [ 20.268281927743899, -32.864872926167799 ], [ 20.2682845360616, -32.864873744688097 ], [ 20.268287318794801, -32.864873760963498 ], [ 20.2682899403048, -32.8648729730306 ], [ 20.268292084399, -32.864871475925803 ], [ 20.268293492468, -32.864869450222002 ], [ 20.2682939946781, -32.864867140248698 ] ], [ [ 20.267872894937799, -32.865265103977002 ], [ 20.267872430724399, -32.865262788349803 ], [ 20.2678710560652, -32.865260746365301 ], [ 20.2678689367646, -32.865259224316901 ], [ 20.267866328441801, -32.865258405785802 ], [ 20.267863545698798, -32.865258389498898 ], [ 20.2678609241758, -32.865259177420597 ], [ 20.267858780067002, -32.865260674515604 ], [ 20.267857371983901, -32.865262700212298 ], [ 20.267856869761999, -32.865265010181503 ] ], [ [ 20.267856869753, -32.865265010190498 ], [ 20.267857333968099, -32.8652673258158 ], [ 20.267858708629099, -32.865269367798398 ], [ 20.267860827931699, -32.865270889845 ], [ 20.267863436256899, -32.865271708374202 ], [ 20.267866219002201, -32.865271724659102 ], [ 20.267868840527601, -32.8652709367353 ], [ 20.2678709846384, -32.865269439638098 ], [ 20.267872392723401, -32.8652674139393 ], [ 20.267872894946802, -32.865265103967999 ] ] ] } },
{ "type": "Feature", "properties": { "name": "Block Reference [84E1]:1" }, "geometry": { "type": "MultiLineString", "coordinates": [ [ [ 20.268331265972101, -32.864834696117903 ], [ 20.268285982112701, -32.864867093391098 ] ], [ [ 20.268285982111699, -32.8648670933921 ], [ 20.268246440149898, -32.864904463053598 ] ], [ [ 20.267881865612399, -32.86524900701 ], [ 20.267864882346402, -32.8652650570831 ] ], [ [ 20.2678648823454, -32.865265057084102 ], [ 20.267847185514299, -32.865280548355102 ] ] ] } },
{ "type": "Feature", "properties": { "name": "Block Reference [84E1]:2" }, "geometry": { "type": "MultiLineString", "coordinates": [ [ [ 20.2685445280372, -32.864682122237902 ], [ 20.268331265973099, -32.864834696116901 ] ], [ [ 20.2682464401489, -32.8649044630546 ], [ 20.267881865613401, -32.865249007008998 ] ], [ [ 20.2678471855133, -32.865280548356097 ], [ 20.266441276822398, -32.866511212715501 ] ], [ [ 20.268331265972101, -32.864834696117903 ], [ 20.268321285053201, -32.864841949015599 ], [ 20.268311437749801, -32.864849330853602 ], [ 20.268301726400502, -32.864856839878897 ], [ 20.2682921533114, -32.864864474308298 ], [ 20.268282720755799, -32.864872232328899 ], [ 20.268273430973899, -32.864880112098298 ], [ 20.2682642861716, -32.864888111745302 ], [ 20.268255288520699, -32.864896229370302 ], [ 20.268246440157899, -32.864904463045598 ] ], [ [ 20.2678471855133, -32.865280548356097 ], [ 20.267851109003399, -32.865277099239997 ], [ 20.267855015120301, -32.865273636107801 ], [ 20.267858903793599, -32.865270159022003 ], [ 20.2678627749534, -32.865266668045003 ], [ 20.267866628529902, -32.865263163239703 ], [ 20.2678704644538, -32.865259644669301 ], [ 20.267874282656202, -32.865256112396899 ], [ 20.267878083068101, -32.865252566486198 ], [ 20.267881865621401, -32.865249007000997 ] ] ] } },
{ "type": "Feature", "properties": { "name": "Block Reference [84E0]:0" }, "geometry": { "type": "MultiLineString", "coordinates": [ [ [ 20.269151091817299, -32.8646529465029 ], [ 20.269150627573399, -32.864650630879801 ], [ 20.269149252893801, -32.8646485889088 ], [ 20.2691471335853, -32.864647066881801 ], [ 20.269144525268, -32.864646248377397 ], [ 20.2691417425434, -32.864646232119199 ], [ 20.2691391210492, -32.864647020068197 ], [ 20.269136976976501, -32.864648517185799 ], [ 20.269135568932001, -32.8646505428975 ], [ 20.269135066747001, -32.864652852872602 ] ], [ [ 20.269135066737999, -32.864652852881598 ], [ 20.269135530983501, -32.8646551685028 ], [ 20.269136905664901, -32.864657210471897 ], [ 20.269139024975399, -32.864658732497098 ], [ 20.269141633295, -32.864659550999598 ], [ 20.269144416022101, -32.864659567255799 ], [ 20.269147037518501, -32.864658779304797 ], [ 20.269149181593399, -32.864657282185 ], [ 20.269150589639601, -32.864655256471103 ], [ 20.269151091826298, -32.864652946493898 ] ] ] } },
{ "type": "Feature", "properties": { "name": "Block Reference [84E0]:1" }, "geometry": { "type": "MultiLineString", "coordinates": [ [ [ 20.269112672156002, -32.864630035135001 ], [ 20.269143079278599, -32.864652899691499 ] ], [ [ 20.269143079277601, -32.864652899692501 ], [ 20.269171335663799, -32.8646776515127 ] ] ] } },
{ "type": "Feature", "properties": { "name": "Block Reference [84E0]:2" }, "geometry": { "type": "MultiLineString", "coordinates": [ [ [ 20.268834517310399, -32.864420876425797 ], [ 20.269112672157, -32.864630035133999 ] ], [ [ 20.269171335662801, -32.864677651513702 ], [ 20.269510966559402, -32.864975157330797 ] ], [ [ 20.269171335662801, -32.864677651513702 ], [ 20.269165032001499, -32.864672176259702 ], [ 20.269158673636799, -32.864666746245099 ], [ 20.269152261024701, -32.864661361859 ], [ 20.269145794624599, -32.864656023487498 ], [ 20.269139274900301, -32.864650731513201 ], [ 20.269132702319201, -32.864645486315702 ], [ 20.269126077352301, -32.864640288270699 ], [ 20.2691194004747, -32.864635137751101 ], [ 20.269112672165001, -32.864630035125998 ] ] ] } },
{ "type": "Feature", "properties": { "name": "Block Reference [84DF]:0" }, "geometry": { "type": "MultiLineString", "coordinates": [ [ [ 20.282730498313999, -32.860915233493699 ], [ 20.282730033733799, -32.860912917915002 ], [ 20.282728658796099, -32.860910876088496 ], [ 20.282726539338899, -32.860909354288701 ], [ 20.282723931, -32.860908536066702 ], [ 20.2827211483837, -32.860908520112197 ], [ 20.282718527114699, -32.860909308349299 ], [ 20.2827163833567, -32.860910805704997 ], [ 20.2827149756788, -32.860912831575902 ], [ 20.282714473867699, -32.860915141611997 ] ], [ [ 20.2827144738587, -32.860915141621 ], [ 20.282714938440499, -32.8609174571978 ], [ 20.28271631338, -32.860919499022401 ], [ 20.2827184328393, -32.860921020820498 ], [ 20.282721041180402, -32.8609218390405 ], [ 20.282723823799099, -32.860921854993101 ], [ 20.282726445070399, -32.860921066753797 ], [ 20.282728588830501, -32.860919569396003 ], [ 20.282729996510302, -32.860917543522902 ], [ 20.282730498323001, -32.860915233484697 ] ] ] } },
{ "type": "Feature", "properties": { "name": "Block Reference [84DF]:1" }, "geometry": { "type": "MultiLineString", "coordinates": [ [ [ 20.283206042687301, -32.860718138479101 ], [ 20.282722486087302, -32.8609151875566 ] ], [ [ 20.2827224860863, -32.860915187557602 ], [ 20.2823187345513, -32.861213966626202 ] ] ] } },
{ "type": "Feature", "properties": { "name": "Block Reference [84DF]:2" }, "geometry": { "type": "MultiLineString", "coordinates": [ [ [ 20.283950204219401, -32.860414887616898 ], [ 20.283206042688299, -32.860718138478099 ] ], [ [ 20.282318734550302, -32.861213966627197 ], [ 20.2807939143661, -32.862342314388201 ] ], [ [ 20.283206042687301, -32.860718138479101 ], [ 20.283100029226599, -32.860763006578402 ], [ 20.282995658228799, -32.860810538596702 ], [ 20.2828930236413, -32.860860691750098 ], [ 20.2827922178489, -32.860913420895102 ], [ 20.282693331590799, -32.860968678569897 ], [ 20.282596453878899, -32.861026415036399 ], [ 20.2825016719178, -32.8610865783251 ], [ 20.282409071025899, -32.861149114282199 ], [ 20.282318734559301, -32.861213966618202 ] ] ] } },
{ "type": "Feature", "properties": { "name": "Block Reference [84DE]:0" }, "geometry": { "type": "MultiLineString", "coordinates": [ [ [ 20.268802535021099, -32.864451170155 ], [ 20.269080689884301, -32.864660328933503 ] ], [ [ 20.269136713533101, -32.864705802590898 ], [ 20.269476344417701, -32.865003308500597 ] ], [ [ 20.269136713533101, -32.864705802590898 ], [ 20.269130693536798, -32.864700573721699 ], [ 20.269124621298701, -32.864695388055999 ], [ 20.269118497254102, -32.864690245965598 ], [ 20.269112321842101, -32.864685147819102 ], [ 20.2691060955054, -32.864680093982102 ], [ 20.2690998186903, -32.864675084816703 ], [ 20.2690934918468, -32.864670120682099 ], [ 20.269087115428398, -32.864665201934201 ], [ 20.269080689892299, -32.864660328925503 ] ] ] } },
{ "type": "Feature", "properties": { "name": "Block Reference [84DD]:0" }, "geometry": { "type": "MultiLineString", "coordinates": [ [ [ 20.268866499577999, -32.864390582688102 ], [ 20.269144654407899, -32.864599741325797 ] ], [ [ 20.269205957770598, -32.864649500426502 ], [ 20.2695455886793, -32.864947006150999 ] ], [ [ 20.269205957770598, -32.864649500426502 ], [ 20.269199370444301, -32.864643778787901 ], [ 20.269192725953101, -32.864638104424401 ], [ 20.269186024773301, -32.864632477742802 ], [ 20.269179267385201, -32.864626899146401 ], [ 20.269172454273399, -32.864621369035099 ], [ 20.269165585926199, -32.864615887805499 ], [ 20.269158662835999, -32.864610455850404 ], [ 20.2691516854992, -32.864605073559197 ], [ 20.2691446544159, -32.864599741317797 ] ] ] } },
{ "type": "Feature", "properties": { "name": "Block Reference [84DC]:0" }, "geometry": { "type": "MultiLineString", "coordinates": [ [ [ 20.268527256920201, -32.864664927939103 ], [ 20.268313994868901, -32.864817501789197 ] ], [ [ 20.268226518239, -32.864889448930803 ], [ 20.2678619436902, -32.865233992827797 ] ], [ [ 20.267827957191301, -32.865264903342798 ], [ 20.266422048490298, -32.866495567488798 ] ], [ [ 20.268313994867899, -32.864817501790199 ], [ 20.268303702045799, -32.864824981339602 ], [ 20.2682935470147, -32.864832593858601 ], [ 20.268283532186, -32.864840337539597 ], [ 20.268273659938, -32.864848210543499 ], [ 20.268263932615199, -32.864856211000799 ], [ 20.268254352527599, -32.864864337011703 ], [ 20.268244921950199, -32.8648725866463 ], [ 20.268235643122502, -32.864880957945701 ], [ 20.268226518247999, -32.864889448921801 ] ], [ [ 20.267827957191301, -32.865264903342798 ], [ 20.267831802211699, -32.865261523209497 ], [ 20.267835630206399, -32.865258129340603 ], [ 20.2678394411063, -32.865254721797001 ], [ 20.2678432348429, -32.865251300640097 ], [ 20.267847011348, -32.865247865931501 ], [ 20.267850770553601, -32.865244417733003 ], [ 20.267854512391999, -32.865240956106703 ], [ 20.267858236795899, -32.865237481114697 ], [ 20.2678619436982, -32.865233992819803 ] ] ] } },
{ "type": "Feature", "properties": { "name": "Block Reference [84DB]:0" }, "geometry": { "type": "MultiLineString", "coordinates": [ [ [ 20.2685617991608, -32.864699316534399 ], [ 20.268348537084002, -32.864851890442203 ] ], [ [ 20.2682663620655, -32.864919477175199 ], [ 20.267901787543298, -32.865264021187102 ] ], [ [ 20.267866413842, -32.865296193366603 ], [ 20.266460505161302, -32.866526857939299 ] ], [ [ 20.268348537083, -32.864851890443198 ], [ 20.2683388680673, -32.864858916689201 ], [ 20.268329328491699, -32.864866067846002 ], [ 20.2683199206217, -32.864873342215603 ], [ 20.2683106466915, -32.864880738070397 ], [ 20.2683015089032, -32.864888253654101 ], [ 20.2682925094269, -32.864895887182101 ], [ 20.268283650399798, -32.864903636841497 ], [ 20.268274933925699, -32.864911500791997 ], [ 20.268266362074499, -32.864919477166197 ] ], [ [ 20.267866413842, -32.865296193366603 ], [ 20.267870415801902, -32.865292675267497 ], [ 20.267874400040998, -32.8652891428722 ], [ 20.2678783664877, -32.865285596244 ], [ 20.267882315070601, -32.865282035446903 ], [ 20.267886245718501, -32.8652784605449 ], [ 20.2678901583608, -32.865274871602502 ], [ 20.267894052927101, -32.865271268683998 ], [ 20.2678979293471, -32.865267651854602 ], [ 20.267901787551299, -32.865264021179101 ] ] ] } },
{ "type": "Feature", "properties": { "name": "Block Reference [84DA]:0" }, "geometry": { "type": "MultiLineString", "coordinates": [ [ [ 20.283938591417002, -32.860394588758901 ], [ 20.283194430018501, -32.860697839553801 ] ], [ [ 20.282301126664201, -32.861197017791604 ], [ 20.280776306555399, -32.862325365342002 ] ], [ [ 20.283194430017499, -32.860697839554803 ], [ 20.283087700268101, -32.860743010807099 ], [ 20.282982624077899, -32.8607908639774 ], [ 20.282879296028899, -32.860841355992697 ], [ 20.282777809130099, -32.860894441404703 ], [ 20.282678254733899, -32.860950072430803 ], [ 20.2825807224534, -32.861008198996799 ], [ 20.282485300082499, -32.861068768782303 ], [ 20.282392073516, -32.861131727267498 ], [ 20.2823011266732, -32.861197017782601 ] ] ] } },
{ "type": "Feature", "properties": { "name": "Block Reference [84D9]:0" }, "geometry": { "type": "MultiLineString", "coordinates": [ [ [ 20.283961817027102, -32.8604351864739 ], [ 20.283217655363298, -32.860738437401402 ] ], [ [ 20.282336342443099, -32.861230915460297 ], [ 20.280811522183502, -32.862359263432097 ] ], [ [ 20.2832176553623, -32.860738437402397 ], [ 20.2831123581906, -32.860783002348597 ], [ 20.283008692385501, -32.860830213214697 ], [ 20.282906751259699, -32.8608800275059 ], [ 20.282806626573802, -32.860932400383902 ], [ 20.282708408453999, -32.860987284707299 ], [ 20.2826121853108, -32.861044631074002 ], [ 20.282518043759602, -32.861104387865801 ], [ 20.282426068542499, -32.861166501294697 ], [ 20.282336342452101, -32.861230915451301 ] ] ] } },
{ "type": "Feature", "properties": { "name": "Block Reference [84D8]:0" }, "geometry": { "type": "MultiLineString", "coordinates": [ [ [ 20.292929402860398, -32.860793962127197 ], [ 20.2924616738499, -32.860613793332298 ] ], [ [ 20.291945325414101, -32.860200242454603 ], [ 20.291792448530799, -32.859952725464197 ] ], [ [ 20.290484025718399, -32.859500705390801 ], [ 20.290355896915901, -32.859535730800303 ] ], [ [ 20.2893446652958, -32.858960032662999 ], [ 20.289342363686998, -32.8589326089742 ] ], [ [ 20.289342363686, -32.858932608975202 ], [ 20.289375628749202, -32.8588185355772 ] ], [ [ 20.2893756287482, -32.858818535578202 ], [ 20.289345964677398, -32.858465087951899 ] ], [ [ 20.2893459646764, -32.858465087952901 ], [ 20.289293599887699, -32.858351584620301 ] ], [ [ 20.289293599886701, -32.858351584621303 ], [ 20.289286513079599, -32.858267144201101 ] ], [ [ 20.288270041602701, -32.857584927302199 ], [ 20.287621394345202, -32.8576712891726 ] ], [ [ 20.287050217898098, -32.857963637912803 ], [ 20.2856718573771, -32.8595359905514 ] ], [ [ 20.2851493438022, -32.859901284203602 ], [ 20.283847809846598, -32.860431575773099 ] ], [ [ 20.2833886722015, -32.8605310341256 ], [ 20.282248576671002, -32.860581816772203 ] ], [ [ 20.2813627586272, -32.860570990994397 ], [ 20.2797380967571, -32.860458730717298 ] ], [ [ 20.279113951279701, -32.860456497833397 ], [ 20.278927825242299, -32.860468020026403 ] ], [ [ 20.2780427152097, -32.860283353760103 ], [ 20.277893887705101, -32.8602049692267 ] ], [ [ 20.277389813974501, -32.860035654833297 ], [ 20.276860132902499, -32.859945208787103 ] ], [ [ 20.276860132901501, -32.859945208788098 ], [ 20.276817749869501, -32.859923284816297 ] ], [ [ 20.276817749868499, -32.859923284817299 ], [ 20.276786988502799, -32.859906693400802 ] ], [ [ 20.276786988501801, -32.859906693401797 ], [ 20.276756855295901, -32.859889650211997 ] ], [ [ 20.276374833040499, -32.859770037929401 ], [ 20.276373267037801, -32.859769362977403 ] ], [ [ 20.276373267036799, -32.859769362978398 ], [ 20.276198694130802, -32.859734617908501 ] ], [ [ 20.2761986941298, -32.859734617909503 ], [ 20.275891156745999, -32.859602067456002 ] ], [ [ 20.274686790787701, -32.859444018762503 ], [ 20.274635754941499, -32.859451131413003 ] ], [ [ 20.273636068716499, -32.859843176713298 ], [ 20.272337652950899, -32.860778054378599 ] ], [ [ 20.2713014795271, -32.861227403869897 ], [ 20.271136755075801, -32.861261868972598 ] ], [ [ 20.270441940757099, -32.861795557788099 ], [ 20.269926146574001, -32.863037723514701 ] ], [ [ 20.2691753944403, -32.864081915386301 ], [ 20.2685047839697, -32.8646849217591 ] ], [ [ 20.268263997875199, -32.864834775965598 ], [ 20.2662291171623, -32.865672262091302 ] ], [ [ 20.265745358529099, -32.8662220322664 ], [ 20.265744703698999, -32.866225447364499 ] ], [ [ 20.2654210775503, -32.866658420951801 ], [ 20.2651116567028, -32.866839266971802 ] ], [ [ 20.264720105338998, -32.867209479384698 ], [ 20.264624345851001, -32.867360152677399 ] ], [ [ 20.264201525010002, -32.867741215421702 ], [ 20.263128820591199, -32.8683062106996 ] ], [ [ 20.291945325414101, -32.860200242454603 ], [ 20.291985155259798, -32.860259321497999 ], [ 20.292030022356901, -32.860315769976403 ], [ 20.2920796840036, -32.860369282528303 ], [ 20.2921338715601, -32.860419569673702 ], [ 20.292192291902001, -32.860466359380197 ], [ 20.292254629005601, -32.860509398534802 ], [ 20.292320545657901, -32.860548454312699 ], [ 20.292389685280298, -32.860583315437601 ], [ 20.2924616738579, -32.860613793324298 ] ], [ [ 20.291792448529801, -32.859952725465199 ], [ 20.2917020502369, -32.859830625948 ], [ 20.291590280150398, -32.85972185776 ], [ 20.2914598509069, -32.859629060610899 ], [ 20.291313927954299, -32.859554486598903 ], [ 20.291156052728901, -32.859499945558802 ], [ 20.290990056712001, -32.859466761142002 ], [ 20.290819968449799, -32.859455738696198 ], [ 20.290649915792901, -32.859467145721901 ], [ 20.290484025727402, -32.859500705381798 ] ], [ [ 20.2893446652958, -32.858960032662999 ], [ 20.289371244691701, -32.859089586783497 ], [ 20.289428004445199, -32.859212031029301 ], [ 20.2895126483889, -32.859322411766698 ], [ 20.289621752230399, -32.859416263388503 ], [ 20.289750902076602, -32.859489788982899 ], [ 20.2898948730003, -32.859540013949697 ], [ 20.290047840428301, -32.859564906349597 ], [ 20.290203615794301, -32.859563459114199 ], [ 20.290355896923899, -32.859535730792302 ] ], [ [ 20.289286513078601, -32.858267144202102 ], [ 20.289260265636901, -32.858132228354997 ], [ 20.289205205203, -32.858003645962803 ], [ 20.289123191986999, -32.857885740886204 ], [ 20.2890169967067, -32.857782496260697 ], [ 20.2888902069752, -32.857697399941102 ], [ 20.288747106097901, -32.857633326678503 ], [ 20.288592528373702, -32.857592441010702 ], [ 20.2884316957877, -32.857576124143201 ], [ 20.2882700416117, -32.857584927293203 ] ], [ [ 20.2876213943442, -32.857671289173602 ], [ 20.2875468053908, -32.857684027151699 ], [ 20.2874737964129, -32.857702148437902 ], [ 20.287402911738099, -32.857725517926703 ], [ 20.287334679857398, -32.8577539613838 ], [ 20.2872696094846, -32.857787266745198 ], [ 20.287208185764101, -32.857825185698402 ], [ 20.287150866654098, -32.857867435532903 ], [ 20.287098079511601, -32.857913701248599 ], [ 20.287050217907101, -32.857963637903801 ] ], [ [ 20.2851493438022, -32.859901284203602 ], [ 20.285216979052699, -32.8598718084815 ], [ 20.285282639083, -32.859839306744703 ], [ 20.285346134012599, -32.859803872984898 ], [ 20.2854072802232, -32.859765609672998 ], [ 20.2854659008892, -32.859724627462299 ], [ 20.2855218264896, -32.8596810448689 ], [ 20.2855748952977, -32.8596349879288 ], [ 20.285624953848998, -32.8595865898331 ], [ 20.2856718573851, -32.859535990543399 ] ], [ [ 20.2833886722015, -32.8605310341256 ], [ 20.2834415360546, -32.860527691071802 ], [ 20.283494173805799, -32.860522383762998 ], [ 20.283546483041999, -32.8605151225252 ], [ 20.283598361989299, -32.860505921485803 ], [ 20.283649709711099, -32.860494798546597 ], [ 20.283700426304499, -32.860481775348497 ], [ 20.283750413094499, -32.860466877229598 ], [ 20.2837995728264, -32.860450133176002 ], [ 20.283847809854599, -32.860431575765098 ] ], [ [ 20.2813627586272, -32.860570990994397 ], [ 20.281460995218101, -32.860577155407398 ], [ 20.281559329932499, -32.860582081027999 ], [ 20.281657740839499, -32.860585766757602 ], [ 20.2817562059914, -32.8605882117742 ], [ 20.281854703428301, -32.860589415532402 ], [ 20.281953211183101, -32.860589377763702 ], [ 20.282051707286399, -32.860588098476398 ], [ 20.282150169771501, -32.860585577955902 ], [ 20.282248576678999, -32.860581816764203 ] ], [ [ 20.279738096756098, -32.8604587307183 ], [ 20.279668863429499, -32.860454452318201 ], [ 20.2795995531113, -32.860451180276499 ], [ 20.279530186334998, -32.8604489155625 ], [ 20.279460783651299, -32.8604476588472 ], [ 20.279391365621098, -32.8604474105028 ], [ 20.279321952810101, -32.860448170602901 ], [ 20.2792525657824, -32.860449938922201 ], [ 20.2791832250943, -32.860452714936798 ], [ 20.2791139512887, -32.860456497824401 ] ], [ [ 20.2780427152097, -32.860283353760103 ], [ 20.278131942383201, -32.860326756307103 ], [ 20.2782245535317, -32.860364775651803 ], [ 20.278320093429901, -32.860397224910002 ], [ 20.2784180924541, -32.8604239445772 ], [ 20.278518068891501, -32.860444803312603 ], [ 20.278619531308301, -32.8604596985844 ], [ 20.278721980965202, -32.860468557174698 ], [ 20.2788249142693, -32.860471335538499 ], [ 20.2789278252503, -32.860468020018402 ] ], [ [ 20.277893887704099, -32.860204969227702 ], [ 20.277841848021499, -32.860178760822002 ], [ 20.2777886137122, -32.860154321191501 ], [ 20.277734269130399, -32.8601316890622 ], [ 20.277678900388899, -32.8601109002961 ], [ 20.277622595223701, -32.860091987834103 ], [ 20.277565442854002, -32.860074981644203 ], [ 20.2775075338416, -32.860059908673499 ], [ 20.277448959946799, -32.860046792805903 ], [ 20.2773898139835, -32.860035654824301 ] ], [ [ 20.276374833040499, -32.859770037929401 ], [ 20.2764155089741, -32.859787010784203 ], [ 20.276456693578201, -32.859803086134498 ], [ 20.276498359057602, -32.859818253131003 ], [ 20.276540477292802, -32.859832501537603 ], [ 20.276583019858499, -32.859845821738098 ], [ 20.276625958042899, -32.8598582047427 ], [ 20.276669262867401, -32.859869642194099 ], [ 20.2767129051057, -32.859880126373099 ], [ 20.276756855303901, -32.859889650204003 ] ], [ [ 20.275891156745001, -32.859602067456997 ], [ 20.2757663814957, -32.859552896978798 ], [ 20.275637805281601, -32.859511282531301 ], [ 20.275506069507902, -32.859477431707099 ], [ 20.275371831338699, -32.859451513369898 ], [ 20.2752357604192, -32.8594336568122 ], [ 20.275098535535498, -32.859423951110301 ], [ 20.274960841229401, -32.859422444680298 ], [ 20.2748233643837, -32.859429145036302 ], [ 20.2746867907967, -32.8594440187535 ] ], [ [ 20.274635754940501, -32.859451131413998 ], [ 20.2745140972809, -32.859471283080303 ], [ 20.274394099413701, -32.859497585364302 ], [ 20.2742761974459, -32.859529942675699 ], [ 20.274160819868399, -32.8595682374186 ], [ 20.2740483859995, -32.859612330418599 ], [ 20.2739393044609, -32.8596620614287 ], [ 20.2738339716925, -32.859717249711203 ], [ 20.273732770512499, -32.859777694695097 ], [ 20.273636068725502, -32.859843176704302 ] ], [ [ 20.2713014795271, -32.861227403869897 ], [ 20.271427382091598, -32.861198139063298 ], [ 20.271551333730901, -32.861163445656601 ], [ 20.271673006072, -32.861123415559597 ], [ 20.271792076781601, -32.861078154820497 ], [ 20.271908230420099, -32.861027783344198 ], [ 20.272021159277202, -32.860972434574897 ], [ 20.2721305641873, -32.860912255142402 ], [ 20.272236155322201, -32.860847404473802 ], [ 20.2723376529589, -32.860778054370599 ] ], [ [ 20.271136755074799, -32.8612618689736 ], [ 20.271032822023201, -32.861288815564698 ], [ 20.270933025527, -32.861325235472698 ], [ 20.270838573645499, -32.861370687827602 ], [ 20.2707506097451, -32.861424622419598 ], [ 20.270670198659602, -32.861486386358699 ], [ 20.270598313799901, -32.861555231977803 ], [ 20.270535825371201, -32.861630325882501 ], [ 20.270483489837801, -32.861710759039298 ], [ 20.270441940766101, -32.861795557779097 ] ], [ [ 20.2691753944403, -32.864081915386301 ], [ 20.2692834672145, -32.863980113754003 ], [ 20.269385841952001, -32.863874200331402 ], [ 20.269482299310098, -32.863764402064 ], [ 20.269572632627799, -32.863650954220397 ], [ 20.2696566483684, -32.863534099888497 ], [ 20.269734166534501, -32.863414089454501 ], [ 20.269805021053099, -32.863291180066199 ], [ 20.269869060131398, -32.863165635081998 ], [ 20.269926146582002, -32.8630377235067 ] ], [ [ 20.268263997875199, -32.864834775965598 ], [ 20.2682937371953, -32.8648219025131 ], [ 20.268322836650601, -32.8648080266032 ], [ 20.268351248823201, -32.864793170846703 ], [ 20.2683789274151, -32.864777359451502 ], [ 20.2684058273239, -32.864760618182501 ], [ 20.268431904716198, -32.864742974319903 ], [ 20.268457117098801, -32.864724456614802 ], [ 20.268481423388302, -32.864705095242002 ], [ 20.268504783977701, -32.864684921751099 ] ], [ [ 20.266229117161298, -32.865672262092303 ], [ 20.266147246793, -32.865710626889999 ], [ 20.266070661364999, -32.865756105521598 ], [ 20.266000225347501, -32.8658081846445 ], [ 20.265936733803098, -32.865866276411701 ], [ 20.265880903411901, -32.865929725107002 ], [ 20.265833364382502, -32.865997814546098 ], [ 20.265794653337402, -32.866069776160003 ], [ 20.265765207255299, -32.866144797670202 ], [ 20.265745358538101, -32.866222032257397 ] ], [ [ 20.2654210775503, -32.866658420951801 ], [ 20.265476172058101, -32.866623044062202 ], [ 20.2655273036486, -32.866583656989398 ], [ 20.265574063879299, -32.866540574363803 ], [ 20.2656160792287, -32.866494140336201 ], [ 20.265653014079501, -32.866444725828302 ], [ 20.2656845733997, -32.866392725569597 ], [ 20.2657105050993, -32.866338554944299 ], [ 20.265730602043501, -32.866282646673199 ], [ 20.265744703707, -32.866225447356499 ] ], [ [ 20.265111656701801, -32.866839266972796 ], [ 20.265058453157, -32.8668721402234 ], [ 20.2650073682859, -32.866907325700403 ], [ 20.264958543028801, -32.866944726330601 ], [ 20.2649121120925, -32.866984238929597 ], [ 20.264868203578398, -32.867025754485802 ], [ 20.2648269386296, -32.867069158461703 ], [ 20.2647884310962, -32.867114331109597 ], [ 20.264752787221401, -32.867161147802101 ], [ 20.264720105348001, -32.867209479375703 ] ], [ [ 20.264201525010002, -32.867741215421702 ], [ 20.264259400293501, -32.8677087327208 ], [ 20.264314953899, -32.867673481072302 ], [ 20.264368000051899, -32.8676355783617 ], [ 20.264418361363401, -32.867595151339501 ], [ 20.264465869423798, -32.8675523351978 ], [ 20.264510365365901, -32.867507273117702 ], [ 20.264551700395401, -32.867460115790998 ], [ 20.2645897362897, -32.867411020915803 ], [ 20.264624345859001, -32.867360152669399 ] ] ] } },
{ "type": "Feature", "properties": { "name": "Block Reference [84D7]:0" }, "geometry": { "type": "MultiLineString", "coordinates": [ [ [ 20.2929072243852, -32.860834974925197 ], [ 20.2924394952074, -32.860654806046099 ] ], [ [ 20.291897959030202, -32.860221081806202 ], [ 20.291745082244901, -32.859973564760097 ] ], [ [ 20.290500484570899, -32.859543594289697 ], [ 20.290372355712599, -32.859578619715101 ] ], [ [ 20.289291383834598, -32.858963218099099 ], [ 20.289233232031499, -32.858270329618399 ] ], [ [ 20.288278364799201, -32.857629459027798 ], [ 20.287629717223901, -32.857715820936498 ] ], [ [ 20.287093157391102, -32.8579904516778 ], [ 20.2857147971948, -32.859562804787402 ] ], [ [ 20.285172566056598, -32.859941883246201 ], [ 20.283871031636799, -32.860472175047597 ] ], [ [ 20.283391487657099, -32.860576053817503 ], [ 20.282251391551299, -32.860626836481401 ] ], [ [ 20.281358400441299, -32.860615923033897 ], [ 20.279733737759699, -32.860503662689702 ] ], [ [ 20.2791178587992, -32.860501459375101 ], [ 20.278931732668202, -32.860512981572498 ] ], [ [ 20.2780144364176, -32.860321600075601 ], [ 20.277865608875398, -32.860243215508397 ] ], [ [ 20.277379221755901, -32.8600798418938 ], [ 20.2768037751359, -32.859981581001897 ] ], [ [ 20.2763311051947, -32.859842308013697 ], [ 20.2758668633384, -32.8596422174097 ] ], [ [ 20.274695493167801, -32.859488498737903 ], [ 20.274644457296599, -32.859495611391502 ] ], [ [ 20.273670736603599, -32.859877473858703 ], [ 20.272372320687801, -32.860812351876902 ] ], [ [ 20.271314332737699, -32.861271161550803 ], [ 20.2711496082098, -32.861305626669001 ] ], [ [ 20.270492351378099, -32.861810467603902 ], [ 20.269976557803201, -32.863052633544001 ] ], [ [ 20.269214344129999, -32.864112767549301 ], [ 20.268543733682598, -32.864715774128499 ] ], [ [ 20.268287412952098, -32.864875296410503 ], [ 20.266252531518699, -32.865712782901802 ] ], [ [ 20.265798091684001, -32.866229233810103 ], [ 20.265797436855902, -32.8662326489085 ] ], [ [ 20.2654514917879, -32.866695482858397 ], [ 20.2651420708705, -32.866876328951598 ] ], [ [ 20.2647671812936, -32.867230787759802 ], [ 20.2646714218608, -32.867381461088797 ] ], [ [ 20.264229808998, -32.867779460086503 ], [ 20.2631571042884, -32.868344455599498 ] ], [ [ 20.291897959030202, -32.860221081806202 ], [ 20.2919397317727, -32.860283042769197 ], [ 20.291986787491801, -32.860342244848098 ], [ 20.292038871646898, -32.860398367785599 ], [ 20.292095702494102, -32.860451107980197 ], [ 20.292156972610201, -32.8605001801292 ], [ 20.2922223505559, -32.860545318772303 ], [ 20.292291482668499, -32.860586279727102 ], [ 20.292363994974998, -32.860622841410702 ], [ 20.292439495215401, -32.860654806038099 ] ], [ [ 20.291745082243899, -32.859973564761098 ], [ 20.291659093661, -32.8598574212877 ], [ 20.291552775786698, -32.859753958831398 ], [ 20.291428708932902, -32.859665688338701 ], [ 20.291289904136399, -32.859594752052701 ], [ 20.291139730084101, -32.859542871526401 ], [ 20.2909818313614, -32.859511305845302 ], [ 20.290820040006899, -32.859500821073397 ], [ 20.290658282520599, -32.8595116716631 ], [ 20.290500484579901, -32.859543594280701 ] ], [ [ 20.289291383834598, -32.858963218099099 ], [ 20.289319796212801, -32.859101706997201 ], [ 20.289380470369501, -32.859232595696596 ], [ 20.2894709517909, -32.859350588930099 ], [ 20.2895875800323, -32.859450913112497 ], [ 20.2897256367945, -32.859529509470299 ], [ 20.289879536805799, -32.859583198253503 ], [ 20.2900430537888, -32.859609807384601 ], [ 20.290209572367299, -32.859608260340401 ], [ 20.290372355720599, -32.859578619707101 ] ], [ [ 20.289233232030501, -32.858270329619401 ], [ 20.289208575416001, -32.858143590480999 ], [ 20.289156852037799, -32.858022800941399 ], [ 20.289079809358299, -32.857912041599697 ], [ 20.288980050167702, -32.857815054192699 ], [ 20.288860944646299, -32.857735115194401 ], [ 20.288726516507602, -32.857674925132798 ], [ 20.2885813070681, -32.857636517365101 ], [ 20.288430221837402, -32.857621189390002 ], [ 20.2882783648082, -32.857629459018803 ] ], [ [ 20.287629717222899, -32.8577158209375 ], [ 20.2875596487787, -32.857727786922197 ], [ 20.287491064556701, -32.857744809956301 ], [ 20.2874244758959, -32.8577667631222 ], [ 20.287360379258299, -32.857793482744903 ], [ 20.287299252527301, -32.857824769612698 ], [ 20.287241551445199, -32.857860390461603 ], [ 20.2871877062152, -32.857900079714803 ], [ 20.287138118294301, -32.857943541462703 ], [ 20.287093157400101, -32.857990451668698 ] ], [ [ 20.285172566056598, -32.859941883246201 ], [ 20.2852427536044, -32.859911295219497 ], [ 20.2853108913916, -32.859877566987898 ], [ 20.285376782372499, -32.859840796090097 ], [ 20.285440235999499, -32.859801088863897 ], [ 20.285501068774199, -32.859758560138403 ], [ 20.2855591047784, -32.859713332902402 ], [ 20.285614176182399, -32.859665537947997 ], [ 20.285666123730898, -32.859615313492597 ], [ 20.2857147972028, -32.859562804779401 ] ], [ [ 20.283391487657099, -32.860576053817503 ], [ 20.2834467010425, -32.860572562182199 ], [ 20.2835016782766, -32.8605670189908 ], [ 20.2835563123943, -32.860559435027902 ], [ 20.283610497098401, -32.860549825049098 ], [ 20.283664126965899, -32.860538207751802 ], [ 20.2837170976536, -32.860524605738803 ], [ 20.283769306100801, -32.860509045474402 ], [ 20.2838206507301, -32.860491557232898 ], [ 20.2838710316448, -32.860472175039597 ] ], [ [ 20.281358400441299, -32.860615923033897 ], [ 20.281457432519801, -32.860622137364999 ], [ 20.2815565635164, -32.8606271028723 ], [ 20.2816557713228, -32.860630818448399 ], [ 20.2817550338135, -32.860633283264598 ], [ 20.281854328850699, -32.860634496771198 ], [ 20.281953634289401, -32.860634458697298 ], [ 20.282052927982299, -32.860633169051603 ], [ 20.2821521877846, -32.860630628121399 ], [ 20.282251391559299, -32.860626836473401 ] ], [ [ 20.279733737758701, -32.860503662690697 ], [ 20.279665421395599, -32.8604994409556 ], [ 20.279597029060501, -32.860496212250098 ], [ 20.279528581015001, -32.860493977530702 ], [ 20.279460097537498, -32.860492737459502 ], [ 20.279391598916799, -32.8604924924038 ], [ 20.279323105446199, -32.860493242436199 ], [ 20.279254637417299, -32.860494987334498 ], [ 20.2791862151144, -32.860497726581599 ], [ 20.279117858808199, -32.860501459365999 ] ], [ [ 20.2780144364176, -32.860321600075601 ], [ 20.278106908241799, -32.860366580916804 ], [ 20.278202887101099, -32.860405982801304 ], [ 20.278301901215599, -32.860439612048701 ], [ 20.278403463883901, -32.8604673033539 ], [ 20.278507075875499, -32.860488920599899 ], [ 20.278612227885201, -32.860504357526302 ], [ 20.278718403036699, -32.860513538252398 ], [ 20.2788250794239, -32.860516417649897 ], [ 20.278931732676199, -32.860512981564497 ] ], [ [ 20.2778656088744, -32.860243215509399 ], [ 20.277815395131999, -32.860217926685898 ], [ 20.277764028677598, -32.860194344575703 ], [ 20.2777115909056, -32.8601725065461 ], [ 20.277658164907599, -32.860152447201003 ], [ 20.277603835341001, -32.860134198325298 ], [ 20.277548688294999, -32.860117788835801 ], [ 20.2774928111536, -32.860103244733899 ], [ 20.2774362924578, -32.860090589065699 ], [ 20.2773792217649, -32.860079841884797 ] ], [ [ 20.2763311051947, -32.859842308013697 ], [ 20.276381176850901, -32.859863088464301 ], [ 20.276431970990199, -32.859882579948902 ], [ 20.276483441044299, -32.859900764597299 ], [ 20.276535539824899, -32.859917625737502 ], [ 20.276588219567, -32.859933147910802 ], [ 20.276641431973299, -32.8599473168861 ], [ 20.2766951282577, -32.859960119673197 ], [ 20.276749259190598, -32.859971544533899 ], [ 20.2768037751439, -32.859981580993903 ] ], [ [ 20.275866863337399, -32.859642217410702 ], [ 20.275745506545501, -32.859594394046702 ], [ 20.275620452917799, -32.859553919701398 ], [ 20.2754923262878, -32.859520996280601 ], [ 20.2753617658162, -32.859495788021697 ], [ 20.275229422802902, -32.859478420675202 ], [ 20.275095957438499, -32.859468980877303 ], [ 20.2749620355115, -32.859467515717597 ], [ 20.274828325087402, -32.8594740325046 ], [ 20.2746954931768, -32.859488498728901 ] ], [ [ 20.274644457295601, -32.859495611392497 ], [ 20.2745259595184, -32.859515239647699 ], [ 20.274409078425101, -32.859540858767097 ], [ 20.274294238796099, -32.859572375643097 ], [ 20.274181857993401, -32.859609675733999 ], [ 20.274072344444701, -32.859652623480102 ], [ 20.2739660961584, -32.859701062796397 ], [ 20.2738634992782, -32.859754817639399 ], [ 20.273764926679, -32.8598136926474 ], [ 20.273670736612601, -32.8598774738497 ] ], [ [ 20.271314332737699, -32.861271161550803 ], [ 20.271442885940999, -32.8612412806295 ], [ 20.2715694471432, -32.861205856819197 ], [ 20.271693681057599, -32.861164983965097 ], [ 20.271815258564601, -32.8611187703479 ], [ 20.271933857583001, -32.861067338397298 ], [ 20.272049163924098, -32.861010824366801 ], [ 20.272160872123699, -32.860949377973697 ], [ 20.2722686862516, -32.8608831620014 ], [ 20.272372320695801, -32.860812351868901 ] ], [ [ 20.271149608208798, -32.861305626670003 ], [ 20.2710512931165, -32.8613311167002 ], [ 20.2709568909894, -32.861365567979597 ], [ 20.270867544587901, -32.8614085634687 ], [ 20.270784335476101, -32.861459582697599 ], [ 20.270708270930101, -32.861518008066803 ], [ 20.270640271744199, -32.8615831323226 ], [ 20.2705811610852, -32.861654167117798 ], [ 20.270531654526799, -32.861730252554999 ], [ 20.270492351387102, -32.8618104675949 ] ], [ [ 20.269214344129999, -32.864112767549301 ], [ 20.269324066862499, -32.864009411659097 ], [ 20.269428004557799, -32.863901881203702 ], [ 20.269525934524498, -32.863790406593402 ], [ 20.2696176469466, -32.863675226689203 ], [ 20.269702945333101, -32.8635565882905 ], [ 20.2697816469387, -32.863434745606398 ], [ 20.269853583155399, -32.863309959710897 ], [ 20.2699185998734, -32.863182497983502 ], [ 20.269976557811201, -32.863052633536 ] ], [ [ 20.268287412952098, -32.864875296410503 ], [ 20.268319070948699, -32.864861592406903 ], [ 20.2683500477977, -32.864846821270703 ], [ 20.268380293021799, -32.8648310070718 ], [ 20.2684097573363, -32.864814175579703 ], [ 20.268438392728601, -32.864796354221902 ], [ 20.268466152537499, -32.864777572038399 ], [ 20.268492991528099, -32.864757859635297 ], [ 20.268518865966598, -32.864737249134301 ], [ 20.268543733690599, -32.864715774120498 ] ], [ [ 20.266252531517701, -32.865712782902797 ], [ 20.2661756229658, -32.865748822576499 ], [ 20.266103679063299, -32.865791544944599 ], [ 20.266037511888801, -32.8658404677752 ], [ 20.265977868319698, -32.865895038847597 ], [ 20.265925421600802, -32.865954642185301 ], [ 20.265880763745599, -32.866018605008101 ], [ 20.265844398853201, -32.866086205326297 ], [ 20.265816737417399, -32.866156680089901 ], [ 20.265798091693, -32.8662292338011 ] ], [ [ 20.2654514917879, -32.866695482858397 ], [ 20.265510385927499, -32.8666576661685 ], [ 20.2655650438385, -32.866615562730402 ], [ 20.265615028909998, -32.866569508873901 ], [ 20.265659941860399, -32.866519872484503 ], [ 20.265699423926598, -32.866467050065197 ], [ 20.265733159730299, -32.866411463568902 ], [ 20.265760879796499, -32.866353557027303 ], [ 20.265782362705899, -32.866293793004303 ], [ 20.265797436863899, -32.8662326489005 ] ], [ [ 20.265142070869501, -32.8668763289526 ], [ 20.2650911312952, -32.866907803354003 ], [ 20.2650422202416, -32.8669414915895 ], [ 20.2649954726514, -32.866977300716698 ], [ 20.264951017499399, -32.867015131941699 ], [ 20.264908977435802, -32.8670548808917 ], [ 20.264869468448701, -32.867096437902902 ], [ 20.264832599543499, -32.867139688323199 ], [ 20.264798472442099, -32.867184512828203 ], [ 20.264767181302599, -32.867230787750799 ] ], [ [ 20.264229808998, -32.867779460086503 ], [ 20.264290256531002, -32.867745533696102 ], [ 20.264348279196401, -32.867708715293197 ], [ 20.264403682962602, -32.867669128002802 ], [ 20.264456282557099, -32.867626904208798 ], [ 20.264505902085101, -32.867582185112198 ], [ 20.264552375618401, -32.867535120257998 ], [ 20.2645955477503, -32.867485867035398 ], [ 20.2646352741145, -32.867434590151603 ], [ 20.264671421868801, -32.867381461080797 ] ] ] } },
{ "type": "Feature", "properties": { "name": "Block Reference [8379]:0" }, "geometry": { "type": "MultiLineString", "coordinates": [ [ [ 20.2959877434511, -32.861365517674798 ], [ 20.296259289189699, -32.861097018634297 ] ], [ [ 20.296287003729901, -32.861070722738198 ], [ 20.2966139689924, -32.860772974949001 ] ], [ [ 20.296287003729901, -32.861070722738198 ], [ 20.2962838617436, -32.861073597008001 ], [ 20.2962807352563, -32.861076483291498 ], [ 20.296277624332699, -32.861079381529102 ], [ 20.2962745290369, -32.861082291660999 ], [ 20.296271449432702, -32.861085213627199 ], [ 20.296268385583598, -32.861088147367497 ], [ 20.296265337552899, -32.861091092821297 ], [ 20.296262305403399, -32.8610940499279 ], [ 20.2962592891977, -32.861097018626303 ] ] ] } },
{ "type": "Feature", "properties": { "name": "Block Reference [836B]:0" }, "geometry": { "type": "MultiLineString", "coordinates": [ [ [ 20.2959689370592, -32.8612461178339 ], [ 20.2959684721325, -32.861243802299697 ], [ 20.2959670968838, -32.861241760614703 ], [ 20.295964977188401, -32.861240239035901 ], [ 20.295962368713099, -32.8612394210883 ], [ 20.295959586078499, -32.861239405428002 ], [ 20.2959569649115, -32.861240193943999 ], [ 20.295954821363502, -32.861241691529401 ], [ 20.2959534139783, -32.861243717553201 ], [ 20.295952912507399, -32.861246027646899 ] ], [ [ 20.2959529124984, -32.861246027655902 ], [ 20.295953377426699, -32.861248343188201 ], [ 20.295954752677201, -32.861250384871298 ], [ 20.295956872374699, -32.861251906448203 ], [ 20.2959594808523, -32.861252724393999 ], [ 20.295962263489301, -32.861252740052201 ], [ 20.295964884658598, -32.8612519515342 ], [ 20.295967028208601, -32.861250453946603 ], [ 20.2959684355957, -32.8612484279207 ], [ 20.295968937068199, -32.861246117824898 ] ] ] } },
{ "type": "Feature", "properties": { "name": "Block Reference [836B]:1" }, "geometry": { "type": "MultiLineString", "coordinates": [ [ [ 20.2956241121761, -32.861067246705097 ], [ 20.295960924779799, -32.861246072744102 ] ], [ [ 20.2959609247788, -32.861246072745097 ], [ 20.296232017403401, -32.861000234517697 ] ] ] } },
{ "type": "Feature", "properties": { "name": "Block Reference [836B]:2" }, "geometry": { "type": "MultiLineString", "coordinates": [ [ [ 20.295538064638201, -32.861021560683596 ], [ 20.295624112177101, -32.861067246704103 ] ], [ [ 20.296232017402399, -32.861000234518698 ], [ 20.296269404237201, -32.8609663304047 ] ], [ [ 20.2956241121761, -32.861067246705097 ], [ 20.295689404239301, -32.861096265838 ], [ 20.2957591893089, -32.861116509629099 ], [ 20.2958318231824, -32.861127501114602 ], [ 20.295905594534201, -32.861128981323802 ], [ 20.295978765236999, -32.8611209153811 ], [ 20.296049611316299, -32.861103493327903 ], [ 20.2961164635696, -32.861077125644698 ], [ 20.296177746896799, -32.861042433579399 ], [ 20.296232017411398, -32.861000234509703 ] ] ] } },
{ "type": "Feature", "properties": { "name": "Block Reference [836A]:0" }, "geometry": { "type": "MultiLineString", "coordinates": [ [ [ 20.296016121439099, -32.861322440624903 ], [ 20.296015656510701, -32.861320125090899 ], [ 20.296014281259701, -32.861318083406402 ], [ 20.296012161561698, -32.861316561828502 ], [ 20.296009553083699, -32.861315743881804 ], [ 20.296006770446699, -32.8613157282226 ], [ 20.296004149277898, -32.8613165167395 ], [ 20.296002005728901, -32.861318014325597 ], [ 20.2960005983435, -32.861320040349902 ], [ 20.2960000968733, -32.861322350443899 ] ], [ [ 20.296000096864301, -32.861322350452902 ], [ 20.296000561794202, -32.861324665984903 ], [ 20.296001937046999, -32.861326707667601 ], [ 20.296004056747002, -32.861328229243703 ], [ 20.296006665227299, -32.861329047188498 ], [ 20.296009447866702, -32.861329062845698 ], [ 20.2960120690379, -32.861328274326702 ], [ 20.296014212589, -32.861326776738402 ], [ 20.296015619976199, -32.861324750711901 ], [ 20.296016121448101, -32.861322440615901 ] ] ] } },
{ "type": "Feature", "properties": { "name": "Block Reference [836A]:1" }, "geometry": { "type": "MultiLineString", "coordinates": [ [ [ 20.296324296758499, -32.861035663088003 ], [ 20.296008109152702, -32.861322395538103 ] ], [ [ 20.2960081091517, -32.861322395539098 ], [ 20.296336505108499, -32.861599181790901 ] ] ] } },
{ "type": "Feature", "properties": { "name": "Block Reference [836A]:2" }, "geometry": { "type": "MultiLineString", "coordinates": [ [ [ 20.296344176549699, -32.861017635152997 ], [ 20.296324296759501, -32.861035663087002 ] ], [ [ 20.296336505107501, -32.861599181791902 ], [ 20.296337089945101, -32.861599674714 ] ], [ [ 20.296324296758499, -32.861035663088003 ], [ 20.2962737956063, -32.861090107576103 ], [ 20.296234980902302, -32.861150998458903 ], [ 20.296208979870201, -32.861216567433999 ], [ 20.296196547623499, -32.861284910340501 ], [ 20.296198045233702, -32.861354042457002 ], [ 20.296213429241298, -32.861421956138301 ], [ 20.296242252914102, -32.861486679118698 ], [ 20.2962836792167, -32.861546331789199 ], [ 20.2963365051165, -32.8615991817828 ] ] ] } },
{ "type": "Feature", "properties": { "name": "Block Reference [8369]:0" }, "geometry": { "type": "MultiLineString", "coordinates": [ [ [ 20.296244912527399, -32.861056704430297 ], [ 20.2962444475944, -32.861054388897003 ], [ 20.296243072342101, -32.861052347214901 ], [ 20.296240952646301, -32.861050825640802 ], [ 20.296238344173901, -32.8610500076989 ], [ 20.296235561545, -32.861049992044897 ], [ 20.296232940385998, -32.861050780566799 ], [ 20.296230796847201, -32.861052278157104 ], [ 20.2962293894713, -32.861054304184201 ], [ 20.296228888008599, -32.8610566142792 ] ], [ [ 20.2962288879996, -32.861056614288202 ], [ 20.296229352934201, -32.861058929819499 ], [ 20.296230728188299, -32.861060971499803 ], [ 20.296232847886099, -32.861062493072097 ], [ 20.2962354563609, -32.861063311012103 ], [ 20.2962382389921, -32.861063326664102 ], [ 20.2962408601535, -32.861062538140096 ], [ 20.2962430036944, -32.861061040547703 ], [ 20.296244411072099, -32.861059014518403 ], [ 20.296244912536402, -32.861056704421301 ] ] ] } },
{ "type": "Feature", "properties": { "name": "Block Reference [8369]:1" }, "geometry": { "type": "MultiLineString", "coordinates": [ [ [ 20.2962227234596, -32.861070677158203 ], [ 20.2962369002645, -32.861056659358503 ] ], [ [ 20.296236900263501, -32.861056659359498 ], [ 20.2962517439246, -32.861043142194703 ] ] ] } },
{ "type": "Feature", "properties": { "name": "Block Reference [8369]:2" }, "geometry": { "type": "MultiLineString", "coordinates": [ [ [ 20.295951177695201, -32.861339176119102 ], [ 20.296222723460598, -32.861070677157201 ] ], [ [ 20.296251743923602, -32.861043142195697 ], [ 20.296578709199299, -32.860745394497599 ] ], [ [ 20.296251743923602, -32.861043142195697 ], [ 20.296248453885401, -32.861046151901398 ], [ 20.2962451800765, -32.861049174186903 ], [ 20.2962419225647, -32.861052208989797 ], [ 20.296238681417002, -32.861055256247496 ], [ 20.296235456700298, -32.861058315897097 ], [ 20.2962322484811, -32.861061387875601 ], [ 20.296229056825599, -32.861064472119601 ], [ 20.2962258817996, -32.861067568565403 ], [ 20.296222723468599, -32.8610706771492 ] ] ] } },
{ "type": "Feature", "properties": { "name": "Block Reference [8368]:0" }, "geometry": { "type": "MultiLineString", "coordinates": [ [ [ 20.2959146119609, -32.861312834552798 ], [ 20.296186157753201, -32.861044335669597 ] ], [ [ 20.296216484139201, -32.861015561643399 ], [ 20.296543449427901, -32.860717814036398 ] ], [ [ 20.296216484139201, -32.861015561643399 ], [ 20.296213046049001, -32.861018706785003 ], [ 20.2962096249186, -32.861021865072402 ], [ 20.296206220818501, -32.861025036440502 ], [ 20.2962028338188, -32.861028220823897 ], [ 20.296199463989598, -32.861031418156799 ], [ 20.296196111400199, -32.861034628373403 ], [ 20.296192776119899, -32.861037851407502 ], [ 20.296189458217398, -32.861041087192397 ], [ 20.296186157761198, -32.861044335661603 ] ] ] } },
{ "type": "Feature", "properties": { "name": "Block Reference [833C]:0" }, "geometry": { "type": "MultiLineString", "coordinates": [ [ [ 20.325394570638299, -32.860684065605803 ], [ 20.325394104947598, -32.860681750170698 ], [ 20.325392729027101, -32.860679708800198 ], [ 20.325390608833199, -32.860678187713603 ], [ 20.325388000092801, -32.860677370376003 ], [ 20.3253852174585, -32.860677355370498 ], [ 20.325382596557201, -32.8606781445067 ], [ 20.325380453508199, -32.860679642603102 ], [ 20.325379046795, -32.860681668966997 ], [ 20.3253785460881, -32.860683979188998 ] ], [ [ 20.325378546079101, -32.860683979198001 ], [ 20.3253790117714, -32.860686294631101 ], [ 20.325380387693698, -32.860688335999697 ], [ 20.3253825078896, -32.860689857084601 ], [ 20.325385116632301, -32.860690674420198 ], [ 20.325387899269, -32.860690689423798 ], [ 20.3253905201727, -32.8606899002855 ], [ 20.325392663223798, -32.860688402186902 ], [ 20.325394069938799, -32.860686375820798 ], [ 20.325394570647301, -32.8606840655968 ] ], [ [ 20.3242416808895, -32.860283982832499 ], [ 20.3242412152307, -32.860281667393501 ], [ 20.324239839342798, -32.860279626010602 ], [ 20.324237719178399, -32.860278104904701 ], [ 20.324235110460702, -32.860277287543298 ], [ 20.324232327839599, -32.860277272512299 ], [ 20.324229706940301, -32.860278061624399 ], [ 20.324227563882001, -32.860279559700999 ], [ 20.324226157149301, -32.860281586051897 ], [ 20.324225656414999, -32.860283896269003 ] ], [ [ 20.324225656406, -32.860283896277998 ], [ 20.324226122066399, -32.860286211715099 ], [ 20.324227497955999, -32.860288253096201 ], [ 20.324229618122502, -32.860289774200297 ], [ 20.324232226842501, -32.860290591559703 ], [ 20.324235009466101, -32.860290606588798 ], [ 20.324237630367701, -32.860289817474502 ], [ 20.324239773428101, -32.8602883193957 ], [ 20.324241180162598, -32.860286293042797 ], [ 20.324241680898499, -32.860283982823503 ] ], [ [ 20.3223562324767, -32.8629489735671 ], [ 20.3223557668544, -32.862946658122397 ], [ 20.322354390970101, -32.862944616719702 ], [ 20.322352270775902, -32.862943095582096 ], [ 20.322349661998601, -32.862942278181002 ], [ 20.322346879295299, -32.862942263106902 ], [ 20.3223442583012, -32.862943052177997 ], [ 20.322342115146899, -32.862944550220398 ], [ 20.3223407083285, -32.862946576548097 ], [ 20.322340207529301, -32.862948886755902 ] ], [ [ 20.322340207520298, -32.862948886764897 ], [ 20.3223406731442, -32.862951202207597 ], [ 20.322342049030301, -32.862953243608402 ], [ 20.3223441692266, -32.862954764744302 ], [ 20.322346778006199, -32.862955582143499 ], [ 20.322349560711899, -32.862955597215503 ], [ 20.3223521817083, -32.862954808142398 ], [ 20.322354324864701, -32.862953310097801 ], [ 20.322355731684901, -32.862951283767998 ], [ 20.322356232485699, -32.862948973558098 ] ], [ [ 20.319933454866401, -32.863012932128299 ], [ 20.319932989306899, -32.863010616675503 ], [ 20.319931613477699, -32.863008575246901 ], [ 20.3199294933241, -32.863007054068703 ], [ 20.319926884568002, -32.863006236617302 ], [ 20.319924101864199, -32.8630062214894 ], [ 20.3199214808477, -32.863007010509399 ], [ 20.3199193376518, -32.863008508509701 ], [ 20.319917930777802, -32.863010534809398 ], [ 20.319917429915598, -32.863012845006601 ] ], [ [ 20.319917429906599, -32.863012845015596 ], [ 20.3199178954677, -32.863015160466503 ], [ 20.319919271298701, -32.8630172018933 ], [ 20.3199213914544, -32.8630187230697 ], [ 20.319924000212701, -32.863019540519097 ], [ 20.319926782919001, -32.863019555645103 ], [ 20.319929403937799, -32.863018766623 ], [ 20.319931547135699, -32.863017268620503 ], [ 20.319932954011598, -32.863015242318603 ], [ 20.3199334548754, -32.863012932119297 ] ], [ [ 20.3182716316194, -32.864081358167503 ], [ 20.3182711660981, -32.864079042709399 ], [ 20.3182697902912, -32.864077001263098 ], [ 20.318267670141399, -32.864075480057103 ], [ 20.318265061370202, -32.864074662570999 ], [ 20.318262278633899, -32.864074647405602 ], [ 20.318259657571701, -32.864075436390102 ], [ 20.318257514322401, -32.864076934361002 ], [ 20.318256107393701, -32.864078960640903 ], [ 20.318255606482001, -32.864081270830503 ] ], [ [ 20.318255606472999, -32.864081270839499 ], [ 20.318256071995801, -32.8640835862956 ], [ 20.318257447804498, -32.864085627740103 ], [ 20.3182595679564, -32.8640871489443 ], [ 20.318262176729899, -32.864087966428499 ], [ 20.3182649594686, -32.864087981591801 ], [ 20.318267580533099, -32.864087192605297 ], [ 20.3182697237845, -32.864085694632202 ], [ 20.318271130715001, -32.864083668350098 ], [ 20.318271631628399, -32.864081358158501 ] ], [ [ 20.316223983350401, -32.864655354525098 ], [ 20.316223517879799, -32.8646530390603 ], [ 20.316222142111599, -32.864650997592101 ], [ 20.316220021983899, -32.864649476351801 ], [ 20.3162174132156, -32.8646486588231 ], [ 20.3162146304626, -32.864648643612 ], [ 20.316212009366101, -32.864649432553001 ], [ 20.316209866068998, -32.864650930488096 ], [ 20.316208459084802, -32.864652956744003 ], [ 20.3162079581166, -32.864655266924501 ] ], [ [ 20.316207958107601, -32.864655266933497 ], [ 20.316208423579901, -32.864657582396397 ], [ 20.316209799349799, -32.8646596238626 ], [ 20.316211919479599, -32.864661145101103 ], [ 20.3162145282502, -32.864661962627899 ], [ 20.316217311005701, -32.864661977837102 ], [ 20.316219932104499, -32.864661188893997 ], [ 20.316222075403601, -32.864659690956699 ], [ 20.316223482389699, -32.864657664698598 ], [ 20.3162239833594, -32.864655354516103 ] ], [ [ 20.3158956353032, -32.864727147918003 ], [ 20.3158951698408, -32.864724832451998 ], [ 20.315893794079098, -32.864722790980402 ], [ 20.315891673955502, -32.864721269734602 ], [ 20.315889065188099, -32.864720452199101 ], [ 20.315886282433102, -32.864720436980598 ], [ 20.3158836613317, -32.8647212259147 ], [ 20.315881518027499, -32.864722723843997 ], [ 20.315880111034701, -32.864724750096102 ], [ 20.3158796100576, -32.864727060275101 ] ], [ [ 20.315879610048601, -32.864727060284103 ], [ 20.315880075512599, -32.864729375748098 ], [ 20.315881451276098, -32.864731417217897 ], [ 20.315883571401798, -32.864732938461898 ], [ 20.3158861801714, -32.864733755995502 ], [ 20.315888962928899, -32.864733771212002 ], [ 20.315891584032599, -32.864732982275797 ], [ 20.315893727338899, -32.864731484344297 ], [ 20.315895134333498, -32.864729458089997 ], [ 20.315895635312199, -32.864727147909001 ] ], [ [ 20.311629073494199, -32.864976495071602 ], [ 20.311628608141799, -32.8649741795913 ], [ 20.311627232475001, -32.864972138074101 ], [ 20.311625112419598, -32.864970616756899 ], [ 20.3116225036859, -32.864969799132901 ], [ 20.311619720925499, -32.864969783819397 ], [ 20.311617099780602, -32.864970572663402 ], [ 20.3116149563999, -32.864972070518498 ], [ 20.311613549307001, -32.864974096721298 ], [ 20.311613048218099, -32.864976406881603 ] ], [ [ 20.3116130482091, -32.864976406890598 ], [ 20.311613513563099, -32.864978722368903 ], [ 20.311614889231699, -32.864980763884297 ], [ 20.311617009289101, -32.864982285199702 ], [ 20.311619618025102, -32.864983102821803 ], [ 20.3116224007879, -32.864983118133303 ], [ 20.3116250219351, -32.864982329287201 ], [ 20.311627165317901, -32.864980831429797 ], [ 20.311628572412602, -32.864978805224901 ], [ 20.311629073503202, -32.864976495062599 ] ], [ [ 20.310256161053498, -32.864513395809297 ], [ 20.310255695739102, -32.864511080324299 ], [ 20.3102543201109, -32.864509038792299 ], [ 20.3102522000904, -32.864507517452203 ], [ 20.310249591383201, -32.864506699799897 ], [ 20.310246808638102, -32.864506684456003 ], [ 20.3102441874953, -32.864507473271402 ], [ 20.310242044103301, -32.8645089711029 ], [ 20.310240636986901, -32.864510997289997 ], [ 20.3102401358653, -32.864513307444597 ] ], [ [ 20.310240135856301, -32.864513307453599 ], [ 20.310240601172399, -32.8645156229367 ], [ 20.310241976802299, -32.864517664466803 ], [ 20.310244096824899, -32.864519185805101 ], [ 20.3102467055344, -32.864520003455603 ], [ 20.310249488281801, -32.8645200187974 ], [ 20.310252109427001, -32.864519229979997 ], [ 20.3102542528211, -32.864517732146197 ], [ 20.310255659939301, -32.864515705956897 ], [ 20.310256161062501, -32.864513395800302 ] ], [ [ 20.309084640114701, -32.864515750902697 ], [ 20.309084174830801, -32.864513435413699 ], [ 20.309082799229799, -32.8645113938693 ], [ 20.309080679229499, -32.864509872509501 ], [ 20.309078070533499, -32.864509054832901 ], [ 20.309075287789, -32.864509039463002 ], [ 20.309072666636201, -32.864509828253702 ], [ 20.309070523224801, -32.8645113260649 ], [ 20.309069116082, -32.864513352238497 ], [ 20.309068614930101, -32.864515662387902 ] ], [ [ 20.309068614921099, -32.864515662396897 ], [ 20.309069080206601, -32.864517977883999 ], [ 20.309070455809501, -32.8645200194266 ], [ 20.3090725758118, -32.864521540784501 ], [ 20.3090751845101, -32.864522358459297 ], [ 20.309077967257, -32.8645223738271 ], [ 20.309080588412101, -32.864521585034403 ], [ 20.309082731825601, -32.864520087221003 ], [ 20.309084138970199, -32.864518061045203 ], [ 20.3090846401237, -32.864515750893702 ] ], [ [ 20.307564609500801, -32.864062645661299 ], [ 20.307564144258599, -32.864060330167 ], [ 20.307562768699501, -32.864058288606202 ], [ 20.307560648736299, -32.864056767221101 ], [ 20.307558040068098, -32.864055949513101 ], [ 20.307555257338599, -32.864055934109601 ], [ 20.307552636186401, -32.864056722868398 ], [ 20.3075504927609, -32.864058220653497 ], [ 20.307549085591202, -32.8640602468098 ], [ 20.307548584402799, -32.864062556952803 ] ], [ [ 20.3075485843938, -32.864062556961798 ], [ 20.307549049637601, -32.864064872454101 ], [ 20.3075504251985, -32.864066914013101 ], [ 20.307552545163698, -32.864068435396298 ], [ 20.307555153834301, -32.8640692531025 ], [ 20.307557936566202, -32.864069268503997 ], [ 20.307560557720802, -32.864068479743104 ], [ 20.307562701148299, -32.864066981955801 ], [ 20.307564108319799, -32.864064955797303 ], [ 20.3075646095098, -32.864062645652297 ] ], [ [ 20.3065930124476, -32.863996120768299 ], [ 20.306592547231102, -32.863993805270702 ], [ 20.306591171695398, -32.863991763699602 ], [ 20.306589051750699, -32.8639902422982 ], [ 20.3065864430937, -32.8639894245701 ], [ 20.306583660366901, -32.863989409144999 ], [ 20.3065810392084, -32.863990197883403 ], [ 20.306578895768499, -32.863991695651599 ], [ 20.306577488578, -32.863993721796703 ], [ 20.306576987364899, -32.863996031935599 ] ], [ [ 20.3065769873559, -32.863996031944602 ], [ 20.306577452574, -32.863998347440202 ], [ 20.306578828111501, -32.864000389009497 ], [ 20.306580948058301, -32.864001910409002 ], [ 20.306583556717602, -32.864002728135297 ], [ 20.306586339446799, -32.864002743558402 ], [ 20.306588960607701, -32.864001954817901 ], [ 20.306591104049598, -32.864000457047503 ], [ 20.306592511241899, -32.863998430900203 ], [ 20.306593012456599, -32.863996120759303 ] ], [ [ 20.305783179584399, -32.863371608841398 ], [ 20.305782714391899, -32.863369293340902 ], [ 20.305781338884302, -32.863367251760998 ], [ 20.305779218968301, -32.863365730346203 ], [ 20.305776610337201, -32.863364912601398 ], [ 20.3057738276304, -32.863364897158597 ], [ 20.305771206483499, -32.863365685880197 ], [ 20.305769063045599, -32.8633671836348 ], [ 20.3057676558469, -32.863369209770802 ], [ 20.305767154616699, -32.863371519906401 ] ], [ [ 20.3057671546077, -32.863371519915397 ], [ 20.305767619801699, -32.863373835414002 ], [ 20.305768995311102, -32.863375876992002 ], [ 20.305771115229099, -32.863377398404999 ], [ 20.3057737238626, -32.8633782161479 ], [ 20.305776506571799, -32.863378231588797 ], [ 20.305779127720999, -32.863377442865001 ], [ 20.305781271160999, -32.863375945108302 ], [ 20.305782678361499, -32.863373918969998 ], [ 20.305783179593401, -32.863371608832402 ] ], [ [ 20.304544279045398, -32.863353981682899 ], [ 20.304543813885299, -32.863351666178197 ], [ 20.304542438406699, -32.863349624585098 ], [ 20.3045403185127, -32.863348103149598 ], [ 20.3045377098939, -32.863347285379099 ], [ 20.304534927188399, -32.863347269908701 ], [ 20.304532306031501, -32.863348058604302 ], [ 20.304530162573599, -32.863349556337297 ], [ 20.304528755347299, -32.863351582459103 ], [ 20.304528254085099, -32.863353892589302 ] ], [ [ 20.3045282540761, -32.863353892598298 ], [ 20.304528719237901, -32.863356208101003 ], [ 20.304530094718299, -32.863358249692297 ], [ 20.304532214614401, -32.863359771125999 ], [ 20.3045348232354, -32.863360588894601 ], [ 20.304537605943398, -32.863360604363002 ], [ 20.304540227102599, -32.863359815665298 ], [ 20.304542370562601, -32.8633583179301 ], [ 20.304543777790698, -32.863356291806198 ], [ 20.304544279054401, -32.863353981673903 ] ], [ [ 20.3028105618403, -32.862795413536404 ], [ 20.302810096727999, -32.862793098025698 ], [ 20.302808721297801, -32.862791056413997 ], [ 20.302806601446999, -32.862789534949499 ], [ 20.302803992861101, -32.862788717143196 ], [ 20.302801210174099, -32.8627887016345 ], [ 20.302798589019101, -32.8627894902938 ], [ 20.3027964455462, -32.862790987997101 ], [ 20.302795038289901, -32.862793014099097 ], [ 20.302794536986301, -32.862795324221999 ] ], [ [ 20.302794536977299, -32.862795324231001 ], [ 20.302795002091202, -32.862797639739803 ], [ 20.302796377523201, -32.862799681349699 ], [ 20.302798497375999, -32.8628012028123 ], [ 20.3028011059642, -32.862802020616698 ], [ 20.302803888653699, -32.862802036123398 ], [ 20.302806509810999, -32.862801247462002 ], [ 20.302808653286, -32.862799749756498 ], [ 20.3028100605441, -32.862797723652299 ], [ 20.302810561849299, -32.862795413527401 ] ], [ [ 20.301609573688701, -32.862905656565403 ], [ 20.301609108607099, -32.862903341050597 ], [ 20.301607733202999, -32.862901299426099 ], [ 20.301605613370601, -32.8628997779415 ], [ 20.301603004793002, -32.8628989601103 ], [ 20.3016002221032, -32.862898944574901 ], [ 20.301597600934802, -32.862899733208799 ], [ 20.301595457439401, -32.862901230891197 ], [ 20.3015940501543, -32.862903256979301 ], [ 20.301593548819, -32.862905567096902 ] ], [ [ 20.301593548810001, -32.862905567105898 ], [ 20.301594013893101, -32.8629078826186 ], [ 20.301595389298999, -32.8629099242414 ], [ 20.301597509133501, -32.862911445724102 ], [ 20.301600117713399, -32.862912263553397 ], [ 20.301602900405602, -32.862912279086899 ], [ 20.301605521576398, -32.862911490450799 ], [ 20.301607665073799, -32.862909992766298 ], [ 20.301609072360801, -32.862907966675998 ], [ 20.3016095736977, -32.8629056565564 ] ], [ [ 20.3001566146656, -32.862692433979298 ], [ 20.3001561496229, -32.862690118459703 ], [ 20.300154774255599, -32.862688076819602 ], [ 20.300152654453498, -32.862686555310702 ], [ 20.300150045896, -32.862685737449503 ], [ 20.300147263213699, -32.862685721881803 ], [ 20.300144642039299, -32.862686510485197 ], [ 20.300142498525201, -32.862688008142499 ], [ 20.300141091210801, -32.862690034213898 ], [ 20.300140589839199, -32.862692344325303 ] ], [ [ 20.3001405898302, -32.862692344334299 ], [ 20.300141054874501, -32.862694659851996 ], [ 20.3001424302436, -32.8626967014903 ], [ 20.300144550047801, -32.862698222997302 ], [ 20.300147158607601, -32.862699040856597 ], [ 20.3001499412923, -32.862699056422301 ], [ 20.300152562468998, -32.862698267816803 ], [ 20.3001547059852, -32.862696770157399 ], [ 20.300156113301401, -32.862694744083797 ], [ 20.300156614674599, -32.862692433970302 ] ], [ [ 20.297895962473898, -32.863645147317598 ], [ 20.297895497485602, -32.8636428317906 ], [ 20.297894122156301, -32.863640790126503 ], [ 20.2978920023711, -32.863639268579803 ], [ 20.297889393807498, -32.863638450671402 ], [ 20.2978866110968, -32.863638435052998 ], [ 20.297883989875199, -32.863639223608402 ], [ 20.297881846300498, -32.863640721225799 ], [ 20.297880438919801, -32.863642747270603 ], [ 20.297879937483899, -32.863645057371698 ] ], [ [ 20.297879937474899, -32.863645057380701 ], [ 20.297880402464799, -32.863647372905803 ], [ 20.297881777795901, -32.863649414568101 ], [ 20.297883897583201, -32.863650936112897 ], [ 20.297886506149101, -32.863651754019401 ], [ 20.297889288862098, -32.863651769635801 ], [ 20.297891910086101, -32.863650981078401 ], [ 20.297894053662901, -32.863649483458701 ], [ 20.2978954610454, -32.863647457411801 ], [ 20.297895962482901, -32.863645147308603 ] ], [ [ 20.296457537848799, -32.861707063546 ], [ 20.296457072907199, -32.861704748013601 ], [ 20.296455697640202, -32.861702706333901 ], [ 20.296453577925501, -32.861701184763298 ], [ 20.296450969432101, -32.861700366825602 ], [ 20.296448186782801, -32.861700351176097 ], [ 20.296445565606302, -32.861701139702099 ], [ 20.296443422055201, -32.8617026372957 ], [ 20.296442014673499, -32.8617046633249 ], [ 20.296441513212301, -32.861706973420603 ] ], [ [ 20.296441513203298, -32.861706973429598 ], [ 20.2964419781466, -32.86170928896 ], [ 20.296443353415299, -32.861711330637903 ], [ 20.296445473132099, -32.861712852206701 ], [ 20.296448081627801, -32.8617136701424 ], [ 20.2964508642795, -32.861713685790001 ], [ 20.296453485458301, -32.861712897261903 ], [ 20.296455629011501, -32.861711399666099 ], [ 20.296457036395001, -32.861709373634802 ], [ 20.296457537857801, -32.861707063536997 ] ], [ [ 20.295203963419301, -32.860781761591497 ], [ 20.295203498514802, -32.8607794460546 ], [ 20.295202123290601, -32.8607774043614 ], [ 20.295200003619499, -32.8607758827699 ], [ 20.295197395165001, -32.860775064806496 ], [ 20.295194612545298, -32.860775049129501 ], [ 20.2951919913856, -32.860775837629497 ], [ 20.295189847836401, -32.860777335201902 ], [ 20.2951884404415, -32.860779361217098 ], [ 20.2951879389536, -32.860781671307699 ] ], [ [ 20.295187938944601, -32.860781671316701 ], [ 20.295188403850801, -32.8607839868517 ], [ 20.295189779076701, -32.860786028543103 ], [ 20.295191898749898, -32.860787550132699 ], [ 20.295194507206698, -32.860788368094198 ], [ 20.295197289828799, -32.860788383769297 ], [ 20.295199910990799, -32.860787595267098 ], [ 20.295202054542099, -32.860786097692603 ], [ 20.295203461938801, -32.860784071675198 ], [ 20.2952039634283, -32.860781761582501 ] ], [ [ 20.2937417319052, -32.8611285640335 ], [ 20.293741267037099, -32.8611262484918 ], [ 20.2937398918416, -32.861124206783003 ], [ 20.293737772187701, -32.861122685166997 ], [ 20.2937351637371, -32.861121867173203 ], [ 20.293732381107599, -32.861121851463501 ], [ 20.293729759925199, -32.861122639932603 ], [ 20.293727616343499, -32.861124137479401 ], [ 20.293726208910002, -32.8611261634775 ], [ 20.293725707382201, -32.8611284735616 ] ], [ [ 20.293725707373198, -32.861128473570602 ], [ 20.293726172242899, -32.861130789110298 ], [ 20.293727547440199, -32.861132830817297 ], [ 20.293729667096098, -32.861134352431399 ], [ 20.293732275549001, -32.861135170423303 ], [ 20.293735058180999, -32.861135186131101 ], [ 20.293737679365702, -32.861134397659903 ], [ 20.293739822949501, -32.861132900110903 ], [ 20.2937412303848, -32.8611308741107 ], [ 20.293741731914199, -32.861128564024497 ] ] ] } },
{ "type": "Feature", "properties": { "name": "Block Reference [833C]:1" }, "geometry": { "type": "MultiLineString", "coordinates": [ [ [ 20.3255680397059, -32.860679649686801 ], [ 20.3253865583597, -32.860684022401102 ] ], [ [ 20.325386558358701, -32.860684022402097 ], [ 20.325218642989899, -32.8606257522626 ] ], [ [ 20.325085191621898, -32.860579441639203 ], [ 20.324233668648699, -32.860283939554499 ] ], [ [ 20.3242336686477, -32.860283939555501 ], [ 20.323761663791601, -32.860951113617602 ] ], [ [ 20.322707801073602, -32.862440694479098 ], [ 20.322348219999501, -32.862948930165203 ] ], [ [ 20.322348219998499, -32.862948930166198 ], [ 20.321647175831099, -32.862967441721601 ] ], [ [ 20.320677650366999, -32.862993036223898 ], [ 20.3199254423875, -32.863012888571198 ] ], [ [ 20.319925442386499, -32.8630128885722 ], [ 20.319326789133001, -32.863397782617199 ] ], [ [ 20.318589404299701, -32.863871863185999 ], [ 20.318263619047201, -32.864081314502698 ] ], [ [ 20.318263619046199, -32.8640813145037 ], [ 20.3178749517262, -32.864190268786402 ] ], [ [ 20.316250035157601, -32.8646457621347 ], [ 20.316215970729999, -32.864655310728502 ] ], [ [ 20.316215970729001, -32.864655310729503 ], [ 20.3161812237188, -32.864662908216403 ] ], [ [ 20.316059700439599, -32.864689479384097 ], [ 20.3158876226769, -32.864727104100297 ] ], [ [ 20.315887622675898, -32.864727104101298 ], [ 20.315710288469202, -32.864737470815399 ] ], [ [ 20.312619711096499, -32.864918100937203 ], [ 20.311621060852602, -32.864976450980301 ] ], [ [ 20.3116210608516, -32.864976450981302 ], [ 20.310691516985798, -32.864662907167599 ] ], [ [ 20.3105844023031, -32.864626775804403 ], [ 20.310248148455901, -32.864513351630698 ] ], [ [ 20.3102481484549, -32.8645133516317 ], [ 20.309886032114701, -32.864514080736903 ] ], [ [ 20.3093348382614, -32.864515188531499 ], [ 20.309076627518898, -32.864515706649101 ] ], [ [ 20.3090766275179, -32.864515706650103 ], [ 20.308833156487399, -32.864443132007999 ] ], [ [ 20.307772710243899, -32.864127023845001 ], [ 20.307556596948299, -32.864062601310799 ] ], [ [ 20.3075565969473, -32.864062601311801 ], [ 20.307328149278401, -32.864046960254797 ] ], [ [ 20.3070404788281, -32.864027263811501 ], [ 20.3065849999028, -32.863996076355697 ] ], [ [ 20.306584999901801, -32.863996076356699 ], [ 20.306247647697798, -32.863735924974499 ] ], [ [ 20.306103457416299, -32.8636247309514 ], [ 20.305775167097, -32.863371564377701 ] ], [ [ 20.305775167096002, -32.863371564378703 ], [ 20.305330529508499, -32.863365239428298 ] ], [ [ 20.305258742697202, -32.863364218116899 ], [ 20.304536266561801, -32.863353937139898 ] ], [ [ 20.304536266560799, -32.8633539371409 ], [ 20.303861203481802, -32.863136449278002 ] ], [ [ 20.303379901445599, -32.862981383351602 ], [ 20.302802549409801, -32.8627953688829 ] ], [ [ 20.302802549408799, -32.862795368884001 ], [ 20.3021881815251, -32.862851765361903 ] ], [ [ 20.302066358913901, -32.862862947816602 ], [ 20.301601561250301, -32.862905611834897 ] ], [ [ 20.301601561249299, -32.862905611835899 ], [ 20.301140934023699, -32.8628380164227 ] ], [ [ 20.3006676997773, -32.862768569107303 ], [ 20.3001486022489, -32.862692389156102 ] ], [ [ 20.300148602247901, -32.862692389157097 ], [ 20.299677219457799, -32.862891050459901 ] ], [ [ 20.298582170912699, -32.863352541394498 ], [ 20.297887949975401, -32.8636451023484 ] ], [ [ 20.297887949974399, -32.863645102349402 ], [ 20.297476036557001, -32.863090114521398 ] ], [ [ 20.2966166767579, -32.861932237467997 ], [ 20.296449525527098, -32.861707018487003 ] ], [ [ 20.2964495255261, -32.861707018487998 ], [ 20.2962125027531, -32.8615320670622 ] ], [ [ 20.295674931417899, -32.861135270326301 ], [ 20.295195951183, -32.860781716453403 ] ], [ [ 20.295195951181999, -32.860781716454397 ], [ 20.2945833575452, -32.860927009757603 ] ], [ [ 20.294411646461, -32.860967735103003 ], [ 20.293733719640201, -32.861128518801301 ] ], [ [ 20.293733719639199, -32.861128518802303 ], [ 20.293093087321399, -32.8608817825274 ] ] ] } },
{ "type": "Feature", "properties": { "name": "Block Reference [833C]:2" }, "geometry": { "type": "MultiLineString", "coordinates": [ [ [ 20.3290964593326, -32.860594581499697 ], [ 20.325568039706901, -32.8606796496858 ] ], [ [ 20.325218642988901, -32.860625752263601 ], [ 20.3250851916229, -32.860579441638201 ] ], [ [ 20.323761663790599, -32.860951113618597 ], [ 20.3227078010746, -32.862440694478103 ] ], [ [ 20.321647175830101, -32.862967441722603 ], [ 20.320677650368001, -32.862993036222903 ] ], [ [ 20.319326789131999, -32.8633977826182 ], [ 20.318589404300699, -32.863871863184997 ] ], [ [ 20.317874951725202, -32.864190268787397 ], [ 20.3162500351586, -32.864645762133698 ] ], [ [ 20.316181223717798, -32.864662908217397 ], [ 20.316059700440601, -32.864689479383102 ] ], [ [ 20.3157102884682, -32.864737470816401 ], [ 20.312619711097501, -32.864918100936201 ] ], [ [ 20.3106915169848, -32.864662907168601 ], [ 20.310584402304102, -32.864626775803401 ] ], [ [ 20.309886032113699, -32.864514080737898 ], [ 20.309334838262401, -32.864515188530497 ] ], [ [ 20.308833156486401, -32.864443132009001 ], [ 20.307772710244901, -32.864127023843999 ] ], [ [ 20.307328149277399, -32.864046960255799 ], [ 20.307040478829101, -32.864027263810499 ] ], [ [ 20.3062476476968, -32.863735924975501 ], [ 20.306103457417301, -32.863624730950399 ] ], [ [ 20.305330529507501, -32.863365239429299 ], [ 20.3052587426982, -32.863364218115898 ] ], [ [ 20.3038612034808, -32.863136449278997 ], [ 20.303379901446601, -32.862981383350601 ] ], [ [ 20.302188181524102, -32.862851765362898 ], [ 20.3020663589149, -32.8628629478156 ] ], [ [ 20.301140934022701, -32.862838016423702 ], [ 20.300667699778302, -32.862768569106301 ] ], [ [ 20.2996772194568, -32.862891050460902 ], [ 20.298582170913701, -32.863352541393503 ] ], [ [ 20.297476036555999, -32.8630901145224 ], [ 20.296616676758902, -32.861932237467002 ] ], [ [ 20.296212502752098, -32.861532067063202 ], [ 20.295674931418901, -32.861135270325299 ] ], [ [ 20.294583357544202, -32.860927009758598 ], [ 20.294411646461999, -32.860967735102001 ] ], [ [ 20.2930930873205, -32.860881782528402 ], [ 20.292692886350899, -32.860727644814098 ] ], [ [ 20.325218642988901, -32.860625752263601 ], [ 20.325255749215099, -32.860637785339698 ], [ 20.325293478261901, -32.8606483491915 ], [ 20.325331748509601, -32.860657420965801 ], [ 20.3253704771675, -32.860664981037502 ], [ 20.3254095804534, -32.8606710130517 ], [ 20.3254489737744, -32.8606755039593 ], [ 20.325488571910299, -32.860678444045 ], [ 20.3255282891975, -32.860679826948399 ], [ 20.325568039714899, -32.860679649677799 ] ], [ [ 20.325085191621898, -32.860579441639203 ], [ 20.3249245938743, -32.860535864373603 ], [ 20.324757870814601, -32.860514166201398 ], [ 20.324589179391801, -32.860514888126801 ], [ 20.3244227256274, -32.860538012148297 ], [ 20.324262659755401, -32.860582961707301 ], [ 20.324112972752001, -32.860648616062797 ], [ 20.3239773968352, -32.860733338232698 ], [ 20.3238593124128, -32.860835015806103 ], [ 20.323761663799601, -32.860951113609602 ] ], [ [ 20.321647175830101, -32.862967441722603 ], [ 20.321789185061601, -32.8629570006213 ], [ 20.321928942951001, -32.862933318398802 ], [ 20.322064721607099, -32.862896687848902 ], [ 20.322194842341101, -32.862847561851098 ], [ 20.3223176964222, -32.862786547771002 ], [ 20.322431764969298, -32.862714399950903 ], [ 20.322535637729899, -32.862632010381901 ], [ 20.322628030516402, -32.862540397675801 ], [ 20.322707801082601, -32.862440694470102 ] ], [ [ 20.320677650366999, -32.862993036223898 ], [ 20.320516179991301, -32.8630020017495 ], [ 20.320355823203499, -32.863020322582798 ], [ 20.320197340059899, -32.863047911886497 ], [ 20.320041481737999, -32.863084638892602 ], [ 20.319888986976299, -32.8631303295221 ], [ 20.3197405785737, -32.8631847672101 ], [ 20.319596959964201, -32.863247693932102 ], [ 20.319458811883202, -32.863318811426801 ], [ 20.319326789141002, -32.863397782609198 ] ], [ [ 20.317874951725202, -32.864190268787397 ], [ 20.317959994836801, -32.864164957481201 ], [ 20.318043880185499, -32.864137029681999 ], [ 20.3181264947915, -32.864106523004203 ], [ 20.318207727386699, -32.864073478535502 ], [ 20.318287468564399, -32.864037940781799 ], [ 20.318365610927501, -32.863999957606701 ], [ 20.318442049232299, -32.863959580167702 ], [ 20.318516680530699, -32.8639168628467 ], [ 20.3185894043087, -32.863871863177003 ] ], [ [ 20.316181223717798, -32.864662908217397 ], [ 20.316188934840099, -32.864661196228901 ], [ 20.316196630608001, -32.864659435718998 ], [ 20.316204310592799, -32.8646576267857 ], [ 20.316211974366801, -32.864655769529797 ], [ 20.316219621503102, -32.864653864054802 ], [ 20.3162272515758, -32.864651910466698 ], [ 20.3162348641597, -32.864649908874398 ], [ 20.316242458830999, -32.864647859389301 ], [ 20.3162500351666, -32.864645762125697 ] ], [ [ 20.3157102884682, -32.864737470816401 ], [ 20.315749553786699, -32.864734834178002 ], [ 20.3157887468784, -32.864731519367503 ], [ 20.315827851299598, -32.864727527775599 ], [ 20.315866850643701, -32.864722861076899 ], [ 20.315905728548302, -32.864717521229501 ], [ 20.315944468701701, -32.864711510473697 ], [ 20.315983054850399, -32.864704831331302 ], [ 20.3160214708053, -32.864697486604598 ], [ 20.316059700448601, -32.864689479375102 ] ], [ [ 20.3106915169848, -32.864662907168601 ], [ 20.310896535758399, -32.864727101825103 ], [ 20.3111050954499, -32.864782581072397 ], [ 20.3113166762306, -32.864829206627903 ], [ 20.311530750738999, -32.8648668622765 ], [ 20.311746785395801, -32.864895454160497 ], [ 20.3119642417339, -32.8649149110135 ], [ 20.3121825777413, -32.864925184338396 ], [ 20.312401249212499, -32.864926248527702 ], [ 20.312619711105501, -32.8649181009282 ] ], [ [ 20.3105844023031, -32.864626775804403 ], [ 20.310509988257301, -32.8646032102031 ], [ 20.310434454723701, -32.864582335003597 ], [ 20.310357938198699, -32.864564187929297 ], [ 20.310280576954899, -32.864548801773303 ], [ 20.310202510791001, -32.864536204339799 ], [ 20.3101238807795, -32.864526418393197 ], [ 20.310044829011499, -32.864519461617498 ], [ 20.309965498340201, -32.864515346584 ], [ 20.309886032122701, -32.864514080728902 ] ], [ [ 20.308833156486401, -32.864443132009001 ], [ 20.308887079559501, -32.8644582397514 ], [ 20.308941643625101, -32.864471608182498 ], [ 20.308996769946202, -32.864483218011301 ], [ 20.3090523789744, -32.864493052484299 ], [ 20.309108390464701, -32.864501097410297 ], [ 20.309164723591199, -32.864507341180001 ], [ 20.3092212970638, -32.864511774783701 ], [ 20.309278029245601, -32.864514391823299 ], [ 20.309334838270399, -32.864515188522503 ] ], [ [ 20.307772710243899, -32.864127023845001 ], [ 20.3077247172052, -32.864113368560602 ], [ 20.307676279165101, -32.864100882492998 ], [ 20.307627436106198, -32.864089575948498 ], [ 20.307578228345399, -32.864079458259901 ], [ 20.307528696500398, -32.864070537778701 ], [ 20.3074788814565, -32.864062821868004 ], [ 20.3074288243327, -32.8640563168969 ], [ 20.307378566447898, -32.864051028234698 ], [ 20.307328149286398, -32.864046960246803 ] ], [ [ 20.3062476476968, -32.863735924975501 ], [ 20.306322230578701, -32.863789344447298 ], [ 20.306401246802299, -32.863838012957899 ], [ 20.306484272397199, -32.8638816693664 ], [ 20.306570861877699, -32.8639200794251 ], [ 20.3066605506333, -32.863953037036197 ], [ 20.306752857422001, -32.863980365358003 ], [ 20.3068472869526, -32.864001917754102 ], [ 20.306943332542598, -32.864017578579599 ], [ 20.307040478837099, -32.864027263802498 ] ], [ [ 20.306103457416299, -32.8636247309514 ], [ 20.306031229307699, -32.863573370135597 ], [ 20.30595434752, -32.863527070242299 ], [ 20.3058733086309, -32.863486130317298 ], [ 20.305788636066399, -32.863450814786503 ], [ 20.305700876719499, -32.863421351748002 ], [ 20.3056105974186, -32.863397931499598 ], [ 20.305518381266499, -32.863380705308799 ], [ 20.305424823874699, -32.863369784437097 ], [ 20.3053305295165, -32.863365239420297 ] ], [ [ 20.3038612034808, -32.863136449278997 ], [ 20.304010760196402, -32.863181858835503 ], [ 20.304162284151602, -32.863222357802201 ], [ 20.304315549066899, -32.863257885698403 ], [ 20.3044703260618, -32.863288389467399 ], [ 20.304626383997, -32.863313823555202 ], [ 20.304783489819801, -32.863334149978698 ], [ 20.3049414089115, -32.863349338382399 ], [ 20.305099905439, -32.863359366083998 ], [ 20.305258742706201, -32.863364218107897 ] ], [ [ 20.303379901445599, -32.862981383351602 ], [ 20.3032527972582, -32.8629436309851 ], [ 20.3031235187233, -32.862911566021602 ], [ 20.302992422851101, -32.862885277009397 ], [ 20.302859871669099, -32.8628648365464 ], [ 20.302726231223001, -32.862850301079298 ], [ 20.302591870565699, -32.862841710748 ], [ 20.302457160738602, -32.862839089274601 ], [ 20.302322473746901, -32.862842443898003 ], [ 20.302188181533101, -32.862851765353902 ] ], [ [ 20.301140934022701, -32.862838016423702 ], [ 20.301242882638199, -32.862851599515103 ], [ 20.301345283278799, -32.862862494870797 ], [ 20.3014480364847, -32.862870691908199 ], [ 20.301551042453799, -32.862876182665502 ], [ 20.301654201138199, -32.862878961809599 ], [ 20.301757412341601, -32.862879026640996 ], [ 20.3018605758168, -32.862876377096597 ], [ 20.301963591362998, -32.862871015749697 ], [ 20.3020663589229, -32.862862947807599 ] ], [ [ 20.3006676997773, -32.862768569107303 ], [ 20.300555659779501, -32.862755545666097 ], [ 20.300442810450502, -32.862749223824601 ], [ 20.3003297138467, -32.862749635068802 ], [ 20.300216933255602, -32.862756777350199 ], [ 20.300105030391101, -32.862770615095599 ], [ 20.299994562596101, -32.8627910793845 ], [ 20.299886080066599, -32.862818068292199 ], [ 20.299780123112399, -32.862851447397503 ], [ 20.299677219465799, -32.8628910504519 ] ], [ [ 20.297476036555999, -32.8630901145224 ], [ 20.297559723386499, -32.863184679045197 ], [ 20.297660562972101, -32.863266459356701 ], [ 20.297775855372102, -32.863333265784703 ], [ 20.297902513648499, -32.863383309579298 ], [ 20.298037146521501, -32.8634152508087 ], [ 20.2981761491748, -32.863428234239102 ], [ 20.298315799781999, -32.863421912234998 ], [ 20.298452359165498, -32.863396454068301 ], [ 20.298582170921701, -32.863352541385503 ] ], [ [ 20.2966166767579, -32.861932237467997 ], [ 20.2965788468249, -32.861883061169898 ], [ 20.296539142778599, -32.8618349487448 ], [ 20.2964976065896, -32.861787951047702 ], [ 20.296454282164301, -32.861742117755199 ], [ 20.296409215299501, -32.861697497313003 ], [ 20.2963624536333, -32.861654136884901 ], [ 20.296314046595199, -32.861612082302599 ], [ 20.2962640453534, -32.8615713780177 ], [ 20.296212502761101, -32.861532067054199 ] ], [ [ 20.295674931417899, -32.861135270326301 ], [ 20.295572874115699, -32.861067942976497 ], [ 20.2954626570606, -32.861010504590602 ], [ 20.2953456193957, -32.860963653040301 ], [ 20.2952231831269, -32.860927957566702 ], [ 20.295096835846099, -32.860903851865302 ], [ 20.2949681126589, -32.860891628816503 ], [ 20.2948385775349, -32.860891436928 ], [ 20.294709804307299, -32.8609032785306 ], [ 20.294583357553201, -32.860927009749602 ] ], [ [ 20.2930930873205, -32.860881782528402 ], [ 20.293231843164701, -32.860929799068202 ], [ 20.293374610676501, -32.8609685435571 ], [ 20.293520521520399, -32.860997780342998 ], [ 20.293668688239102, -32.861017331601097 ], [ 20.293818209652301, -32.861027078416001 ], [ 20.293968176339, -32.861026961504699 ], [ 20.294117676169101, -32.861016981577798 ], [ 20.294265799852401, -32.860997199334498 ], [ 20.29441164647, -32.860967735094 ] ] ] } },
{ "type": "Feature", "properties": { "name": "Block Reference [833B]:0" }, "geometry": { "type": "MultiLineString", "coordinates": [ [ [ 20.329095696250299, -32.8605720493685 ], [ 20.3255672775168, -32.860657117544903 ] ], [ [ 20.325228799525298, -32.860604904430801 ], [ 20.325095348184899, -32.8605585938164 ] ], [ [ 20.3237387323787, -32.860939557530799 ], [ 20.322684869423099, -32.862429138196603 ] ], [ [ 20.3216463406713, -32.8629449114447 ], [ 20.320676815454402, -32.862970505941902 ] ], [ [ 20.319310603797, -32.863379851639898 ], [ 20.318573219031499, -32.8638539321134 ] ], [ [ 20.317866532359801, -32.864168876718303 ], [ 20.3162416161443, -32.864624369961497 ] ], [ [ 20.316174525004602, -32.864641087389302 ], [ 20.3160530017554, -32.864667658548903 ] ], [ [ 20.315708442810799, -32.864714983424001 ], [ 20.312617866218101, -32.864895613509098 ] ], [ [ 20.310701429839799, -32.864641975868103 ], [ 20.310594315179902, -32.864605844511502 ] ], [ [ 20.309885968438, -32.864491539546201 ], [ 20.309334774726199, -32.864492647340398 ] ], [ [ 20.308842051670201, -32.864421877561199 ], [ 20.3077816056473, -32.864105769473497 ] ], [ [ 20.307330309012499, -32.864024492821599 ], [ 20.307042638635998, -32.864004796382197 ] ], [ [ 20.306265664262199, -32.863719284387599 ], [ 20.306121473986401, -32.863608090383003 ] ], [ [ 20.305330979677301, -32.863342701386699 ], [ 20.305259192886101, -32.863341680073901 ] ], [ [ 20.303870728923702, -32.863115390314299 ], [ 20.303389426985301, -32.862960324423298 ] ], [ [ 20.302185293601202, -32.862829356283598 ], [ 20.3020634710224, -32.862840538733899 ] ], [ [ 20.301145509463499, -32.8628158084109 ], [ 20.3006722753329, -32.862746361112102 ] ], [ [ 20.2996652872414, -32.862870883796496 ], [ 20.298570238888299, -32.863332374628698 ] ], [ [ 20.2974986714054, -32.863078148644902 ], [ 20.2966393114237, -32.861920271740402 ] ], [ [ 20.2962300854422, -32.8615150994966 ], [ 20.295692514130199, -32.861118302833503 ] ], [ [ 20.2945761319864, -32.860905309120803 ], [ 20.294404420943099, -32.860946034454898 ] ], [ [ 20.293104175428301, -32.8608612756911 ], [ 20.292703974530401, -32.860707138012799 ] ], [ [ 20.325228799525298, -32.860604904430801 ], [ 20.325264746174899, -32.860616561470501 ], [ 20.325301296181301, -32.860626795199202 ], [ 20.3253383704755, -32.860635583478299 ], [ 20.3253758888542, -32.860642907295897 ], [ 20.3254137701534, -32.860648750808103 ], [ 20.3254519324238, -32.8606531013737 ], [ 20.325490293108398, -32.860655949580803 ], [ 20.3255287692207, -32.860657289267898 ], [ 20.325567277524801, -32.860657117536903 ] ], [ [ 20.325095348183901, -32.860558593817402 ], [ 20.324930735527602, -32.860513927131201 ], [ 20.324759844432698, -32.860491686510699 ], [ 20.324586935767901, -32.860492426484697 ], [ 20.324416320700902, -32.860516128601503 ], [ 20.324252253217399, -32.860562201889103 ], [ 20.3240988240645, -32.860629497588903 ], [ 20.3239598587631, -32.8607163377959 ], [ 20.323838822230002, -32.860820557290502 ], [ 20.323738732387699, -32.860939557521803 ] ], [ [ 20.3216463406713, -32.8629449114447 ], [ 20.321785391342299, -32.862934687868403 ], [ 20.321922237576299, -32.862911499030801 ], [ 20.3220551874814, -32.8628756316254 ], [ 20.322182597342898, -32.862827529096499 ], [ 20.3223028919464, -32.8627677861557 ], [ 20.3224145840551, -32.862697141429102 ], [ 20.322516292797101, -32.862616468323999 ], [ 20.322606760738999, -32.862526764230502 ], [ 20.3226848694311, -32.862429138188602 ] ], [ [ 20.3206768154534, -32.862970505942897 ], [ 20.3205135102281, -32.862979573347602 ], [ 20.320351331244101, -32.862998102368302 ], [ 20.320191047193902, -32.863026005180501 ], [ 20.320033417790398, -32.863063149530497 ], [ 20.319879190166201, -32.863109359361196 ], [ 20.319729095333201, -32.863164415647098 ], [ 20.319583844718402, -32.863228057431797 ], [ 20.319444126792298, -32.863299983064799 ], [ 20.319310603805999, -32.863379851630903 ] ], [ [ 20.317866532359801, -32.864168876718303 ], [ 20.317950651072, -32.864143840540699 ], [ 20.318033624606802, -32.864116216310698 ], [ 20.318115341212401, -32.864086041233897 ], [ 20.318195690830201, -32.864053355951398 ], [ 20.318274565243001, -32.864018204485198 ], [ 20.318351858221, -32.863980634178702 ], [ 20.318427465664399, -32.863940695633197 ], [ 20.3185012857444, -32.863898442639403 ], [ 20.3185732190395, -32.8638539321054 ] ], [ [ 20.316174525004602, -32.864641087389302 ], [ 20.316182043347101, -32.864639418200902 ], [ 20.316189546719102, -32.864637701704098 ], [ 20.316197034702601, -32.8646359379945 ], [ 20.316204506880599, -32.864634127170397 ], [ 20.316211962836899, -32.864632269332603 ], [ 20.316219402156101, -32.864630364584599 ], [ 20.316226824423801, -32.864628413032499 ], [ 20.316234229226701, -32.864626414785 ], [ 20.316241616152301, -32.864624369953503 ] ], [ [ 20.315708442810799, -32.864714983424001 ], [ 20.315747162768002, -32.864712383406101 ], [ 20.315785811501598, -32.864709114635303 ], [ 20.3158243727963, -32.864705178483 ], [ 20.3158628304733, -32.864700576600598 ], [ 20.315901168397598, -32.864695310918897 ], [ 20.315939370484202, -32.864689383647097 ], [ 20.315977420705099, -32.864682797272103 ], [ 20.316015303096101, -32.864675554557103 ], [ 20.3160530017634, -32.864667658540903 ] ], [ [ 20.310701429839799, -32.864641975868103 ], [ 20.3109051984578, -32.864705779078299 ], [ 20.311112486399299, -32.864760920023798 ], [ 20.311322777005799, -32.864807261265298 ], [ 20.3115355461318, -32.864844687296397 ], [ 20.311750263452002, -32.864873104832 ], [ 20.311966393783301, -32.864892443040198 ], [ 20.312183398418998, -32.864902653719497 ], [ 20.3124007364727, -32.864903711418897 ], [ 20.312617866226098, -32.864895613501098 ] ], [ [ 20.3105943151789, -32.864605844512504 ], [ 20.310518838090399, -32.864581942265502 ], [ 20.3104422255226, -32.864560768854197 ], [ 20.3103646159216, -32.864542362540597 ], [ 20.310286149535301, -32.8645267565865 ], [ 20.310206968159299, -32.864513979192999 ], [ 20.310127214881302, -32.864504053449899 ], [ 20.310047033822201, -32.864496997293699 ], [ 20.309966569875801, -32.864492823475302 ], [ 20.309885968446999, -32.864491539537198 ] ], [ [ 20.308842051670201, -32.864421877561199 ], [ 20.308895011820098, -32.864436715518799 ], [ 20.308948601515599, -32.864449845224598 ], [ 20.3090027434258, -32.864461247732002 ], [ 20.309057359422798, -32.864470906586902 ], [ 20.309112370694699, -32.864478807851398 ], [ 20.3091676978589, -32.864484940123603 ], [ 20.309223261077101, -32.864489294554403 ], [ 20.309278980170198, -32.864491864860398 ], [ 20.3093347747342, -32.864492647332398 ] ], [ [ 20.307781605646301, -32.864105769474499 ], [ 20.307732885450498, -32.864091907295297 ], [ 20.307683713511398, -32.864079232047999 ], [ 20.307634130417199, -32.864067754195098 ], [ 20.307584177095698, -32.8640574832109 ], [ 20.307533894779901, -32.864048427573202 ], [ 20.307483324974701, -32.864040594757 ], [ 20.307432509422, -32.864033991227501 ], [ 20.3073814900666, -32.864028622435498 ], [ 20.307330309021498, -32.864024492812597 ] ], [ [ 20.306265664262199, -32.863719284387599 ], [ 20.306338755482901, -32.863771635459898 ], [ 20.306416191375099, -32.863819330590502 ], [ 20.306497556447798, -32.8638621138617 ], [ 20.306582414125302, -32.863899755710698 ], [ 20.306670309089501, -32.8639320541619 ], [ 20.306760769723802, -32.8639588359108 ], [ 20.306853310643099, -32.863979957253498 ], [ 20.306947435298898, -32.863995304858499 ], [ 20.307042638643999, -32.864004796374203 ] ], [ [ 20.306121473985399, -32.863608090383998 ], [ 20.306047604332601, -32.863555562286997 ], [ 20.3059689752391, -32.863508210133197 ], [ 20.305886094568301, -32.8634663397645 ], [ 20.3057994976418, -32.863430221616198 ], [ 20.305709743781701, -32.863400088970501 ], [ 20.305617412698499, -32.863376136449602 ], [ 20.305523100746701, -32.863358518759199 ], [ 20.305427417073901, -32.863347349688901 ], [ 20.3053309796863, -32.863342701377697 ] ], [ [ 20.303870728923702, -32.863115390314299 ], [ 20.304019314461399, -32.863160504992599 ], [ 20.3041698544626, -32.8632007409689 ], [ 20.3043221241171, -32.863236038155499 ], [ 20.304475896031001, -32.863266343840301 ], [ 20.304630940566302, -32.863291612765003 ], [ 20.304787026183401, -32.863311807193298 ], [ 20.3049439197877, -32.863326896966797 ], [ 20.305101387077599, -32.863336859550401 ], [ 20.305259192894098, -32.863341680065901 ] ], [ [ 20.3033894269843, -32.8629603244243 ], [ 20.303260998821401, -32.862922178813299 ], [ 20.303130373663802, -32.862889779847997 ], [ 20.302997912240102, -32.862863216998797 ], [ 20.302863980348601, -32.8628425636198 ], [ 20.302728947847701, -32.862827876745698 ], [ 20.302593187634098, -32.862819196934403 ], [ 20.302457074614001, -32.862816548155102 ], [ 20.302320984667201, -32.862819937722101 ], [ 20.302185293610201, -32.862829356274602 ] ], [ [ 20.301145509463499, -32.8628158084109 ], [ 20.301246635888202, -32.862829281957602 ], [ 20.301348210692201, -32.862840089444497 ], [ 20.301450135217902, -32.862848220374303 ], [ 20.3015523104681, -32.862853666849702 ], [ 20.3016546372018, -32.862856423580297 ], [ 20.301757016030901, -32.862856487888401 ], [ 20.3018593475167, -32.862853859711599 ], [ 20.301961532266599, -32.862848541602403 ], [ 20.302063471030401, -32.862840538725898 ] ], [ [ 20.300672275331902, -32.862746361113103 ], [ 20.3005583680286, -32.862733120618302 ], [ 20.300443637906199, -32.8627266934147 ], [ 20.300328656388, -32.862727111513301 ], [ 20.3002139961492, -32.862734372831298 ], [ 20.300100228264998, -32.862748441202697 ], [ 20.2999879193666, -32.8627692465584 ], [ 20.299877628819601, -32.862796685275001 ], [ 20.299769905938401, -32.862830620691099 ], [ 20.299665287250399, -32.862870883787501 ] ], [ [ 20.2974986714054, -32.863078148644902 ], [ 20.297579743032699, -32.863169758012901 ], [ 20.297677431380599, -32.863248982675401 ], [ 20.297789120881301, -32.863313701389103 ], [ 20.297911821065199, -32.863362181303799 ], [ 20.298042246632001, -32.863393124361998 ], [ 20.298176905419201, -32.863405702056603 ], [ 20.298312191910899, -32.8633995776162 ], [ 20.2984444837826, -32.863374915022703 ], [ 20.2985702388963, -32.863332374620697 ] ], [ [ 20.296639311422702, -32.861920271741397 ], [ 20.296601008629299, -32.861870480774002 ], [ 20.296560808298501, -32.861821766977599 ], [ 20.296518752925099, -32.861774181842797 ], [ 20.296474886964699, -32.861727775667099 ], [ 20.2964292567864, -32.861682597501797 ], [ 20.296381910623801, -32.861638695100197 ], [ 20.296332898524199, -32.8615961148667 ], [ 20.2962822722954, -32.861554901808603 ], [ 20.296230085451199, -32.861515099487598 ] ], [ [ 20.2956925141292, -32.861118302834498 ], [ 20.2955881373504, -32.861049445331297 ], [ 20.2954754153767, -32.860990701540302 ], [ 20.295355717785601, -32.860942785193103 ], [ 20.295230498900299, -32.860906278467702 ], [ 20.295101280120299, -32.860881624915798 ], [ 20.2949696314387, -32.860869124074 ], [ 20.294837152368, -32.860868927825003 ], [ 20.2947054525089, -32.8608810385523 ], [ 20.294576131995399, -32.8609053091118 ] ], [ [ 20.293104175428301, -32.8608612756911 ], [ 20.2932410040818, -32.860908625323198 ], [ 20.2933817886816, -32.8609468316847 ], [ 20.2935256729528, -32.860975662396598 ], [ 20.293671781764999, -32.860994942104199 ], [ 20.293819226455199, -32.8610045535438 ], [ 20.293967110233801, -32.861004438255797 ], [ 20.2941145336404, -32.860994596940898 ], [ 20.2942606000145, -32.860975089455302 ], [ 20.2944044209511, -32.860946034446897 ] ] ] } },
{ "type": "Feature", "properties": { "name": "Block Reference [833A]:0" }, "geometry": { "type": "MultiLineString", "coordinates": [ [ [ 20.329097222415299, -32.860617113630802 ], [ 20.325568801897401, -32.860702181826497 ] ], [ [ 20.3252084864476, -32.8606466000955 ], [ 20.325075035056098, -32.8606002894591 ] ], [ [ 20.3237845952086, -32.860962669702197 ], [ 20.322730732732101, -32.862452250755297 ] ], [ [ 20.3216480109893, -32.862989972000399 ], [ 20.320678485281999, -32.863015566503897 ] ], [ [ 20.3193429744735, -32.863415713594399 ], [ 20.3186055895764, -32.863889794254398 ] ], [ [ 20.317883371094499, -32.864211660855801 ], [ 20.316258454176801, -32.864667154305401 ] ], [ [ 20.316187922434199, -32.864684729045202 ], [ 20.316066399129099, -32.864711300216896 ] ], [ [ 20.3157121341264, -32.864759958208701 ], [ 20.312621555977699, -32.864940588363197 ] ], [ [ 20.310681604125101, -32.864683838468302 ], [ 20.310574489423502, -32.864647707094399 ] ], [ [ 20.309886095789398, -32.864536621929503 ], [ 20.3093349017986, -32.864537729720602 ] ], [ [ 20.308824261298302, -32.864464386456 ], [ 20.3077638148382, -32.864148278213797 ] ], [ [ 20.307325989541098, -32.864069427689799 ], [ 20.307038319020901, -32.864049731238701 ] ], [ [ 20.306229631124602, -32.863752565560702 ], [ 20.3060854408415, -32.863641371515101 ] ], [ [ 20.305330079337299, -32.863387777471701 ], [ 20.305258292509901, -32.863386756157901 ] ], [ [ 20.3038516780334, -32.8631575082428 ], [ 20.303370375903398, -32.863002442276901 ] ], [ [ 20.302191069448298, -32.862874174441998 ], [ 20.302069246808699, -32.862885356897003 ] ], [ [ 20.301136358579502, -32.862860224436197 ], [ 20.300663124221401, -32.862790777100201 ] ], [ [ 20.299689151677502, -32.8629112171241 ], [ 20.298594102944399, -32.8633727081572 ] ], [ [ 20.297453401700501, -32.863102080395599 ], [ 20.296594042088, -32.861944203189402 ] ], [ [ 20.296194920055299, -32.861549034627103 ], [ 20.2956573487009, -32.861152237814402 ] ], [ [ 20.2945905831054, -32.860948710395903 ], [ 20.294418871984298, -32.8609894357486 ] ], [ [ 20.293081999207399, -32.860902289364702 ], [ 20.292681798166299, -32.860748151614402 ] ], [ [ 20.3252084864476, -32.8606466000955 ], [ 20.325246752251001, -32.860659009208298 ], [ 20.3252856603387, -32.860669903183101 ], [ 20.325325126540299, -32.860679258452699 ], [ 20.325365065478, -32.860687054778701 ], [ 20.3254053907512, -32.860693275295098 ], [ 20.325446015123401, -32.8606979065449 ], [ 20.325486850711201, -32.860700938509098 ], [ 20.325527809173899, -32.8607023646288 ], [ 20.325568801905401, -32.860702181818503 ] ], [ [ 20.3250750350551, -32.860600289460102 ], [ 20.324918452217901, -32.860557801615599 ], [ 20.324755897195299, -32.860536645891898 ], [ 20.324591423016599, -32.860537349768798 ], [ 20.324429130556901, -32.860559895694799 ], [ 20.324273066298101, -32.860603721524697 ], [ 20.3241271214455, -32.860667734535099 ], [ 20.323994934913902, -32.860750338667003 ], [ 20.323879802602299, -32.8608494743184 ], [ 20.3237845952176, -32.860962669693201 ] ], [ [ 20.3216480109893, -32.862989972000399 ], [ 20.3217929787827, -32.862979313373998 ], [ 20.3219356483289, -32.862955137766399 ], [ 20.322074255737299, -32.862917744071602 ], [ 20.3222070873448, -32.862867594604502 ], [ 20.322332500904299, -32.862805309384598 ], [ 20.322448945890201, -32.862731658470302 ], [ 20.322554982669502, -32.862647552436798 ], [ 20.322649300300299, -32.862554031117497 ], [ 20.322730732740101, -32.862452250747303 ] ], [ [ 20.320678485281, -32.863015566504899 ], [ 20.3205188497558, -32.8630244301511 ], [ 20.320360315165001, -32.863042542797103 ], [ 20.320203632928902, -32.863069818592201 ], [ 20.320049545689301, -32.863106128254202 ], [ 20.319898783790901, -32.863151299682201 ], [ 20.319752061819401, -32.8632051187721 ], [ 20.319610075215799, -32.863267330431199 ], [ 20.319473496980201, -32.863337639787098 ], [ 20.319342974482499, -32.863415713585397 ] ], [ [ 20.317883371094499, -32.864211660855801 ], [ 20.317969338605899, -32.864186074420999 ], [ 20.318054135769, -32.864157843052404 ], [ 20.318137648375799, -32.864127004773501 ], [ 20.318219763948498, -32.864093601118498 ], [ 20.3183003718915, -32.864057677077099 ], [ 20.318379363639998, -32.864019281033301 ], [ 20.318456632806299, -32.863978464700601 ], [ 20.318532075323301, -32.863935283052001 ], [ 20.318605589584401, -32.863889794246397 ] ], [ [ 20.316187922434199, -32.864684729045202 ], [ 20.316195826336401, -32.864682974256603 ], [ 20.316203714500201, -32.864681169733601 ], [ 20.3162115864864, -32.864679315576502 ], [ 20.3162194418566, -32.864677411888799 ], [ 20.316227280172999, -32.864675458776503 ], [ 20.316235100999201, -32.8646734563482 ], [ 20.316242903899401, -32.8646714047157 ], [ 20.316250688439201, -32.864669303993097 ], [ 20.316258454184801, -32.8646671542974 ] ], [ [ 20.3157121341264, -32.864759958208701 ], [ 20.3157519448065, -32.864757284949803 ], [ 20.315791682256702, -32.864753924099603 ], [ 20.315831329804698, -32.864749877068 ], [ 20.315870870816099, -32.864745145553101 ], [ 20.315910288701101, -32.864739731539899 ], [ 20.315949566921699, -32.864733637299999 ], [ 20.315988688998502, -32.864726865390203 ], [ 20.3160276385175, -32.864719418651703 ], [ 20.3160663991371, -32.864711300208903 ] ], [ [ 20.310681604125101, -32.864683838468302 ], [ 20.310887873054799, -32.864748424571303 ], [ 20.311097704496799, -32.864804242120599 ], [ 20.3113105754523, -32.864851151990202 ], [ 20.311525955343701, -32.864889037256297 ], [ 20.3117433073377, -32.864917803488801 ], [ 20.311962089683298, -32.864937378986802 ], [ 20.312181757063001, -32.864947714957196 ], [ 20.312401761952501, -32.8649487856365 ], [ 20.3126215559857, -32.864940588355203 ] ], [ [ 20.3105744894225, -32.864647707095401 ], [ 20.310501138419902, -32.864624478139802 ], [ 20.310426683921001, -32.8646039011524 ], [ 20.310351260472501, -32.864586013317499 ], [ 20.3102750043717, -32.864570846959801 ], [ 20.3101980534204, -32.864558429486301 ], [ 20.3101205466759, -32.864548783336303 ], [ 20.3100426241996, -32.864541925941097 ], [ 20.309964426804001, -32.864537869692597 ], [ 20.309886095798401, -32.8645366219205 ] ], [ [ 20.308824261298302, -32.864464386456 ], [ 20.308879147294999, -32.864479763983397 ], [ 20.308934685731099, -32.864493371139901 ], [ 20.308990796463601, -32.864505188290103 ], [ 20.309047398523401, -32.864515198381397 ], [ 20.309104410232599, -32.864523386968898 ], [ 20.309161749321898, -32.8645297422364 ], [ 20.309219333049398, -32.864534255012799 ], [ 20.309277078320299, -32.8645369187862 ], [ 20.3093349018067, -32.864537729712602 ] ], [ [ 20.307763814837202, -32.864148278214799 ], [ 20.307716548955799, -32.864134829825304 ], [ 20.307668844815101, -32.864122532937401 ], [ 20.307620741791801, -32.8641113977014 ], [ 20.307572279592002, -32.864101433308498 ], [ 20.307523498218099, -32.864092647983803 ], [ 20.307474437935898, -32.8640850489789 ], [ 20.307425139241399, -32.864078642566099 ], [ 20.307375642827498, -32.864073434033699 ], [ 20.307325989550101, -32.864069427680803 ] ], [ [ 20.306229631124602, -32.863752565560702 ], [ 20.3063057056678, -32.863807053432403 ], [ 20.306386302223199, -32.8638566953233 ], [ 20.306470988340799, -32.863901224869601 ], [ 20.306559309624799, -32.863940403138301 ], [ 20.306650792172402, -32.863974019909499 ], [ 20.3067449451163, -32.864001894804701 ], [ 20.306841263259098, -32.864023878254201 ], [ 20.306939229784099, -32.8640398523005 ], [ 20.307038319028901, -32.864049731230701 ] ], [ [ 20.306085440840501, -32.863641371516103 ], [ 20.306014854276199, -32.863591177981903 ], [ 20.305939719794601, -32.863545930349702 ], [ 20.305860522687901, -32.863505920868803 ], [ 20.3057777744859, -32.8634714079557 ], [ 20.305692009652901, -32.863442614524899 ], [ 20.3056037821353, -32.863419726548997 ], [ 20.305513661783799, -32.8634028918582 ], [ 20.305422230674001, -32.863392219185101 ], [ 20.305330079346302, -32.863387777462698 ] ], [ [ 20.3038516780334, -32.8631575082428 ], [ 20.304002205927201, -32.863203212677703 ], [ 20.304154713837001, -32.863243974634798 ], [ 20.304308974013399, -32.863279733240702 ], [ 20.3044647560897, -32.8633104350941 ], [ 20.3046218274255, -32.863336034345103 ], [ 20.3047799534543, -32.863356492763899 ], [ 20.304938898033999, -32.863371779798001 ], [ 20.305098423799599, -32.863381872617602 ], [ 20.305258292517902, -32.8633867561499 ] ], [ [ 20.3033703759024, -32.863002442277903 ], [ 20.303244595691002, -32.862965083156098 ], [ 20.303116663779399, -32.862933352194702 ], [ 20.302986933459401, -32.8629073370196 ], [ 20.302855762987502, -32.862887109472702 ], [ 20.302723514596899, -32.862872725412799 ], [ 20.3025905534966, -32.862864224561498 ], [ 20.302457246863099, -32.862861630394001 ], [ 20.302323962827298, -32.8628649500737 ], [ 20.302191069457301, -32.862874174433003 ] ], [ [ 20.301136358579502, -32.862860224436197 ], [ 20.301239129386101, -32.862873917072399 ], [ 20.301342355863699, -32.862884900296898 ], [ 20.301445937750302, -32.862893163441903 ], [ 20.301549774438801, -32.862898698481203 ], [ 20.301653765074199, -32.862901500038802 ], [ 20.3017578086524, -32.8629015653934 ], [ 20.301861804117401, -32.862898894481397 ], [ 20.3019656504603, -32.862893489896898 ], [ 20.3020692468167, -32.862885356889002 ] ], [ [ 20.300663124220399, -32.862790777101203 ], [ 20.3005529515289, -32.8627779707139 ], [ 20.3004419829943, -32.862771754234501 ], [ 20.300330771305799, -32.862772158624303 ], [ 20.300219870363399, -32.862779181869001 ], [ 20.300109832519599, -32.862792788988301 ], [ 20.3000012058287, -32.862812912210302 ], [ 20.299894531317602, -32.862839451308901 ], [ 20.2997903402911, -32.862872274102997 ], [ 20.299689151686501, -32.862911217115098 ] ], [ [ 20.297453401700501, -32.863102080395599 ], [ 20.297539703733499, -32.863199600074203 ], [ 20.297643694557099, -32.8632839360356 ], [ 20.297762589857001, -32.863352830178798 ], [ 20.2978932062274, -32.863404437853902 ], [ 20.298032046408299, -32.863437377255103 ], [ 20.298175392929899, -32.863450766421501 ], [ 20.298319407654699, -32.863444246853703 ], [ 20.298460234552199, -32.863417993113401 ], [ 20.2985941029524, -32.8633727081492 ] ], [ [ 20.296594042087001, -32.861944203190397 ], [ 20.296556685014099, -32.861895641561802 ], [ 20.296517477252401, -32.8618481305082 ], [ 20.296476460247501, -32.861801720248899 ], [ 20.2964336773573, -32.861756459839697 ], [ 20.296389173805899, -32.861712397120797 ], [ 20.296342996636099, -32.861669578666401 ], [ 20.2962951946595, -32.861628049735501 ], [ 20.296245818404699, -32.861587854223998 ], [ 20.296194920064298, -32.861549034618101 ] ], [ [ 20.295657348699901, -32.861152237815404 ], [ 20.295557610874699, -32.861086440619601 ], [ 20.295449898738699, -32.861030307639503 ], [ 20.295335521001, -32.860984520886603 ], [ 20.2952158673498, -32.860949636665197 ], [ 20.295092391569501, -32.860926078814401 ], [ 20.2949665938783, -32.860914133558801 ], [ 20.294840002702401, -32.860913946030898 ], [ 20.294714156107698, -32.860925518508601 ], [ 20.294590583114399, -32.8609487103869 ] ], [ [ 20.293081999207399, -32.860902289364702 ], [ 20.293222682243101, -32.860950972812397 ], [ 20.2933674326679, -32.860990255429002 ], [ 20.293515370085299, -32.861019898289001 ], [ 20.293665594711399, -32.861039721097697 ], [ 20.293817192848898, -32.861049603288002 ], [ 20.2939692424446, -32.861049484753501 ], [ 20.294120818699199, -32.861039366214499 ], [ 20.2942709996926, -32.861019309213397 ], [ 20.294418871992299, -32.860989435740599 ] ] ] } },
{ "type": "Feature", "properties": { "name": "Block Reference [8267]:0" }, "geometry": { "type": "MultiLineString", "coordinates": [ [ [ 20.340065573214702, -32.859059639850301 ], [ 20.340065107149499, -32.859057324464601 ], [ 20.340063730914501, -32.859055283250903 ], [ 20.340061610503898, -32.8590537624098 ], [ 20.340059001670699, -32.859052945376803 ], [ 20.3400562190788, -32.859052930698198 ], [ 20.3400535983499, -32.859053720144303 ], [ 20.3400514555826, -32.859055218496003 ], [ 20.340050049226299, -32.859057245030002 ], [ 20.340049548908599, -32.8590595553163 ] ], [ [ 20.3400495488996, -32.859059555325302 ], [ 20.340050014966302, -32.859061870709198 ], [ 20.3400513912032, -32.859063911920899 ], [ 20.3400535116158, -32.859065432760303 ], [ 20.340056120451301, -32.859066249791297 ], [ 20.340058903045598, -32.859066264467899 ], [ 20.3400615237769, -32.859065475019797 ], [ 20.3400636665463, -32.859063976665901 ], [ 20.340065072904299, -32.8590619501297 ], [ 20.340065573223701, -32.859059639841298 ] ], [ [ 20.339911322347199, -32.858728168420001 ], [ 20.339910856287698, -32.858725853033597 ], [ 20.339909480061198, -32.858723811818301 ], [ 20.339907359661101, -32.858722290974598 ], [ 20.3399047508391, -32.858721473938502 ], [ 20.3399019682576, -32.8587214592566 ], [ 20.339899347537099, -32.8587222486996 ], [ 20.339897204775301, -32.858723747048799 ], [ 20.339895798421001, -32.858725773581199 ], [ 20.3398952981013, -32.858728083867 ] ], [ [ 20.339895298092301, -32.858728083876002 ], [ 20.3398957641534, -32.858730399260502 ], [ 20.339897140381701, -32.858732440474 ], [ 20.339899260783898, -32.858733961315799 ], [ 20.339901869608202, -32.858734778349998 ], [ 20.3399046521921, -32.858734793029903 ], [ 20.3399072729149, -32.8587340035848 ], [ 20.3399094156788, -32.858732505233398 ], [ 20.339910822035002, -32.858730478698902 ], [ 20.339911322356201, -32.858728168410998 ] ], [ [ 20.339956054437799, -32.8587133052377 ], [ 20.339955588377201, -32.858710989851403 ], [ 20.339954212149902, -32.858708948636597 ], [ 20.3399520917493, -32.858707427793597 ], [ 20.339949482927299, -32.858706610758503 ], [ 20.339946700346299, -32.858706596077603 ], [ 20.339944079626601, -32.858707385521498 ], [ 20.339941936865898, -32.8587088838715 ], [ 20.339940530512798, -32.858710910404398 ], [ 20.339940030194398, -32.858713220690397 ] ], [ [ 20.339940030185399, -32.8587132206994 ], [ 20.3399404962476, -32.8587155360837 ], [ 20.3399418724767, -32.858717577296702 ], [ 20.339943992879299, -32.858719098137897 ], [ 20.339946601703598, -32.8587199151711 ], [ 20.339949384287099, -32.858719929849997 ], [ 20.339952005009, -32.858719140403998 ], [ 20.339954147771799, -32.858717642051801 ], [ 20.339955554126799, -32.858715615516701 ], [ 20.339956054446802, -32.858713305228697 ] ], [ [ 20.340110319530499, -32.859044806877797 ], [ 20.340109853464298, -32.859042491492097 ], [ 20.340108477228501, -32.859040450278997 ], [ 20.3401063568175, -32.859038929438597 ], [ 20.340103747984301, -32.859038112406601 ], [ 20.3401009653928, -32.859038097728998 ], [ 20.3400983446647, -32.859038887175899 ], [ 20.340096201898501, -32.859040385528502 ], [ 20.3400947955435, -32.859042412062998 ], [ 20.340094295227001, -32.859044722349502 ] ], [ [ 20.340094295218002, -32.859044722358497 ], [ 20.340094761285801, -32.859047037742201 ], [ 20.340096137523499, -32.859049078953497 ], [ 20.3400982579365, -32.859050599792099 ], [ 20.340100866772001, -32.859051416822197 ], [ 20.340103649365901, -32.859051431497797 ], [ 20.3401062700963, -32.8590506420487 ], [ 20.340108412864701, -32.859049143694001 ], [ 20.3401098192215, -32.859047117157303 ], [ 20.340110319539502, -32.859044806868802 ] ] ] } },
{ "type": "Feature", "properties": { "name": "Block Reference [8267]:1" }, "geometry": { "type": "MultiLineString", "coordinates": [ [ [ 20.339807726918298, -32.859141702565097 ], [ 20.340057561058099, -32.859059597587098 ] ], [ [ 20.340057561057101, -32.8590595975881 ], [ 20.339959548974001, -32.858848978569398 ] ], [ [ 20.3399072125186, -32.858736511876501 ], [ 20.339903310220802, -32.858728126147298 ] ], [ [ 20.3399033102198, -32.8587281261483 ], [ 20.339913242721501, -32.858724825866602 ] ], [ [ 20.339938093882601, -32.858716568545603 ], [ 20.339948042312599, -32.858713262967797 ] ], [ [ 20.339948042311601, -32.858713262968799 ], [ 20.339951950873999, -32.858721662144703 ] ], [ [ 20.340004569672601, -32.858834735452497 ], [ 20.3401023073753, -32.859044764617401 ] ], [ [ 20.340102307374298, -32.859044764618403 ], [ 20.3403511560727, -32.858962273305401 ] ] ] } },
{ "type": "Feature", "properties": { "name": "Block Reference [8267]:2" }, "geometry": { "type": "MultiLineString", "coordinates": [ [ [ 20.339798338845799, -32.859144787829202 ], [ 20.3398077269193, -32.859141702564102 ] ], [ [ 20.339959548972999, -32.8588489785704 ], [ 20.339907212519599, -32.858736511875499 ] ], [ [ 20.339913242720499, -32.858724825867597 ], [ 20.3399380938836, -32.858716568544601 ] ], [ [ 20.339951950873001, -32.858721662145697 ], [ 20.340004569673599, -32.858834735451502 ] ], [ [ 20.340351156071701, -32.858962273306403 ], [ 20.340360691469701, -32.858959112386103 ] ], [ [ 20.339807726918298, -32.859141702565097 ], [ 20.3398495840637, -32.859124254716399 ], [ 20.339887206503199, -32.859100927033502 ], [ 20.339919446837701, -32.859072430960303 ], [ 20.339945321812898, -32.8590396355644 ], [ 20.339964042307098, -32.859003541032401 ], [ 20.339975037396101, -32.858965248166001 ], [ 20.339977971765201, -32.858925924809803 ], [ 20.339972755933399, -32.858886770234399 ], [ 20.339959548982002, -32.858848978561397 ] ], [ [ 20.339913242720499, -32.858724825867597 ], [ 20.339911576842599, -32.858725526454499 ], [ 20.339910080315601, -32.858726460436699 ], [ 20.339908798564501, -32.858727599464501 ], [ 20.339907770495, -32.858728908964203 ], [ 20.339907027312801, -32.858730349187901 ], [ 20.339906591576099, -32.858731876419498 ], [ 20.3399064765111, -32.858733444302203 ], [ 20.3399066856106, -32.858735005244903 ], [ 20.339907212527599, -32.858736511867498 ] ], [ [ 20.339951950873001, -32.858721662145697 ], [ 20.339951121141301, -32.858720254203099 ], [ 20.339950014207702, -32.858718989339103 ], [ 20.339948663740099, -32.858717906024999 ], [ 20.339947110813501, -32.858717037210397 ], [ 20.339945402660899, -32.8587164093205 ], [ 20.339943591236601, -32.858716041452702 ], [ 20.339941731635701, -32.858715944796103 ], [ 20.3399398804189, -32.858716122290197 ], [ 20.3399380938916, -32.8587165685366 ] ], [ [ 20.340004569672601, -32.858834735452497 ], [ 20.3400253221828, -32.858869953416701 ], [ 20.340053005291999, -32.858901594851403 ], [ 20.340086777866102, -32.858928698343497 ], [ 20.340125613742298, -32.858950440362499 ], [ 20.340168332908199, -32.858966160284197 ], [ 20.340213637356499, -32.858975380463399 ], [ 20.340260150525101, -32.858977820747199 ], [ 20.340306459124399, -32.858973406988397 ], [ 20.3403511560807, -32.858962273297401 ] ] ] } },
{ "type": "Feature", "properties": { "name": "Block Reference [823E]:0" }, "geometry": { "type": "MultiLineString", "coordinates": [ [ [ 20.339297665123699, -32.859524952959397 ], [ 20.339297199076402, -32.859522637571203 ], [ 20.339295822852101, -32.859520596349398 ], [ 20.3392937024439, -32.859519075495399 ], [ 20.339291093604501, -32.8595182584464 ], [ 20.339288310998501, -32.8595182437505 ], [ 20.339285690249302, -32.859519033180199 ], [ 20.339283547457999, -32.859520531518299 ], [ 20.3392821410769, -32.859522558043203 ], [ 20.339281640736498, -32.859524868325998 ] ], [ [ 20.339281640727499, -32.859524868335001 ], [ 20.339282106776501, -32.859527183721298 ], [ 20.3392834830026, -32.859529224941298 ], [ 20.339285603412801, -32.859530745793499 ], [ 20.339288212254498, -32.859531562840502 ], [ 20.3392909948629, -32.859531577534398 ], [ 20.339293615614402, -32.859530788102703 ], [ 20.3392957584078, -32.8595292897623 ], [ 20.3392971647907, -32.8595272632353 ], [ 20.339297665132701, -32.859524952950402 ] ], [ [ 20.339773060132501, -32.859187970734098 ], [ 20.3397725940744, -32.859185655347297 ], [ 20.339771217844199, -32.8591836141306 ], [ 20.3397690974356, -32.859182093284502 ], [ 20.339766488601601, -32.859181276245501 ], [ 20.339763706005801, -32.859181261560302 ], [ 20.339761085270599, -32.859182051000197 ], [ 20.339758942495301, -32.859183549346803 ], [ 20.339757536130399, -32.859185575877298 ], [ 20.339757035804301, -32.859187886162303 ] ], [ [ 20.339757035795301, -32.859187886171298 ], [ 20.3397575018551, -32.859190201556103 ], [ 20.3397588780871, -32.859192242771002 ], [ 20.339760998497599, -32.859193763615202 ], [ 20.339763607334, -32.8591945806523 ], [ 20.339766389932201, -32.859194595335502 ], [ 20.339769010669698, -32.859193805893597 ], [ 20.339771153447099, -32.859192307544802 ], [ 20.339772559813799, -32.859190281012097 ], [ 20.3397730601415, -32.859187970725102 ] ] ] } },
{ "type": "Feature", "properties": { "name": "Block Reference [823E]:1" }, "geometry": { "type": "MultiLineString", "coordinates": [ [ [ 20.339065765790501, -32.859558959662799 ], [ 20.339289652926599, -32.859524910646499 ] ], [ [ 20.339289652925601, -32.859524910647501 ], [ 20.339463856806699, -32.859401427316598 ] ], [ [ 20.339662024193899, -32.859260956884697 ], [ 20.339765047964899, -32.859187928451902 ] ], [ [ 20.339765047963901, -32.859187928452897 ], [ 20.339889672264199, -32.859145145886899 ] ] ] } },
{ "type": "Feature", "properties": { "name": "Block Reference [823E]:2" }, "geometry": { "type": "MultiLineString", "coordinates": [ [ [ 20.338972278015898, -32.859573177265403 ], [ 20.339065765791499, -32.859558959661797 ] ], [ [ 20.3394638568057, -32.8594014273176 ], [ 20.339662024194901, -32.859260956883702 ] ], [ [ 20.339889672263201, -32.859145145887901 ], [ 20.341711260810399, -32.858519789533702 ] ], [ [ 20.339065765790501, -32.859558959662799 ], [ 20.339114110743399, -32.859550382895101 ], [ 20.339161787767399, -32.859539462884101 ], [ 20.3392086375612, -32.859526236116501 ], [ 20.339254503587402, -32.859510746786498 ], [ 20.339299232595899, -32.859493046647898 ], [ 20.339342675136201, -32.859473194841499 ], [ 20.3393846860561, -32.859451257697302 ], [ 20.3394251249875, -32.859427308512899 ], [ 20.339463856814699, -32.859401427308597 ] ], [ [ 20.339889672263201, -32.859145145887901 ], [ 20.339862402734699, -32.8591549760256 ], [ 20.339835553656702, -32.8591655986625 ], [ 20.339809157349599, -32.859177001010998 ], [ 20.339783245588698, -32.859189169345598 ], [ 20.339757849565899, -32.859202089018197 ], [ 20.339732999852501, -32.859215744476501 ], [ 20.3397087263623, -32.859230119282401 ], [ 20.3396850583154, -32.859245196131901 ], [ 20.339662024202902, -32.859260956875701 ] ] ] } },
{ "type": "Feature", "properties": { "name": "Block Reference [823D]:0" }, "geometry": { "type": "MultiLineString", "coordinates": [ [ [ 20.336389653822501, -32.850182119287403 ], [ 20.336389187895399, -32.850179803886498 ], [ 20.336387811878598, -32.850177762632299 ], [ 20.3363856917404, -32.850176241730303 ], [ 20.336383083200602, -32.850175424623302 ], [ 20.3363803008879, -32.850175409866402 ], [ 20.3363776803902, -32.850176199239499 ], [ 20.336375537778299, -32.850177697532303 ], [ 20.336374131482899, -32.8501797240286 ], [ 20.336373631124101, -32.850182034302897 ] ], [ [ 20.336373631115102, -32.850182034311899 ], [ 20.336374097043802, -32.850184349710901 ], [ 20.336375473062301, -32.850186390963103 ], [ 20.336377593202599, -32.850187911863401 ], [ 20.336380201744699, -32.850188728968497 ], [ 20.336382984059799, -32.8501887437234 ], [ 20.336385604559901, -32.8501879543482 ], [ 20.336387747173902, -32.850186456053201 ], [ 20.336389153471099, -32.850184429554702 ], [ 20.3363896538315, -32.850182119278401 ] ] ] } },
{ "type": "Feature", "properties": { "name": "Block Reference [823D]:1" }, "geometry": { "type": "MultiLineString", "coordinates": [ [ [ 20.336082487348801, -32.849846173493901 ], [ 20.336381642469799, -32.850182076798902 ] ], [ [ 20.336381642468801, -32.850182076799904 ], [ 20.3367688545578, -32.849917938855299 ] ] ] } },
{ "type": "Feature", "properties": { "name": "Block Reference [823D]:2" }, "geometry": { "type": "MultiLineString", "coordinates": [ [ [ 20.336075475176401, -32.8498382999082 ], [ 20.336082487349799, -32.849846173492899 ] ], [ [ 20.336768854556802, -32.849917938856301 ], [ 20.336794448433601, -32.849900479813797 ] ], [ [ 20.336082487348801, -32.849846173493901 ], [ 20.336139852524099, -32.849899865281799 ], [ 20.336207596636999, -32.849944110549899 ], [ 20.336283568611002, -32.8499775043705 ], [ 20.336365356099801, -32.849998986382197 ], [ 20.3364503620889, -32.850007874461099 ], [ 20.3365358873613, -32.850003886381202 ], [ 20.3366192162107, -32.849987148776698 ], [ 20.336697702676599, -32.849958193120401 ], [ 20.336768854565801, -32.849917938847298 ] ] ] } },
{ "type": "Feature", "properties": { "name": "Block Reference [823C]:0" }, "geometry": { "type": "MultiLineString", "coordinates": [ [ [ 20.336448541579099, -32.850240554443303 ], [ 20.3364480756502, -32.850238239042604 ], [ 20.3364466996312, -32.850236197789101 ], [ 20.3364445794906, -32.850234676888 ], [ 20.336441970948599, -32.8502338597822 ], [ 20.336439188633999, -32.8502338450267 ], [ 20.336436568134999, -32.850234634400998 ], [ 20.3364344255227, -32.850236132694803 ], [ 20.336433019227599, -32.850238159191697 ], [ 20.336432518870001, -32.8502404694662 ] ], [ [ 20.336432518860999, -32.850240469475203 ], [ 20.3364329847916, -32.850242784873998 ], [ 20.336434360812301, -32.850244826125603 ], [ 20.336436480955001, -32.8502463470249 ], [ 20.336439089499301, -32.850247164128803 ], [ 20.336441871816302, -32.850247178882398 ], [ 20.3364444923176, -32.850246389505998 ], [ 20.336446634931999, -32.850244891209996 ], [ 20.336448041228898, -32.8502428647109 ], [ 20.336448541588101, -32.850240554434301 ] ] ] } },
{ "type": "Feature", "properties": { "name": "Block Reference [823C]:1" }, "geometry": { "type": "MultiLineString", "coordinates": [ [ [ 20.3368723181663, -32.849951874482002 ], [ 20.3364405302211, -32.850240511958503 ] ], [ [ 20.336440530220099, -32.850240511959498 ], [ 20.336837759448699, -32.850562575454902 ] ] ] } },
{ "type": "Feature", "properties": { "name": "Block Reference [823C]:2" }, "geometry": { "type": "MultiLineString", "coordinates": [ [ [ 20.336883643880199, -32.849944303531302 ], [ 20.336872318167298, -32.849951874481 ] ], [ [ 20.3368377594477, -32.850562575455903 ], [ 20.336846878649698, -32.850569969032399 ] ], [ [ 20.3368723181663, -32.849951874482002 ], [ 20.336806642291702, -32.850005053341697 ], [ 20.336754017829001, -32.850067727612704 ], [ 20.336716331131001, -32.850137650735 ], [ 20.336694933116501, -32.850212316308898 ], [ 20.336690590841901, -32.850289047934297 ], [ 20.336703460001001, -32.850365095146699 ], [ 20.3367330793373, -32.850437732007599 ], [ 20.336778387172401, -32.850504354817303 ], [ 20.336837759456699, -32.850562575446901 ] ] ] } },
{ "type": "Feature", "properties": { "name": "Block Reference [823B]:0" }, "geometry": { "type": "MultiLineString", "coordinates": [ [ [ 20.336747168312201, -32.849989430874899 ], [ 20.336746702376701, -32.849987115475102 ], [ 20.336745326354599, -32.849985074224797 ], [ 20.336743206214699, -32.849983553328698 ], [ 20.3367405976771, -32.849982736229201 ], [ 20.336737815370199, -32.849982721480401 ], [ 20.3367351948812, -32.849983510861101 ], [ 20.3367330522799, -32.8499850091602 ], [ 20.336731645995702, -32.849987035660703 ], [ 20.336731145647299, -32.849989345936599 ] ], [ [ 20.3367311456383, -32.849989345945602 ], [ 20.336731611575399, -32.849991661343402 ], [ 20.336732987599301, -32.849993702591902 ], [ 20.336735107741301, -32.849995223486196 ], [ 20.3367377162811, -32.849996040583797 ], [ 20.336740498590501, -32.849996055330699 ], [ 20.336743119081799, -32.849995265947904 ], [ 20.336745261685198, -32.849993767646602 ], [ 20.336746667971202, -32.849991741143903 ], [ 20.3367471683212, -32.849989430865897 ] ] ] } },
{ "type": "Feature", "properties": { "name": "Block Reference [823B]:1" }, "geometry": { "type": "MultiLineString", "coordinates": [ [ [ 20.3367309681805, -32.849994998888803 ], [ 20.336739156976201, -32.849989388409597 ] ], [ [ 20.336739156975199, -32.849989388410599 ], [ 20.336747414406599, -32.849983850069997 ] ] ] } },
{ "type": "Feature", "properties": { "name": "Block Reference [823B]:2" }, "geometry": { "type": "MultiLineString", "coordinates": [ [ [ 20.336405321077802, -32.8502181120231 ], [ 20.336730968181499, -32.849994998887802 ] ], [ [ 20.3367474144056, -32.849983850070998 ], [ 20.337140590837201, -32.849720141337599 ] ], [ [ 20.3367474144056, -32.849983850070998 ], [ 20.336745580281001, -32.849985081695102 ], [ 20.336743747842402, -32.8499863151062 ], [ 20.3367419170925, -32.8499875503026 ], [ 20.336740088033601, -32.849988787282598 ], [ 20.336738260668099, -32.849990026044701 ], [ 20.3367364349985, -32.849991266587097 ], [ 20.3367346110273, -32.849992508908201 ], [ 20.336732788756802, -32.849993753006302 ], [ 20.336730968189499, -32.849994998879801 ] ] ] } },
{ "type": "Feature", "properties": { "name": "Block Reference [823A]:0" }, "geometry": { "type": "MultiLineString", "coordinates": [ [ [ 20.3389770142172, -32.859595361371902 ], [ 20.339070502015499, -32.859581143765098 ] ], [ [ 20.339481033446098, -32.859418688500497 ], [ 20.339679200847598, -32.859278218039996 ] ], [ [ 20.339899734944598, -32.859166026114501 ], [ 20.3417213238532, -32.858540669620403 ] ], [ [ 20.339070502014501, -32.8595811437661 ], [ 20.339120357759001, -32.859572298972402 ], [ 20.339169524701301, -32.859561037708502 ], [ 20.3392178385614, -32.859547397601403 ], [ 20.339265137910299, -32.859531424226297 ], [ 20.339311264708801, -32.859513170954401 ], [ 20.339356064835599, -32.859492698774602 ], [ 20.3393993886027, -32.859470076089998 ], [ 20.3394410912552, -32.859445378488601 ], [ 20.339481033455101, -32.859418688491502 ] ], [ [ 20.339899734944598, -32.859166026114501 ], [ 20.339873317583798, -32.859175549062499 ], [ 20.3398473075348, -32.8591858397442 ], [ 20.339821736108, -32.859196885771802 ], [ 20.339796634085701, -32.8592086738484 ], [ 20.3397720316852, -32.859221189783803 ], [ 20.339747958522398, -32.859234418511697 ], [ 20.339724443576198, -32.859248344107698 ], [ 20.3397015151536, -32.859262949808503 ], [ 20.339679200855599, -32.859278218032003 ] ] ] } },
{ "type": "Feature", "properties": { "name": "Block Reference [8239]:0" }, "geometry": { "type": "MultiLineString", "coordinates": [ [ [ 20.3389675418168, -32.859550993158699 ], [ 20.339061029569699, -32.859536775558297 ] ], [ [ 20.339446680171999, -32.859384166132301 ], [ 20.339644847548801, -32.859243695725098 ] ], [ [ 20.339879609586401, -32.859124265660398 ], [ 20.341701197772199, -32.858498909446197 ] ], [ [ 20.3390610295687, -32.859536775559299 ], [ 20.3391078637307, -32.859528466817402 ], [ 20.339154050837301, -32.859517888059202 ], [ 20.339199436565298, -32.859505074631002 ], [ 20.3392438692693, -32.859490069345902 ], [ 20.3392872004884, -32.859472922340302 ], [ 20.339329285442599, -32.859453690907003 ], [ 20.339369983515699, -32.8594324393029 ], [ 20.339409158726301, -32.8594092385352 ], [ 20.339446680180998, -32.859384166123299 ] ], [ [ 20.339879609586401, -32.859124265660398 ], [ 20.339851487890499, -32.859134402987799 ], [ 20.3398237997839, -32.8591453575796 ], [ 20.3397965785968, -32.859157116249101 ], [ 20.339769857097401, -32.859169664841502 ], [ 20.339743667452598, -32.859182988251099 ], [ 20.339718041188998, -32.859197070439599 ], [ 20.3396930091549, -32.8592118944552 ], [ 20.339668601483702, -32.859227442453097 ], [ 20.339644847556801, -32.859243695717097 ] ] ] } },
{ "type": "Feature", "properties": { "name": "Block Reference [8238]:0" }, "geometry": { "type": "MultiLineString", "coordinates": [ [ [ 20.336435614822399, -32.850249614995199 ], [ 20.336761261968199, -32.8500265017827 ] ], [ [ 20.3367773186786, -32.850015617013 ], [ 20.3371704951652, -32.849751908187699 ] ], [ [ 20.3367773186786, -32.850015617013 ], [ 20.336775527993499, -32.850016819467498 ], [ 20.336773738954601, -32.8500180236666 ], [ 20.336771951564302, -32.850019229608698 ], [ 20.336770165825001, -32.850020437292301 ], [ 20.336768381738999, -32.850021646715597 ], [ 20.336766599308799, -32.8500228578771 ], [ 20.336764818536601, -32.850024070775198 ], [ 20.336763039425001, -32.8500252854083 ], [ 20.3367612619762, -32.8500265017747 ] ] ] } },
{ "type": "Feature", "properties": { "name": "Block Reference [8237]:0" }, "geometry": { "type": "MultiLineString", "coordinates": [ [ [ 20.336375027354499, -32.850186609043803 ], [ 20.3367006744162, -32.849963495985797 ] ], [ [ 20.3367175101539, -32.849952083121998 ], [ 20.337110686530501, -32.8496883744806 ] ], [ [ 20.3367175101539, -32.849952083121998 ], [ 20.336715632589701, -32.849953343915701 ], [ 20.3367137567515, -32.849954606538802 ], [ 20.3367118826419, -32.849955870989398 ], [ 20.336710010263399, -32.849957137265903 ], [ 20.336708139618501, -32.8499584053666 ], [ 20.336706270709598, -32.849959675289902 ], [ 20.336704403539301, -32.8499609470339 ], [ 20.33670253811, -32.849962220597099 ], [ 20.3367006744242, -32.849963495977804 ] ] ] } },
{ "type": "Feature", "properties": { "name": "Block Reference [81E3]:0" }, "geometry": { "type": "MultiLineString", "coordinates": [ [ [ 20.333092386842001, -32.844710516421998 ], [ 20.333091921026799, -32.844708201008203 ], [ 20.3330905451684, -32.8447061597181 ], [ 20.333088425215799, -32.8447046387612 ], [ 20.333085816866799, -32.844703821587203 ], [ 20.333083034726599, -32.844703806759199 ], [ 20.333080414362598, -32.844704596065696 ], [ 20.3330782718295, -32.8447060943043 ], [ 20.3330768655483, -32.844708120765397 ], [ 20.3330763651376, -32.844710431027799 ] ], [ [ 20.333076365128601, -32.844710431036802 ], [ 20.333076830945402, -32.8447127464486 ], [ 20.333078206805599, -32.844714787736898 ], [ 20.3330803267603, -32.844716308692 ], [ 20.333082935111701, -32.844717125864101 ], [ 20.3330857172542, -32.844717140690001 ], [ 20.333088337620499, -32.844716351381599 ], [ 20.3330904801558, -32.844714853140701 ], [ 20.333091886438702, -32.844712826677402 ], [ 20.333092386851, -32.844710516413002 ] ], [ [ 20.333349858122599, -32.845188664638599 ], [ 20.333349392298398, -32.845186349225898 ], [ 20.3333480164268, -32.845184307938602 ], [ 20.333345896458599, -32.845182786985902 ], [ 20.333343288093101, -32.845181969817197 ], [ 20.333340505937901, -32.8451819549947 ], [ 20.333337885561999, -32.8451827443063 ], [ 20.333335743021401, -32.845184242549202 ], [ 20.3333343367383, -32.845186269012999 ], [ 20.333333836331398, -32.845188579276297 ] ], [ [ 20.333333836322399, -32.845188579285299 ], [ 20.333334302148199, -32.845190894696103 ], [ 20.333335678021498, -32.845192935981501 ], [ 20.333337797991799, -32.845194456932298 ], [ 20.3333404063596, -32.845195274099197 ], [ 20.333343188517201, -32.845195288919697 ], [ 20.333345808895402, -32.845194499606002 ], [ 20.3333479514381, -32.845193001360997 ], [ 20.333349357723002, -32.845190974894997 ], [ 20.333349858131601, -32.845188664629603 ] ], [ [ 20.333445136499201, -32.845422846361302 ], [ 20.333444670671401, -32.845420530948999 ], [ 20.333443294794201, -32.845418489662698 ], [ 20.333441174818699, -32.845416968711703 ], [ 20.333438566445601, -32.845416151544804 ], [ 20.333435784283001, -32.845416136724403 ], [ 20.333433163900999, -32.845416926037899 ], [ 20.333431021356301, -32.845418424282201 ], [ 20.333429615071601, -32.845420450747099 ], [ 20.333429114665599, -32.845422761010703 ] ], [ [ 20.3334291146566, -32.845422761019698 ], [ 20.333429580486001, -32.845425076430097 ], [ 20.333430956365099, -32.8454271177145 ], [ 20.333433076342502, -32.845428638663698 ], [ 20.333435684718001, -32.8454294558287 ], [ 20.333438466882999, -32.845429470647098 ], [ 20.333441087267399, -32.845428681331498 ], [ 20.333443229814101, -32.845427183085 ], [ 20.333444636100701, -32.845425156617999 ], [ 20.3334451365082, -32.845422846352299 ] ], [ [ 20.333401375728599, -32.8454402493389 ], [ 20.333400909901901, -32.845437933926398 ], [ 20.3333995340254, -32.845435892639699 ], [ 20.3333974140503, -32.845434371687901 ], [ 20.333394805676999, -32.845433554520199 ], [ 20.333392023514001, -32.845433539698803 ], [ 20.333389403131001, -32.845434329011297 ], [ 20.333387260585202, -32.845435827254903 ], [ 20.333385854299198, -32.845437853719197 ], [ 20.333385353892002, -32.845440163982602 ] ], [ [ 20.333385353882999, -32.845440163991597 ], [ 20.333385819711399, -32.845442479402202 ], [ 20.333387195589701, -32.845444520687003 ], [ 20.333389315566802, -32.845446041636997 ], [ 20.333391923942401, -32.845446858802902 ], [ 20.333394706107899, -32.845446873622301 ], [ 20.333397326493099, -32.845446084307603 ], [ 20.333399469041002, -32.845444586061902 ], [ 20.333400875328799, -32.845442559595398 ], [ 20.333401375737601, -32.845440249329897 ] ], [ [ 20.3332617641979, -32.845221149738201 ], [ 20.333261298375799, -32.845218834325202 ], [ 20.3332599225058, -32.845216793036897 ], [ 20.333257802538299, -32.845215272082797 ], [ 20.3332551941728, -32.845214454912202 ], [ 20.333252412016598, -32.845214440087801 ], [ 20.333249791638998, -32.845215229397503 ], [ 20.333247649096201, -32.8452167276388 ], [ 20.333246242810599, -32.845218754101602 ], [ 20.3332457424011, -32.845221064364502 ] ], [ [ 20.333245742392101, -32.845221064373497 ], [ 20.333246208215801, -32.845223379784599 ], [ 20.333247584087601, -32.845225421071 ], [ 20.333249704057099, -32.845226942023302 ], [ 20.333252312425, -32.845227759191999 ], [ 20.333255094583599, -32.845227774014397 ], [ 20.333257714963501, -32.845226984702599 ], [ 20.333259857508398, -32.8452254864591 ], [ 20.333261263795801, -32.845223459994202 ], [ 20.333261764206899, -32.845221149729198 ] ], [ [ 20.333009288564298, -32.844743138381098 ], [ 20.333008822751101, -32.844740822967097 ], [ 20.3330074468942, -32.844738781676099 ], [ 20.333005326942299, -32.8447372607178 ], [ 20.333002718593001, -32.844736443542097 ], [ 20.332999936451898, -32.844736428712203 ], [ 20.332997316086299, -32.844737218016903 ], [ 20.332995173550898, -32.844738716254099 ], [ 20.3329937672674, -32.844740742714201 ], [ 20.332993266854299, -32.844743052976199 ] ], [ [ 20.3329932668453, -32.844743052985201 ], [ 20.3329937326601, -32.844745368397298 ], [ 20.332995108518901, -32.844747409686498 ], [ 20.332997228472799, -32.844748930642901 ], [ 20.332999836824399, -32.844749747816799 ], [ 20.3330026189679, -32.844749762644597 ], [ 20.3330052393359, -32.8447489733379 ], [ 20.333007381873301, -32.844747475098501 ], [ 20.3330087881587, -32.844745448636203 ], [ 20.333009288573301, -32.844743138372102 ] ] ] } },
{ "type": "Feature", "properties": { "name": "Block Reference [81E3]:1" }, "geometry": { "type": "MultiLineString", "coordinates": [ [ [ 20.333506503995999, -32.844551681005001 ], [ 20.333084375986299, -32.844710473728597 ] ], [ [ 20.333084375985301, -32.844710473729599 ], [ 20.333275614206599, -32.845065621571798 ] ], [ [ 20.333337609112899, -32.845180751440502 ], [ 20.333341847223501, -32.845188621961199 ] ], [ [ 20.333341847222499, -32.845188621962201 ], [ 20.333345173944899, -32.845196798628699 ] ], [ [ 20.333433337863202, -32.845413494008099 ], [ 20.3334371255789, -32.845422803689701 ] ], [ [ 20.333437125577898, -32.845422803690703 ], [ 20.333426576640701, -32.845426998839599 ] ], [ [ 20.333403259487401, -32.8454362717073 ], [ 20.333393364806799, -32.845440206664499 ] ], [ [ 20.333393364805801, -32.8454402066656 ], [ 20.3333881834997, -32.8454320753914 ] ], [ [ 20.333257503959398, -32.845226993184802 ], [ 20.333253753295999, -32.845221107055103 ] ], [ [ 20.333253753295001, -32.845221107056098 ], [ 20.333250529090101, -32.845215002709701 ] ], [ [ 20.333181543782, -32.845084393542898 ], [ 20.333001277705801, -32.844743095682396 ] ], [ [ 20.333001277704799, -32.844743095683398 ], [ 20.332594006834, -32.844889540007301 ] ] ] } },
{ "type": "Feature", "properties": { "name": "Block Reference [81E3]:2" }, "geometry": { "type": "MultiLineString", "coordinates": [ [ [ 20.333543882044498, -32.844537620334201 ], [ 20.333506503997, -32.844551681003999 ] ], [ [ 20.333275614205601, -32.8450656215728 ], [ 20.333337609113901, -32.8451807514395 ] ], [ [ 20.333345173943901, -32.845196798629701 ], [ 20.3334333378642, -32.845413494007097 ] ], [ [ 20.333426576639699, -32.845426998840601 ], [ 20.333403259488399, -32.845436271706298 ] ], [ [ 20.333388183498698, -32.845432075392402 ], [ 20.3332575039604, -32.8452269931838 ] ], [ [ 20.333250529089099, -32.845215002710702 ], [ 20.333181543782999, -32.845084393541903 ] ], [ [ 20.332594006832998, -32.844889540008303 ], [ 20.332512199961901, -32.844918955473901 ] ], [ [ 20.333506503995999, -32.844551681005001 ], [ 20.333436267541401, -32.844584603574297 ], [ 20.333373912309401, -32.8446273648618 ], [ 20.333321350818402, -32.844678653329403 ], [ 20.3332801952095, -32.844736895898698 ], [ 20.333251707799601, -32.844800306197499 ], [ 20.333236762362102, -32.844866939349103 ], [ 20.3332358173245, -32.844934751623398 ], [ 20.333248901704302, -32.845001663120399 ], [ 20.3332756142146, -32.845065621563798 ] ], [ [ 20.333345173943901, -32.845196798629701 ], [ 20.333344423804199, -32.845194986335102 ], [ 20.3333436508522, -32.845193180884102 ], [ 20.333342855175299, -32.845191382481303 ], [ 20.333342036863801, -32.845189591330502 ], [ 20.333341196010402, -32.845187807634701 ], [ 20.333340332710399, -32.8451860315961 ], [ 20.3333394470617, -32.845184263416002 ], [ 20.333338539164501, -32.845182503294602 ], [ 20.333337609121902, -32.845180751431499 ] ], [ [ 20.333426576639699, -32.845426998840601 ], [ 20.3334284066941, -32.8454261113434 ], [ 20.333430042713999, -32.845424985787602 ], [ 20.3334314416613, -32.845423651782802 ], [ 20.333432566734601, -32.845422144422002 ], [ 20.3334333883369, -32.845420503358703 ], [ 20.333433884854699, -32.845418771763804 ], [ 20.3334340432265, -32.845416995189503 ], [ 20.333433859286, -32.8454152203715 ], [ 20.333433337872201, -32.845413493999096 ] ], [ [ 20.333388183498698, -32.845432075392402 ], [ 20.333389244677502, -32.845433449201202 ], [ 20.333390563931999, -32.845434653195603 ], [ 20.333392103841401, -32.845435653223902 ], [ 20.333393820725899, -32.845436420920201 ], [ 20.333395665885899, -32.845436934508598 ], [ 20.333397586983001, -32.845437179420998 ], [ 20.333399529525, -32.845437148710502 ], [ 20.333401438411499, -32.845436843248201 ], [ 20.3334032594964, -32.845436271698297 ] ], [ [ 20.333250529089099, -32.845215002710702 ], [ 20.333251251856101, -32.845216356106597 ], [ 20.3332519877974, -32.845217704433999 ], [ 20.333252736863201, -32.845219047601397 ], [ 20.333253499002801, -32.845220385517898 ], [ 20.333254274164499, -32.845221718092901 ], [ 20.333255062295699, -32.845223045235898 ], [ 20.333255863343101, -32.845224366857003 ], [ 20.3332566772524, -32.845225682866698 ], [ 20.333257503968401, -32.8452269931758 ] ], [ [ 20.333181543782, -32.845084393542898 ], [ 20.3331439344161, -32.8450270649017 ], [ 20.333095215486999, -32.844976043636201 ], [ 20.3330368360512, -32.844932847263102 ], [ 20.3329705324884, -32.8448987605626 ], [ 20.3328982768566, -32.8448747973666 ], [ 20.332822218238199, -32.844861670405102 ], [ 20.332744618822701, -32.844859770109103 ], [ 20.332667786625102, -32.844869152998101 ], [ 20.332594006842001, -32.844889539999301 ] ] ] } },
{ "type": "Feature", "properties": { "name": "Block Reference [81B9]:0" }, "geometry": { "type": "MultiLineString", "coordinates": [ [ [ 20.333480972897, -32.842702051702602 ], [ 20.333475138957098, -32.842704020587 ] ], [ [ 20.3331227344353, -32.8428959852952 ], [ 20.332673090558401, -32.843260951742302 ] ], [ [ 20.3324487152939, -32.843402965308897 ], [ 20.330643912595502, -32.8442771503884 ] ], [ [ 20.330854937348501, -32.845800224238197 ], [ 20.333554089864101, -32.846475298080797 ] ], [ [ 20.334445400950301, -32.847245629681801 ], [ 20.334606289684, -32.847747150713502 ] ], [ [ 20.334842480981099, -32.8482202498977 ], [ 20.335666261176801, -32.8493983337682 ] ], [ [ 20.337002292092802, -32.850748538997301 ], [ 20.337775568077301, -32.851312173453401 ] ], [ [ 20.3392896192568, -32.852557779167498 ], [ 20.3409046737853, -32.854056896371297 ] ], [ [ 20.3425431759193, -32.856256839972197 ], [ 20.343341784476699, -32.857922789289503 ] ], [ [ 20.3422353327989, -32.859378492521103 ], [ 20.339569281213599, -32.859481042615798 ] ], [ [ 20.339192562201202, -32.8595167719754 ], [ 20.338963449710899, -32.8595516154828 ] ], [ [ 20.337394921202499, -32.859483126494702 ], [ 20.336708571395, -32.859315512070502 ] ], [ [ 20.335929353077901, -32.8591887613861 ], [ 20.335655824729201, -32.859165801070503 ] ], [ [ 20.3351221568029, -32.859041192938498 ], [ 20.333893821119201, -32.858552270028802 ] ], [ [ 20.332448092248001, -32.8584923285106 ], [ 20.3321409924894, -32.858584747690998 ] ], [ [ 20.3313036674332, -32.8592631031187 ], [ 20.331291389796, -32.8592887901981 ] ], [ [ 20.329107457744399, -32.860571749625599 ], [ 20.329095690567701, -32.860572035430103 ] ], [ [ 20.3334751389561, -32.842704020588002 ], [ 20.3334319852238, -32.842719497197301 ], [ 20.3333896560356, -32.842736519342999 ], [ 20.333348229025098, -32.842755055805704 ], [ 20.333307780171499, -32.8427750725888 ], [ 20.3332683836603, -32.842796532980699 ], [ 20.3332301117469, -32.8428193976223 ], [ 20.333193034624401, -32.842843624578798 ], [ 20.3331572202949, -32.842869169416801 ], [ 20.333122734444299, -32.842895985286198 ] ], [ [ 20.3324487152939, -32.843402965308897 ], [ 20.332475594832999, -32.843389531916898 ], [ 20.332502031540098, -32.8433754862657 ], [ 20.332528005849401, -32.843360838750399 ], [ 20.3325534985375, -32.843345600211798 ], [ 20.332578490737401, -32.8433297819278 ], [ 20.332602963952599, -32.843313395605797 ], [ 20.332626900070601, -32.843296453373199 ], [ 20.332650281376601, -32.843278967769002 ], [ 20.332673090566399, -32.843260951734301 ] ], [ [ 20.3306439125945, -32.844277150389402 ], [ 20.3304407043338, -32.844407690615 ], [ 20.330283915271401, -32.844577833366401 ], [ 20.330184018802498, -32.844776213536697 ], [ 20.3301476881872, -32.844989579753801 ], [ 20.330177350702499, -32.845203679515699 ], [ 20.330271025387798, -32.845404211221897 ], [ 20.330422455250201, -32.845577779510002 ], [ 20.330621525133498, -32.845712790081002 ], [ 20.3308549373575, -32.845800224229201 ] ], [ [ 20.334445400950301, -32.847245629681801 ], [ 20.334398709774199, -32.847127103945297 ], [ 20.334336463834699, -32.847013785971399 ], [ 20.334259459208099, -32.846907124901897 ], [ 20.3341686806986, -32.846808484743001 ], [ 20.334065289242702, -32.846719126923396 ], [ 20.333950607061499, -32.846640194163498 ], [ 20.333826100751399, -32.846572695863898 ], [ 20.333693362529299, -32.846517495197602 ], [ 20.333554089872099, -32.846475298072903 ] ], [ [ 20.334606289682998, -32.847747150714497 ], [ 20.334624980730201, -32.847802145820097 ], [ 20.334645608716599, -32.847856645336002 ], [ 20.334668155252398, -32.847910600666602 ], [ 20.334692600236799, -32.847963963701197 ], [ 20.334718921876298, -32.848016686857299 ], [ 20.334747096703801, -32.8480687231228 ], [ 20.334777099599599, -32.848120026098002 ], [ 20.334808903813698, -32.848170550037104 ], [ 20.334842480990101, -32.848220249888698 ] ], [ [ 20.335666261175799, -32.849398333769201 ], [ 20.335788084301001, -32.849565570499799 ], [ 20.335916987138798, -32.849728982373499 ], [ 20.336052801365401, -32.849888355954597 ], [ 20.336195349626799, -32.850043483080803 ], [ 20.336344445770699, -32.850194161135001 ], [ 20.336499895089499, -32.850340193310402 ], [ 20.336661494574301, -32.850481388867003 ], [ 20.336829033180098, -32.850617563381697 ], [ 20.337002292101801, -32.850748538988299 ] ], [ [ 20.3392896192568, -32.852557779167498 ], [ 20.339130318045299, -32.852411885073899 ], [ 20.3389687160732, -32.852267805198302 ], [ 20.338804842346299, -32.852125565391297 ], [ 20.338638726277299, -32.851985191173497 ], [ 20.338470397681199, -32.851846707730303 ], [ 20.3382998867692, -32.8517101399081 ], [ 20.3381272241439, -32.851575512209202 ], [ 20.337952440793199, -32.851442848787698 ], [ 20.337775568085299, -32.8513121734454 ] ], [ [ 20.3425431759193, -32.856256839972197 ], [ 20.342407979065399, -32.855989999685796 ], [ 20.342260472526, -32.855727846015199 ], [ 20.3421008839337, -32.855470783324598 ], [ 20.341929459550801, -32.855219208121802 ], [ 20.341746463889201, -32.854973508447102 ], [ 20.341552179302099, -32.854734063274897 ], [ 20.341346905547699, -32.854501241929299 ], [ 20.341130959326701, -32.854275403514997 ], [ 20.3409046737933, -32.854056896363304 ] ], [ [ 20.3422353327989, -32.859378492521103 ], [ 20.3424981357253, -32.859344595089802 ], [ 20.342746585910302, -32.859264745128897 ], [ 20.3429695387108, -32.859142524450199 ], [ 20.3431569933189, -32.858983415464998 ], [ 20.343300541382799, -32.858794555240799 ], [ 20.3433937441675, -32.858584415334697 ], [ 20.343432421336502, -32.858362421770003 ], [ 20.343414838407998, -32.858138532207498 ], [ 20.3433417844847, -32.857922789281503 ] ], [ [ 20.339569281212601, -32.8594810426168 ], [ 20.339527188508601, -32.859482923905603 ], [ 20.339485133258801, -32.859485328972902 ], [ 20.339443124612199, -32.859488257295297 ], [ 20.3394011717075, -32.859491708236 ], [ 20.3393592836713, -32.859495681044102 ], [ 20.339317469616301, -32.859500174855299 ], [ 20.339275738638801, -32.859505188692097 ], [ 20.3392340998173, -32.8595107214637 ], [ 20.339192562210201, -32.859516771966398 ] ], [ [ 20.337394921202499, -32.859483126494702 ], [ 20.3375652219204, -32.859520763553697 ], [ 20.337737578283502, -32.859551009402203 ], [ 20.337911540258698, -32.8595737850655 ], [ 20.338086653618699, -32.8595890310743 ], [ 20.3382624611293, -32.859596707619502 ], [ 20.338438503742999, -32.859596794656397 ], [ 20.338614321798399, -32.859589291957199 ], [ 20.338789456220201, -32.859574219111401 ], [ 20.3389634497189, -32.8595516154748 ] ], [ [ 20.336708571393999, -32.859315512071497 ], [ 20.336623511901902, -32.859295525974701 ], [ 20.336537989688601, -32.859276999892302 ], [ 20.336452039929998, -32.859259941443902 ], [ 20.336365697977701, -32.859244357645899 ], [ 20.3362789993446, -32.8592302549077 ], [ 20.336191979690302, -32.8592176390299 ], [ 20.3361046748063, -32.859206515201301 ], [ 20.336017120601401, -32.8591968879972 ], [ 20.3359293530869, -32.859188761377098 ] ], [ [ 20.3351221568029, -32.859041192938498 ], [ 20.335178561200301, -32.859062549056702 ], [ 20.335235884998902, -32.859082083674998 ], [ 20.335294045656401, -32.8590997686644 ], [ 20.3353529594253, -32.859115578559802 ], [ 20.335412541473499, -32.859129490595699 ], [ 20.335472706006598, -32.859141484739503 ], [ 20.3355333663912, -32.859151543720301 ], [ 20.335594435280001, -32.859159653053602 ], [ 20.335655824737199, -32.859165801062503 ] ], [ [ 20.333893821118199, -32.858552270029797 ], [ 20.333741698393599, -32.8584984142894 ], [ 20.333584605597999, -32.858455921149599 ], [ 20.333423731585601, -32.858425112189501 ], [ 20.3332602938215, -32.858406220564298 ], [ 20.333095529169299, -32.8583993892412 ], [ 20.332930684532599, -32.858404669917199 ], [ 20.332767007419999, -32.858422022628403 ], [ 20.332605736505698, -32.858451316052403 ], [ 20.332448092257, -32.858492328501598 ] ], [ [ 20.332140992488402, -32.858584747691999 ], [ 20.3320181102278, -32.858627312238298 ], [ 20.3319004960737, -32.858679410863701 ], [ 20.331789185669798, -32.858740584820801 ], [ 20.3316851591591, -32.8588102954497 ], [ 20.331589332553001, -32.858887928920602 ], [ 20.331502549666101, -32.858972801638402 ], [ 20.331425574685799, -32.859064166261497 ], [ 20.331359085442902, -32.859161218282097 ], [ 20.331303667442199, -32.859263103109697 ] ], [ [ 20.329107457744399, -32.860571749625599 ], [ 20.3294187485461, -32.860547209285599 ], [ 20.329723730640101, -32.860489144017599 ], [ 20.3300173567321, -32.860398514769003 ], [ 20.330294767499801, -32.860276821402401 ], [ 20.3305513720255, -32.860126077868699 ], [ 20.330782923781602, -32.859948778872003 ], [ 20.330985590912601, -32.859747858576704 ], [ 20.3311560196492, -32.859526642042503 ], [ 20.331291389804001, -32.859288790190099 ] ] ] } },
{ "type": "Feature", "properties": { "name": "Block Reference [81B8]:0" }, "geometry": { "type": "MultiLineString", "coordinates": [ [ [ 20.3335007983409, -32.842743913055699 ], [ 20.3334949643986, -32.842745881940999 ] ], [ [ 20.333159750257, -32.842928482591098 ], [ 20.332710106362999, -32.843293449169202 ] ], [ [ 20.3324752949962, -32.8434420680762 ], [ 20.3306704917531, -32.844316253526799 ] ], [ [ 20.330870110096601, -32.845756999031899 ], [ 20.333569261430299, -32.846432072536601 ] ], [ [ 20.334496952583599, -32.847233845999902 ], [ 20.334657841588498, -32.847735366969701 ] ], [ [ 20.334888475654299, -32.848197334322499 ], [ 20.335712256256901, -32.849375417899601 ] ], [ [ 20.3370371999785, -32.850714417686099 ], [ 20.337810475895498, -32.851278051928603 ] ], [ [ 20.3393291360474, -32.852527448995303 ], [ 20.340944190709301, -32.854026565697602 ] ], [ [ 20.342592690495, -32.856239931203497 ], [ 20.343391299837698, -32.857905880219 ] ], [ [ 20.342237765361599, -32.859423528508302 ], [ 20.339571712429901, -32.859526078637003 ] ], [ [ 20.339202034710699, -32.859561140173199 ], [ 20.338972922109399, -32.859595983696302 ] ], [ [ 20.337380074549401, -32.859526432819699 ], [ 20.336693724439201, -32.8593588183113 ] ], [ [ 20.335924066718601, -32.859233622784302 ], [ 20.335650538233999, -32.859210662455503 ] ], [ [ 20.3350993727564, -32.859081968746899 ], [ 20.3338710366437, -32.858593045611002 ] ], [ [ 20.3324660318758, -32.858534792551097 ], [ 20.332158931987902, -32.858627211773303 ] ], [ [ 20.331353204074698, -32.859279969097003 ], [ 20.331340926449201, -32.859305656181299 ] ], [ [ 20.3291089943299, -32.860616813635701 ], [ 20.329097227147301, -32.860617099440297 ] ], [ [ 20.333494964397701, -32.842745881942001 ], [ 20.333453915709701, -32.842760603601299 ], [ 20.333413651345499, -32.842776795405399 ], [ 20.333374245151902, -32.8427944276579 ], [ 20.333335769401799, -32.842813468020601 ], [ 20.3332982946621, -32.842833881572503 ], [ 20.3332618896635, -32.842855630874404 ], [ 20.3332266211752, -32.842878676037103 ], [ 20.3331925538821, -32.842902974794697 ], [ 20.333159750265999, -32.842928482582103 ] ], [ [ 20.3324752949962, -32.8434420680762 ], [ 20.332503424754599, -32.843428009869399 ], [ 20.3325310910833, -32.843413310926003 ], [ 20.3325582735065, -32.843397982124699 ], [ 20.3325849519067, -32.843382034810503 ], [ 20.3326111065393, -32.843365480785899 ], [ 20.332636718047599, -32.843348332302803 ], [ 20.332661767476498, -32.843330602052703 ], [ 20.332686236287302, -32.843312303157802 ], [ 20.332710106371, -32.843293449161202 ] ], [ [ 20.330670491752102, -32.844316253527801 ], [ 20.330478267687798, -32.844439737572998 ], [ 20.330329953737799, -32.844600683468201 ], [ 20.3302354571608, -32.8447883404233 ], [ 20.330201090478301, -32.844990173347 ], [ 20.330229149732801, -32.845192700138703 ], [ 20.330317761011301, -32.8453823922599 ], [ 20.330461005513602, -32.845546578430699 ], [ 20.3306493148384, -32.845674291083299 ], [ 20.3308701101056, -32.845756999022903 ] ], [ [ 20.334496952583599, -32.847233845999902 ], [ 20.3344483555822, -32.847110482496902 ], [ 20.3343835689409, -32.846992539323701 ], [ 20.334303421231599, -32.846881524769501 ], [ 20.334208937456399, -32.846778858512799 ], [ 20.3341013259381, -32.846685853467498 ], [ 20.333981962866002, -32.846603698994301 ], [ 20.3338523746969, -32.846533445692003 ], [ 20.333714218634601, -32.846475991963501 ], [ 20.333569261438299, -32.8464320725286 ] ], [ [ 20.3346578415875, -32.847735366970703 ], [ 20.334676092873998, -32.847789068066803 ], [ 20.334696235523602, -32.847842285233497 ], [ 20.334718251579002, -32.847894971018398 ], [ 20.3347421214125, -32.847947078443198 ], [ 20.3347678237431, -32.847998561044697 ], [ 20.334795335655699, -32.848049372917203 ], [ 20.3348246326217, -32.8480994687528 ], [ 20.334855688520701, -32.848148803881898 ], [ 20.334888475663298, -32.848197334313497 ] ], [ [ 20.335712256255899, -32.849375417900603 ], [ 20.335833068454999, -32.849541266731798 ], [ 20.335960901606398, -32.849703322446203 ], [ 20.336095588782701, -32.849861373379397 ], [ 20.3362369541017, -32.850015213096903 ], [ 20.3363848129557, -32.850164640663401 ], [ 20.3365389722529, -32.8503094609054 ], [ 20.336699230668899, -32.8504494846662 ], [ 20.3368653789103, -32.8505845290534 ], [ 20.337037199987499, -32.850714417677104 ] ], [ [ 20.3393291360474, -32.852527448995303 ], [ 20.3391693498893, -32.852381110828901 ], [ 20.339007255969801, -32.852236592403401 ], [ 20.338842883383201, -32.852093919648098 ], [ 20.338676261631701, -32.851953118161099 ], [ 20.338507420621099, -32.851814213204598 ], [ 20.338336390654401, -32.851677229700499 ], [ 20.338163202427499, -32.851542192225502 ], [ 20.337987887022699, -32.8514091250075 ], [ 20.337810475903499, -32.851278051920602 ] ], [ [ 20.342592690495, -32.856239931203497 ], [ 20.342456668644299, -32.855971462900499 ], [ 20.3423082620135, -32.855707709811703 ], [ 20.342147699624601, -32.855449078767897 ], [ 20.341975229243001, -32.855195968695902 ], [ 20.3417911169952, -32.854948770002899 ], [ 20.341595646957501, -32.854707863975399 ], [ 20.341389120717501, -32.854473622190397 ], [ 20.3411718569083, -32.854246405943101 ], [ 20.340944190717298, -32.854026565689601 ] ], [ [ 20.342237765361599, -32.859423528508302 ], [ 20.342511751524899, -32.859388188617501 ], [ 20.3427707741637, -32.8593049407487 ], [ 20.343003214375901, -32.859177519137802 ], [ 20.3431986457771, -32.859011639499599 ], [ 20.343348302212998, -32.858814742616701 ], [ 20.343445470969801, -32.8585956605475 ], [ 20.343485793842898, -32.858364220429699 ], [ 20.3434674625661, -32.8581308036579 ], [ 20.343391299845699, -32.857905880211 ] ], [ [ 20.339571712428899, -32.859526078637998 ], [ 20.3395304064836, -32.859527924763199 ], [ 20.339489137292599, -32.859530284876797 ], [ 20.339447913833599, -32.859533158465403 ], [ 20.339406745074701, -32.859536544903897 ], [ 20.339365639972002, -32.8595404434556 ], [ 20.339324607467798, -32.859544853272297 ], [ 20.339283656488501, -32.859549773394697 ], [ 20.339242795942699, -32.859555202752297 ], [ 20.339202034719701, -32.859561140164203 ] ], [ [ 20.337380074549401, -32.859526432819699 ], [ 20.337553015666501, -32.859564653418403 ], [ 20.337728044303699, -32.859595368210798 ], [ 20.3379047034495, -32.859618496997797 ], [ 20.3380825318335, -32.859633979387603 ], [ 20.3382610651317, -32.859641774954 ], [ 20.338439837178701, -32.859641863341501 ], [ 20.338618381185501, -32.859634244318798 ], [ 20.338796230958501, -32.859618937778997 ], [ 20.338972922117399, -32.859595983688301 ] ], [ [ 20.336693724438199, -32.859358818312302 ], [ 20.336609708583399, -32.859339077433702 ], [ 20.336525235684, -32.8593207786558 ], [ 20.336440340484501, -32.859303929504897 ], [ 20.336355057902701, -32.859288536911002 ], [ 20.336269423015899, -32.859274607205201 ], [ 20.336183471045999, -32.859262146116798 ], [ 20.336097237345701, -32.859251158770903 ], [ 20.336010757383001, -32.859241649686801 ], [ 20.3359240667276, -32.859233622775299 ] ], [ [ 20.3350993727564, -32.859081968746899 ], [ 20.335157626499399, -32.8591040250761 ], [ 20.335216829789601, -32.859124200183203 ], [ 20.335276897378399, -32.859142465017399 ], [ 20.3353377427723, -32.859158793278098 ], [ 20.335399278357698, -32.859173161453597 ], [ 20.335461415527099, -32.859185548854398 ], [ 20.335524064806499, -32.8591959376433 ], [ 20.3355871359845, -32.859204312861003 ], [ 20.335650538242, -32.859210662447502 ] ], [ [ 20.333871036642702, -32.858593045611997 ], [ 20.333723199009299, -32.858540706909999 ], [ 20.333570531297799, -32.858499410739498 ], [ 20.333414188875199, -32.858469469621902 ], [ 20.333255354914101, -32.858451110145097 ], [ 20.333095231439199, -32.8584444712493 ], [ 20.332935030232498, -32.858449603175302 ], [ 20.332775963664002, -32.858466467085101 ], [ 20.332619235517999, -32.858494935355097 ], [ 20.332466031884799, -32.858534792542102 ] ], [ [ 20.3321589319869, -32.858627211774298 ], [ 20.332040686746101, -32.858668170129597 ], [ 20.331927510824499, -32.858718302790699 ], [ 20.331820400786199, -32.858777168320799 ], [ 20.331720299788699, -32.8588442483859 ], [ 20.331628089277299, -32.858918952318596 ], [ 20.3315445812249, -32.859000622318902 ], [ 20.331470510981099, -32.859088539246102 ], [ 20.331406530797601, -32.859181928950001 ], [ 20.331353204083701, -32.859279969088 ] ], [ [ 20.3291089943299, -32.860616813635701 ], [ 20.3294271270099, -32.860591733924501 ], [ 20.3297388123136, -32.860532392439303 ], [ 20.330038892005, -32.860439771249901 ], [ 20.330322399952799, -32.860315403186398 ], [ 20.3305846443312, -32.860161346466803 ], [ 20.330821285276301, -32.859980150629298 ], [ 20.3310284067129, -32.859774814331402 ], [ 20.331202581162099, -32.859548735717198 ], [ 20.331340926457202, -32.859305656173298 ] ] ] } },
{ "type": "Feature", "properties": { "name": "Block Reference [81B6]:0" }, "geometry": { "type": "MultiLineString", "coordinates": [ [ [ 20.3331353627159, -32.842892301785 ], [ 20.333134896908199, -32.8428899863708 ], [ 20.3331335210761, -32.842887945080903 ], [ 20.333131401165399, -32.842886424124799 ], [ 20.333128792868798, -32.842885606952201 ], [ 20.333126010785399, -32.842885592125903 ], [ 20.3331233904755, -32.842886381434099 ], [ 20.3331212479873, -32.8428878796745 ], [ 20.333119841736501, -32.842889906137103 ], [ 20.333119341337898, -32.8428922164005 ] ], [ [ 20.333119341328899, -32.842892216409503 ], [ 20.3331198071382, -32.842894531821699 ], [ 20.3331211829721, -32.842896573109698 ], [ 20.3331233028848, -32.842898094063898 ], [ 20.3331259111837, -32.842898911234698 ], [ 20.3331286932696, -32.842898926059 ], [ 20.333131313581799, -32.842898136748701 ], [ 20.333133456072101, -32.842896638506097 ], [ 20.333134862324702, -32.842894612041398 ], [ 20.333135362724899, -32.842892301775997 ] ] ] } },
{ "type": "Feature", "properties": { "name": "Block Reference [81B6]:1" }, "geometry": { "type": "MultiLineString", "coordinates": [ [ [ 20.332784575006801, -32.843170431268803 ], [ 20.3331273520234, -32.842892259096502 ] ], [ [ 20.333127352022402, -32.842892259097503 ], [ 20.332652206474702, -32.8429073612811 ] ] ] } },
{ "type": "Feature", "properties": { "name": "Block Reference [81B6]:2" }, "geometry": { "type": "MultiLineString", "coordinates": [ [ [ 20.332664332218499, -32.843268010673597 ], [ 20.3327845750078, -32.843170431267801 ] ], [ [ 20.3326522064737, -32.842907361282101 ], [ 20.332409697622399, -32.842915068565503 ] ], [ [ 20.332784575006801, -32.843170431268803 ], [ 20.3328146926257, -32.843138407818202 ], [ 20.332833682050101, -32.843100792441902 ], [ 20.332840185822899, -32.843060274099997 ], [ 20.332833739035198, -32.843019749269402 ], [ 20.332814802555699, -32.842982114887 ], [ 20.3327847300808, -32.842950061261199 ], [ 20.332745671361302, -32.8429258797552 ], [ 20.332700418525199, -32.842911298989598 ], [ 20.332652206482699, -32.842907361273099 ] ] ] } },
{ "type": "Feature", "properties": { "name": "Block Reference [81B3]:0" }, "geometry": { "type": "MultiLineString", "coordinates": [ [ [ 20.330813092102101, -32.8441969245142 ], [ 20.330646570119999, -32.844277445208803 ] ], [ [ 20.331309532206198, -32.845396625423803 ], [ 20.331636932870701, -32.8452774375749 ] ], [ [ 20.331723973373101, -32.845244517967402 ], [ 20.333443790300599, -32.844569377266197 ] ], [ [ 20.330646570119001, -32.844277445209798 ], [ 20.330454570768001, -32.844410788839802 ], [ 20.330325497329301, -32.844590169318998 ], [ 20.330273828439701, -32.844795465443603 ], [ 20.330305360392799, -32.845003648899002 ], [ 20.3304165567382, -32.845191367341698 ], [ 20.3305949447345, -32.845337563893303 ], [ 20.330820514289201, -32.845425839205703 ], [ 20.331067962527801, -32.845446291104999 ], [ 20.331309532215201, -32.8453966254148 ] ], [ [ 20.331636932869699, -32.845277437576001 ], [ 20.331646657763802, -32.845273882057199 ], [ 20.331656369447298, -32.845270300901802 ], [ 20.331666067825299, -32.845266694144797 ], [ 20.331675752803001, -32.845263061821399 ], [ 20.331685424285901, -32.845259403966999 ], [ 20.3316950821795, -32.845255720617502 ], [ 20.3317047263895, -32.845252011808597 ], [ 20.331714356821699, -32.8452482775768 ], [ 20.3317239733821, -32.845244517958399 ] ] ] } },
{ "type": "Feature", "properties": { "name": "Block Reference [81B2]:0" }, "geometry": { "type": "MultiLineString", "coordinates": [ [ [ 20.330839637803901, -32.844236043833703 ], [ 20.3306731157714, -32.844316564562497 ] ], [ [ 20.3312883827675, -32.8453552282026 ], [ 20.331615783306201, -32.845236040406697 ] ], [ [ 20.3317014530599, -32.845203639232501 ], [ 20.333421269358301, -32.844528498828502 ] ], [ [ 20.330673115770399, -32.844316564563499 ], [ 20.330494929298599, -32.844440315173202 ], [ 20.3303751417703, -32.8446067906251 ], [ 20.330327190171399, -32.844797317264998 ], [ 20.3303564537505, -32.8449905234827 ], [ 20.330459650429301, -32.845164736964001 ], [ 20.3306252047553, -32.8453004157302 ], [ 20.330834546211499, -32.8453823402631 ], [ 20.331064192306201, -32.8454013207919 ], [ 20.331288382776499, -32.845355228193597 ] ], [ [ 20.3316157833052, -32.845236040407698 ], [ 20.331625355047802, -32.845232540882897 ], [ 20.331634913787799, -32.845229016125202 ], [ 20.3316444594318, -32.845225466169097 ], [ 20.331653991886601, -32.845221891049199 ], [ 20.331663511059102, -32.845218290800403 ], [ 20.3316730168563, -32.845214665457902 ], [ 20.331682509185502, -32.845211015057103 ], [ 20.331691987953899, -32.845207339633703 ], [ 20.331701453068899, -32.845203639223499 ] ] ] } },
{ "type": "Feature", "properties": { "name": "Block Reference [80D6]:0" }, "geometry": { "type": "MultiLineString", "coordinates": [ [ [ 20.339283337668402, -32.835879131280102 ], [ 20.339282871734099, -32.835876815884703 ], [ 20.3392814958654, -32.8358747746597 ], [ 20.339279376012499, -32.835873253806902 ], [ 20.3392767678613, -32.835872436763403 ], [ 20.339273985993099, -32.835872422076498 ], [ 20.339271365942501, -32.835873211517601 ], [ 20.339269223726198, -32.835874709868399 ], [ 20.339267817727301, -32.835876736405503 ], [ 20.339267317530201, -32.835879046698601 ] ], [ [ 20.339267317521202, -32.835879046707603 ], [ 20.339267783457199, -32.835881362101098 ], [ 20.3392691593276, -32.835883403324203 ], [ 20.339271279182501, -32.835884924175197 ], [ 20.339273887336098, -32.835885741216899 ], [ 20.339276669206701, -32.8358857559017 ], [ 20.3392792892597, -32.835884966458501 ], [ 20.339281431478, -32.8358834681055 ], [ 20.339282837478699, -32.835881441566301 ], [ 20.339283337677401, -32.835879131271099 ] ], [ [ 20.339289329497898, -32.8355225126896 ], [ 20.339288863565098, -32.835520197294002 ], [ 20.339287487701601, -32.835518156069099 ], [ 20.339285367856998, -32.835516635216401 ], [ 20.339282759716099, -32.8355158181731 ], [ 20.339279977859, -32.835515803486501 ], [ 20.339277357819, -32.835516592927902 ], [ 20.339275215611501, -32.835518091278999 ], [ 20.339273809618501, -32.835520117816401 ], [ 20.339273309423699, -32.835522428109599 ] ], [ [ 20.3392733094147, -32.835522428118601 ], [ 20.339273775349099, -32.835524743512202 ], [ 20.339275151214402, -32.835526784735301 ], [ 20.339277271061, -32.835528305586202 ], [ 20.339279879204302, -32.835529122627598 ], [ 20.339282661063798, -32.8355291373122 ], [ 20.3392852811061, -32.835528347868603 ], [ 20.339287423315699, -32.835526849515396 ], [ 20.339288829310501, -32.835524822975898 ], [ 20.339289329506901, -32.835522512680498 ] ], [ [ 20.3393380999503, -32.835523671639798 ], [ 20.3393376340162, -32.835521356244399 ], [ 20.339336258151601, -32.835519315020001 ], [ 20.339334138306199, -32.835517794168098 ], [ 20.339331530164699, -32.835516977125799 ], [ 20.339328748307601, -32.835516962440302 ], [ 20.339326128267899, -32.835517751882797 ], [ 20.339323986061199, -32.835519250234697 ], [ 20.3393225800693, -32.835521276772603 ], [ 20.3393220798757, -32.835523587066099 ] ], [ [ 20.339322079866701, -32.835523587075102 ], [ 20.3393225458024, -32.835525902468497 ], [ 20.3393239216688, -32.835527943691098 ], [ 20.339326041516301, -32.835529464541104 ], [ 20.3393286496601, -32.835530281581597 ], [ 20.3393314315196, -32.835530296265098 ], [ 20.3393340515616, -32.8355295068205 ], [ 20.3393361937704, -32.835528008466397 ], [ 20.3393375997641, -32.835525981926303 ], [ 20.339338099959299, -32.835523671630803 ] ], [ [ 20.3393313381033, -32.835879780889599 ], [ 20.3393308721677, -32.835877465494399 ], [ 20.3393294962979, -32.835875424269901 ], [ 20.339327376444199, -32.835873903417898 ], [ 20.3393247682924, -32.835873086375301 ], [ 20.339321986424199, -32.835873071689498 ], [ 20.339319366373999, -32.835873861131702 ], [ 20.339317224158499, -32.835875359483303 ], [ 20.339315818160699, -32.835877386020996 ], [ 20.3393153179648, -32.835879696314301 ] ], [ [ 20.339315317955801, -32.835879696323303 ], [ 20.339315783892999, -32.835882011716599 ], [ 20.339317159764601, -32.8358840529392 ], [ 20.339319279620302, -32.835885573789398 ], [ 20.3393218877744, -32.835886390829998 ], [ 20.339324669644999, -32.835886405513797 ], [ 20.3393272896976, -32.835885616069604 ], [ 20.3393294319152, -32.8358841177158 ], [ 20.339330837914801, -32.835882091176003 ], [ 20.339331338112299, -32.835879780880603 ] ] ] } },
{ "type": "Feature", "properties": { "name": "Block Reference [80D6]:1" }, "geometry": { "type": "MultiLineString", "coordinates": [ [ [ 20.3390072824293, -32.835875173890599 ], [ 20.3392753275958, -32.835879088993103 ] ], [ [ 20.339275327594802, -32.835879088994098 ], [ 20.339279129894901, -32.835652787453398 ] ], [ [ 20.339281132322899, -32.835533608118503 ], [ 20.339281319457299, -32.835522470403298 ] ], [ [ 20.339281319456301, -32.8355224704043 ], [ 20.339294508334, -32.835522783818199 ] ], [ [ 20.339318698598099, -32.835523358662797 ], [ 20.339330089909499, -32.8355236293567 ] ], [ [ 20.339330089908501, -32.835523629357702 ], [ 20.339329907254601, -32.835533248797503 ] ], [ [ 20.339327612156101, -32.835654118807298 ], [ 20.339323328030499, -32.835879738605698 ] ], [ [ 20.339323328029501, -32.8358797386067 ], [ 20.339590578839399, -32.835883355100599 ] ] ] } },
{ "type": "Feature", "properties": { "name": "Block Reference [80D6]:2" }, "geometry": { "type": "MultiLineString", "coordinates": [ [ [ 20.338997626182099, -32.835875032839503 ], [ 20.339007282430298, -32.835875173889598 ] ], [ [ 20.3392791298939, -32.8356527874544 ], [ 20.339281132323901, -32.835533608117501 ] ], [ [ 20.339294508333001, -32.835522783819201 ], [ 20.339318698599101, -32.835523358661803 ] ], [ [ 20.3393299072536, -32.835533248798498 ], [ 20.339327612157099, -32.835654118806303 ] ], [ [ 20.339590578838401, -32.835883355101601 ], [ 20.3396009803601, -32.835883495844598 ] ], [ [ 20.3390072824293, -32.835875173890599 ], [ 20.33905384482, -32.835872412258603 ], [ 20.339099127861498, -32.835862853375403 ], [ 20.339141750194599, -32.8358467888348 ], [ 20.339180411626401, -32.8358247086855 ], [ 20.339213932793601, -32.835797286481998 ], [ 20.339241291139398, -32.835765358737497 ], [ 20.339261652106199, -32.835729899405599 ], [ 20.339274394593399, -32.8356919901696 ], [ 20.339279129902899, -32.835652787445397 ] ], [ [ 20.339294508333001, -32.835522783819201 ], [ 20.339292224332301, -32.835522899458901 ], [ 20.339289999643601, -32.835523351086799 ], [ 20.339287903066399, -32.835524124735798 ], [ 20.339285999438399, -32.835525196480603 ], [ 20.339284347630201, -32.835526533176903 ], [ 20.339282998724599, -32.8355280934869 ], [ 20.3392819944373, -32.835529829157103 ], [ 20.339281365826398, -32.835531686511104 ], [ 20.339281132331902, -32.8355336081095 ] ], [ [ 20.3393299072536, -32.835533248798498 ], [ 20.339329766583202, -32.835531568615004 ], [ 20.3393292850607, -32.835529934031001 ], [ 20.3393284770927, -32.8355283939513 ], [ 20.3393273668527, -32.835526994453403 ], [ 20.339325987557899, -32.835525777408897 ], [ 20.3393243804754, -32.835524779230198 ], [ 20.339322593687498, -32.835524029781801 ], [ 20.339320680652701, -32.835523551486297 ], [ 20.339318698607102, -32.835523358653802 ] ], [ [ 20.339327612156101, -32.835654118807298 ], [ 20.339330928360202, -32.835693352220602 ], [ 20.3393422640723, -32.835731503439099 ], [ 20.339361274871901, -32.835767413255397 ], [ 20.339387383132799, -32.835799990564503 ], [ 20.339419795572802, -32.835828245517398 ], [ 20.3394575273567, -32.835851319597197 ], [ 20.3394994320204, -32.835868511705399 ], [ 20.3395442363055, -32.835879299464899 ], [ 20.3395905788474, -32.835883355092598 ] ] ] } },
{ "type": "Feature", "properties": { "name": "Block Reference [80B5]:0" }, "geometry": { "type": "MultiLineString", "coordinates": [ [ [ 20.337463059986, -32.837652671972201 ], [ 20.337462594090599, -32.837650356571203 ], [ 20.337461218237301, -32.837648315327002 ], [ 20.337459098374499, -32.8376467944436 ], [ 20.337456490188998, -32.837645977361902 ], [ 20.337453708266501, -32.8376459626339 ], [ 20.3374510881481, -32.837646752035802 ], [ 20.3374489458587, -32.8376482503541 ], [ 20.337447539790102, -32.837650276869297 ], [ 20.337447039535199, -32.837652587153698 ] ], [ [ 20.3374470395262, -32.837652587162701 ], [ 20.337447505423199, -32.837654902561802 ], [ 20.337448881278299, -32.837656943804198 ], [ 20.337451001143201, -32.837658464685802 ], [ 20.337453609331099, -32.837659281765603 ], [ 20.337456391255898, -32.837659296491601 ], [ 20.337459011376701, -32.837658507087497 ], [ 20.337461153668201, -32.837657008767103 ], [ 20.337462559738501, -32.837654982249703 ], [ 20.337463059994999, -32.837652671963198 ] ] ] } },
{ "type": "Feature", "properties": { "name": "Block Reference [80B5]:1" }, "geometry": { "type": "MultiLineString", "coordinates": [ [ [ 20.337615731249201, -32.8380166502102 ], [ 20.3374550497571, -32.837652629566698 ] ], [ [ 20.337455049756102, -32.8376526295677 ], [ 20.3370172732557, -32.837772322630201 ] ] ] } },
{ "type": "Feature", "properties": { "name": "Block Reference [80B5]:2" }, "geometry": { "type": "MultiLineString", "coordinates": [ [ [ 20.337670613485301, -32.838140984078798 ], [ 20.3376157312502, -32.838016650209198 ] ], [ [ 20.337017273254698, -32.837772322631203 ], [ 20.336918854042501, -32.8377992313034 ] ], [ [ 20.337615731249201, -32.8380166502102 ], [ 20.337580918038501, -32.8379544733694 ], [ 20.337534166171299, -32.837898153176901 ], [ 20.337476818808, -32.837849307661003 ], [ 20.337410523499798, -32.837809340106901 ], [ 20.337337184855802, -32.837779398742299 ], [ 20.337258909825898, -32.837760343751697 ], [ 20.3371779471717, -32.837752722564602 ], [ 20.337096622864198, -32.837756754129103 ], [ 20.337017273263701, -32.8377723226222 ] ] ] } },
{ "type": "Feature", "properties": { "name": "Block Reference [80B4]:0" }, "geometry": { "type": "MultiLineString", "coordinates": [ [ [ 20.3375638422648, -32.837702492882499 ], [ 20.3375633763665, -32.8377001774818 ], [ 20.337562000510101, -32.8376981362387 ], [ 20.337559880644299, -32.837696615356997 ], [ 20.337557272456401, -32.837695798277402 ], [ 20.337554490532401, -32.837695783551602 ], [ 20.3375518704133, -32.837696572955601 ], [ 20.337549728124401, -32.837698071275597 ], [ 20.337548322057302, -32.837700097791902 ], [ 20.337547821804701, -32.837702408076801 ] ], [ [ 20.337547821795699, -32.837702408085804 ], [ 20.337548287695501, -32.837704723484499 ], [ 20.337549663553698, -32.837706764725802 ], [ 20.3375517834215, -32.8377082856057 ], [ 20.3375543916118, -32.837709102683398 ], [ 20.337557173538201, -32.837709117407201 ], [ 20.337559793659601, -32.837708328001099 ], [ 20.3375619359506, -32.837706829678901 ], [ 20.3375633420195, -32.837704803160399 ], [ 20.337563842273799, -32.837702492873497 ] ] ] } },
{ "type": "Feature", "properties": { "name": "Block Reference [80B4]:1" }, "geometry": { "type": "MultiLineString", "coordinates": [ [ [ 20.337896868518701, -32.837518635713302 ], [ 20.3375558320312, -32.837702450483398 ] ], [ [ 20.337555832030201, -32.8377024504844 ], [ 20.337712247992801, -32.838017476122801 ] ] ] } },
{ "type": "Feature", "properties": { "name": "Block Reference [80B4]:2" }, "geometry": { "type": "MultiLineString", "coordinates": [ [ [ 20.338021622467501, -32.837451394334202 ], [ 20.337896868519699, -32.8375186357123 ] ], [ [ 20.337712247991799, -32.838017476123802 ], [ 20.337780229201002, -32.8381543912231 ] ], [ [ 20.337896868518701, -32.837518635713302 ], [ 20.337837250018001, -32.837556577868902 ], [ 20.3377853114626, -32.837601857076301 ], [ 20.337742306208401, -32.837653380690398 ], [ 20.3377092720444, -32.837709905378702 ], [ 20.337687006149, -32.837770067123898 ], [ 20.337676045851701, -32.837832414138902 ], [ 20.337676655663799, -32.837895441899803 ], [ 20.337688820894201, -32.837957629452397 ], [ 20.337712248000798, -32.8380174761148 ] ] ] } },
{ "type": "Feature", "properties": { "name": "Block Reference [80B3]:0" }, "geometry": { "type": "MultiLineString", "coordinates": [ [ [ 20.335000133852301, -32.837826879817399 ], [ 20.334999668020199, -32.837824564408002 ], [ 20.334998292221101, -32.837822523137497 ], [ 20.334996172396899, -32.837821002212898 ], [ 20.334993564229801, -32.837820185080197 ], [ 20.334990782303301, -32.837820170297299 ], [ 20.334988162158901, -32.837820959647303 ], [ 20.334986019824601, -32.837822457922798 ], [ 20.334984613697799, -32.837824484409502 ], [ 20.334984113378201, -32.837826794683203 ] ], [ [ 20.334984113369199, -32.837826794692198 ], [ 20.334984579202899, -32.837829110099598 ], [ 20.334985955003798, -32.837831151368398 ], [ 20.334988074830001, -32.8378326722911 ], [ 20.3349906829994, -32.837833489422003 ], [ 20.334993464928299, -32.837833504202798 ], [ 20.334996085075101, -32.837832714850698 ], [ 20.3349982274115, -32.837831216573001 ], [ 20.3349996335401, -32.8378291900842 ], [ 20.3350001338613, -32.837826879808397 ] ] ] } },
{ "type": "Feature", "properties": { "name": "Block Reference [80B3]:1" }, "geometry": { "type": "MultiLineString", "coordinates": [ [ [ 20.3352548288787, -32.837919539341698 ], [ 20.334992123611698, -32.837826837254099 ] ], [ [ 20.3349921236107, -32.837826837255101 ], [ 20.335081780826702, -32.838054981982502 ] ] ] } },
{ "type": "Feature", "properties": { "name": "Block Reference [80B3]:2" }, "geometry": { "type": "MultiLineString", "coordinates": [ [ [ 20.335409769684698, -32.837974213710503 ], [ 20.335254828879702, -32.837919539340703 ] ], [ [ 20.3350817808257, -32.838054981983497 ], [ 20.335129013798301, -32.838175172084902 ] ], [ [ 20.3352548288787, -32.837919539341698 ], [ 20.335223153041699, -32.837912171273601 ], [ 20.335190300362999, -32.837911762241397 ], [ 20.335158380920898, -32.837918338516602 ], [ 20.335129444854399, -32.837931477714498 ], [ 20.335105350686199, -32.837950335923701 ], [ 20.3350876459536, -32.837973701908098 ], [ 20.3350774678125, -32.8380000749031 ], [ 20.3350754699979, -32.838027761006202 ], [ 20.335081780834699, -32.838054981974501 ] ] ] } },
{ "type": "Feature", "properties": { "name": "Block Reference [80B2]:0" }, "geometry": { "type": "MultiLineString", "coordinates": [ [ [ 20.348201677524798, -32.837225711688198 ], [ 20.348201211351899, -32.837223396323502 ], [ 20.348199835257098, -32.837221355194202 ], [ 20.348197715217999, -32.837219834490398 ], [ 20.348195106942601, -32.837219017631398 ], [ 20.348192325027401, -32.837219003142202 ], [ 20.3481897050127, -32.837219792770398 ], [ 20.348187562910802, -32.837221291275 ], [ 20.348186157091, -32.837223317914201 ], [ 20.348185657116002, -32.8372256282452 ] ], [ [ 20.348185657106999, -32.837225628254203 ], [ 20.348186123281501, -32.837227943617002 ], [ 20.348187499378099, -32.837229984744503 ], [ 20.348189619419301, -32.837231505446397 ], [ 20.348192227697002, -32.837232322303599 ], [ 20.348195009614599, -32.837232336790699 ], [ 20.348197629631699, -32.8372315471604 ], [ 20.348199771735601, -32.837230048653701 ], [ 20.3482011775572, -32.837228022012397 ], [ 20.348201677533801, -32.837225711679203 ] ] ] } },
{ "type": "Feature", "properties": { "name": "Block Reference [80B2]:1" }, "geometry": { "type": "MultiLineString", "coordinates": [ [ [ 20.348294504168599, -32.8375805604513 ], [ 20.348193667316899, -32.837225669970501 ] ], [ [ 20.348193667315901, -32.837225669971502 ], [ 20.3477649910898, -32.837272861137698 ] ] ] } },
{ "type": "Feature", "properties": { "name": "Block Reference [80B2]:2" }, "geometry": { "type": "MultiLineString", "coordinates": [ [ [ 20.3483504787994, -32.837777559264403 ], [ 20.348294504169601, -32.837580560450299 ] ], [ [ 20.347764991088798, -32.8372728611387 ], [ 20.3476381679084, -32.837286822277903 ] ], [ [ 20.348294504168599, -32.8375805604513 ], [ 20.3482701570037, -32.837517868167801 ], [ 20.348234096554201, -32.837459335759398 ], [ 20.348187276267598, -32.837406510802197 ], [ 20.348130934071499, -32.837360789966603 ], [ 20.348066559641801, -32.8373233820911 ], [ 20.347995855016499, -32.837295276221703 ], [ 20.347920689594599, -32.837277215462699 ], [ 20.347843050711699, -32.837269677330802 ], [ 20.347764991097801, -32.837272861129698 ] ] ] } },
{ "type": "Feature", "properties": { "name": "Block Reference [80B1]:0" }, "geometry": { "type": "MultiLineString", "coordinates": [ [ [ 20.348289144381599, -32.837183440399897 ], [ 20.3482886782067, -32.8371811250354 ], [ 20.348287302110499, -32.837179083907003 ], [ 20.3482851820708, -32.837177563204698 ], [ 20.3482825737958, -32.837176746347502 ], [ 20.3482797918819, -32.837176731860303 ], [ 20.348277171869199, -32.837177521490403 ], [ 20.348275029769699, -32.837179019996498 ], [ 20.348273623952601, -32.837181046636701 ], [ 20.348273123980199, -32.837183356968097 ] ], [ [ 20.3482731239712, -32.8371833569771 ], [ 20.348273590147699, -32.837185672339601 ], [ 20.3482749662457, -32.8371877134662 ], [ 20.3482770862874, -32.837189234166701 ], [ 20.348279694564798, -32.837190051021999 ], [ 20.348282476481, -32.837190065507201 ], [ 20.348285096496099, -32.837189275874998 ], [ 20.348287238597599, -32.837187777366701 ], [ 20.348288644416598, -32.837185750724402 ], [ 20.348289144390598, -32.837183440390902 ] ] ] } },
{ "type": "Feature", "properties": { "name": "Block Reference [80B1]:1" }, "geometry": { "type": "MultiLineString", "coordinates": [ [ [ 20.3487379689705, -32.837083667983798 ], [ 20.348281134177402, -32.837183398687699 ] ], [ [ 20.3482811341764, -32.837183398688801 ], [ 20.348390846756701, -32.837570833556299 ] ] ] } },
{ "type": "Feature", "properties": { "name": "Block Reference [80B1]:2" }, "geometry": { "type": "MultiLineString", "coordinates": [ [ [ 20.3489020304546, -32.8370478515806 ], [ 20.348737968971498, -32.837083667982803 ] ], [ [ 20.348390846755699, -32.837570833557301 ], [ 20.348433365321799, -32.837720981107203 ] ], [ [ 20.3487379689705, -32.837083667983798 ], [ 20.348659890149701, -32.837106932468899 ], [ 20.348587699780801, -32.837141165052003 ], [ 20.3485235403767, -32.837185349759203 ], [ 20.348469316110801, -32.837238175250498 ], [ 20.348426636303799, -32.837298073737102 ], [ 20.3483967676605, -32.837363267510298 ], [ 20.348380596673501, -32.837431821700299 ], [ 20.348378603310302, -32.837501701699701 ], [ 20.348390846764701, -32.837570833548298 ] ] ] } },
{ "type": "Feature", "properties": { "name": "Block Reference [80B0]:0" }, "geometry": { "type": "MultiLineString", "coordinates": [ [ [ 20.3497094525714, -32.8368380896056 ], [ 20.3497089863612, -32.836835774245898 ], [ 20.349707610237498, -32.8368337331327 ], [ 20.349705490181201, -32.836832212454198 ], [ 20.349702881902701, -32.836831395626497 ], [ 20.349700099998799, -32.836831381171002 ], [ 20.349697480008299, -32.836832170831102 ], [ 20.349695337940702, -32.836833669362001 ], [ 20.349693932161198, -32.836835696018802 ], [ 20.3496934322275, -32.836838006356501 ] ], [ [ 20.349693432218501, -32.836838006365497 ], [ 20.349693898430399, -32.836840321723301 ], [ 20.349695274555899, -32.836842362834702 ], [ 20.3496973946142, -32.8368438835113 ], [ 20.349700002894998, -32.836844700337103 ], [ 20.349702784801298, -32.836844714790601 ], [ 20.3497054047942, -32.836843925128399 ], [ 20.349707546863801, -32.836842426595297 ], [ 20.349708952645202, -32.836840399936399 ], [ 20.349709452580399, -32.836838089596597 ] ] ] } },
{ "type": "Feature", "properties": { "name": "Block Reference [80B0]:1" }, "geometry": { "type": "MultiLineString", "coordinates": [ [ [ 20.350021607962901, -32.836511004637103 ], [ 20.349701442396, -32.836838047984799 ] ], [ [ 20.349701442394998, -32.8368380479858 ], [ 20.350170847756001, -32.836686469530498 ] ] ] } },
{ "type": "Feature", "properties": { "name": "Block Reference [80B0]:2" }, "geometry": { "type": "MultiLineString", "coordinates": [ [ [ 20.350141863696901, -32.836388164730401 ], [ 20.3500216079639, -32.836511004636101 ] ], [ [ 20.350170847754999, -32.8366864695315 ], [ 20.3502330534434, -32.836666382152998 ] ], [ [ 20.350021607962901, -32.836511004637103 ], [ 20.350001670235699, -32.836538785167498 ], [ 20.3499920443072, -32.8365702340041 ], [ 20.349993544378101, -32.8366026911104 ], [ 20.3500060435797, -32.836633411164897 ], [ 20.350028484700701, -32.836659795768398 ], [ 20.3500589696066, -32.836679613225897 ], [ 20.3500949197879, -32.836691187311203 ], [ 20.350133294459901, -32.836693539049399 ], [ 20.350170847764002, -32.836686469522498 ] ] ] } },
{ "type": "Feature", "properties": { "name": "Block Reference [80AF]:2" }, "geometry": { "type": "MultiLineString", "coordinates": [ [ [ 20.357591885742099, -32.834725436112102 ], [ 20.355201613553898, -32.835045111459003 ] ], [ [ 20.355194240156202, -32.835046125420703 ], [ 20.353628683355101, -32.835267339927299 ] ], [ [ 20.353104956881001, -32.835385792547299 ], [ 20.3523225555696, -32.8356326706486 ] ], [ [ 20.351465357723701, -32.836050837499897 ], [ 20.351284595966, -32.836176852290301 ] ], [ [ 20.349958840485801, -32.8367672743857 ], [ 20.348825057071, -32.837043119666603 ] ], [ [ 20.3487081699814, -32.837069152968901 ], [ 20.348080142984699, -32.8371962619252 ] ], [ [ 20.347383647318601, -32.837284182234797 ], [ 20.3437196807403, -32.837474770192699 ] ], [ [ 20.342756063942701, -32.836703466287197 ], [ 20.3427569019529, -32.836618074683599 ] ], [ [ 20.342402139664301, -32.835899612000901 ], [ 20.341955885293402, -32.835532391744401 ] ], [ [ 20.3416599203196, -32.835113201223699 ], [ 20.341484667387402, -32.834592488833003 ] ], [ [ 20.340662391487399, -32.833863237456498 ], [ 20.340396365428902, -32.833787291023398 ] ], [ [ 20.339247317678002, -32.8341632751996 ], [ 20.338123265081201, -32.835879049143401 ] ], [ [ 20.336591269323801, -32.836711543876397 ], [ 20.3359408912813, -32.836754593645097 ] ], [ [ 20.335007396239799, -32.8379289863568 ], [ 20.335126381727701, -32.838242023662097 ] ], [ [ 20.335924947055499, -32.839268916320997 ], [ 20.336403992699498, -32.839623211876898 ] ], [ [ 20.3360956606342, -32.840997261708402 ], [ 20.3357787983925, -32.8410933941419 ] ], [ [ 20.334745897877301, -32.841724185312898 ], [ 20.3342998850868, -32.842206063323999 ] ], [ [ 20.333499560980901, -32.842719946346797 ], [ 20.333385461259802, -32.842759876649602 ] ], [ [ 20.332681034140599, -32.8428864557102 ], [ 20.331515837838499, -32.842912490161403 ] ], [ [ 20.331148260852999, -32.842884810648698 ], [ 20.3302412107093, -32.842726087062303 ] ], [ [ 20.329757632481201, -32.842587487909398 ], [ 20.3293945310675, -32.842439340463599 ] ], [ [ 20.328937863116799, -32.842306877665798 ], [ 20.326232215397201, -32.841815913662998 ] ], [ [ 20.325534219801899, -32.840601695921897 ], [ 20.325751186431901, -32.840227745804903 ] ], [ [ 20.325648632131699, -32.838967440845899 ], [ 20.324308167062998, -32.837286853666001 ] ], [ [ 20.323232522821598, -32.837084206837098 ], [ 20.323207902253699, -32.837096639405502 ] ], [ [ 20.3230047514378, -32.838191896460302 ], [ 20.323082615857299, -32.838266678640203 ] ], [ [ 20.3239369678838, -32.838349401152101 ], [ 20.323980006381301, -32.838323390289801 ] ], [ [ 20.3552016135529, -32.835045111459998 ], [ 20.355200793772699, -32.835045221433099 ], [ 20.355199974119301, -32.835045332078501 ], [ 20.355199154593699, -32.835045443395998 ], [ 20.355198335196601, -32.835045555385697 ], [ 20.355197515928701, -32.8350456680473 ], [ 20.355196696790799, -32.835045781380899 ], [ 20.3551958777838, -32.835045895386202 ], [ 20.355195058908301, -32.835046010063103 ], [ 20.355194240165201, -32.835046125411701 ] ], [ [ 20.353628683354099, -32.835267339928301 ], [ 20.353569285302001, -32.835276282998599 ], [ 20.353510126544901, -32.8352862929463 ], [ 20.353451233965501, -32.8352973652228 ], [ 20.353392634325601, -32.835309494796498 ], [ 20.353334354253899, -32.835322676155599 ], [ 20.353276420234, -32.835336903310299 ], [ 20.353218858592101, -32.835352169795399 ], [ 20.353161695485401, -32.835368468673501 ], [ 20.35310495689, -32.835385792538297 ] ], [ [ 20.352322555568598, -32.835632670649602 ], [ 20.352219777488401, -32.835666940758998 ], [ 20.3521185692457, -32.835704393087099 ], [ 20.3520190690258, -32.835744976498503 ], [ 20.351921412682699, -32.835788635582801 ], [ 20.3518257335535, -32.835835310730303 ], [ 20.3517321622761, -32.835884938213297 ], [ 20.351640826611099, -32.835937450272702 ], [ 20.3515518512677, -32.835992775211302 ], [ 20.3514653577327, -32.836050837490902 ] ], [ [ 20.349958840485801, -32.8367672743857 ], [ 20.350118885608499, -32.8367249821314 ], [ 20.350276485380999, -32.836676585737202 ], [ 20.3504313133236, -32.836622185460698 ], [ 20.350583048700301, -32.836561893996901 ], [ 20.3507313771836, -32.836495836244403 ], [ 20.3508759915055, -32.836424149047403 ], [ 20.351016592094201, -32.836346980911401 ], [ 20.3511528876952, -32.836264491695701 ], [ 20.351284595974001, -32.8361768522823 ] ], [ [ 20.3487081699814, -32.837069152968901 ], [ 20.3487212248573, -32.837066481366897 ], [ 20.348734263646701, -32.837063754351803 ], [ 20.348747286019499, -32.837060971992898 ], [ 20.348760291645998, -32.837058134360497 ], [ 20.348773280197101, -32.8370552415264 ], [ 20.348786251344102, -32.837052293563801 ], [ 20.348799204758599, -32.837049290547398 ], [ 20.348812140112699, -32.837046232553199 ], [ 20.348825057079001, -32.837043119658603 ] ], [ [ 20.347383647318601, -32.837284182234797 ], [ 20.347461794850801, -32.837279476473803 ], [ 20.3475398202165, -32.837273498070203 ], [ 20.347617694337199, -32.837266249252004 ], [ 20.347695388190999, -32.837257732720701 ], [ 20.347772872823001, -32.837247951650099 ], [ 20.347850119356401, -32.837236909685402 ], [ 20.347927099003101, -32.837224610941597 ], [ 20.348003783074699, -32.837211060002197 ], [ 20.3480801429927, -32.8371962619172 ] ], [ [ 20.342756063942701, -32.836703466287197 ], [ 20.342769741465201, -32.836842501267597 ], [ 20.342813047729599, -32.836977139428399 ], [ 20.342884547815501, -32.837102919231903 ], [ 20.342981872510599, -32.837215672664001 ], [ 20.343101796807201, -32.837311663355102 ], [ 20.343240346764102, -32.8373877104003 ], [ 20.343392931191499, -32.837441293772002 ], [ 20.343554493796901, -32.837470637833697 ], [ 20.343719680748301, -32.837474770184699 ] ], [ [ 20.342756901951901, -32.836618074684601 ], [ 20.342753059393399, -32.836529287016504 ], [ 20.342739820544502, -32.836441145882297 ], [ 20.3427172916671, -32.836354358563199 ], [ 20.342685653568601, -32.836269621474798 ], [ 20.342645160150401, -32.836187614578897 ], [ 20.342596136369799, -32.836108995927397 ], [ 20.3425389756319, -32.836034396381997 ], [ 20.342474136631601, -32.835964414552102 ], [ 20.3424021396733, -32.835899611991898 ] ], [ [ 20.3416599203196, -32.835113201223699 ], [ 20.3416794749152, -32.8351654915894 ], [ 20.3417025826494, -32.835216738480099 ], [ 20.341729166009699, -32.835266769979697 ], [ 20.341759135823501, -32.835315418249202 ], [ 20.341792391557401, -32.835362520089497 ], [ 20.341828821654101, -32.835407917489 ], [ 20.341868303907201, -32.835451458153898 ], [ 20.341910705870099, -32.835492996018601 ], [ 20.341955885301399, -32.8355323917364 ] ], [ [ 20.3414846673864, -32.834592488833998 ], [ 20.341439946829801, -32.834482483779603 ], [ 20.341381498886101, -32.834377166624698 ], [ 20.3413099989118, -32.834277754206497 ], [ 20.341226273059, -32.834185395134597 ], [ 20.3411312887287, -32.834101156521001 ], [ 20.341026143392199, -32.834026011651297 ], [ 20.340912051910902, -32.833960828740302 ], [ 20.340790332499498, -32.8339063609018 ], [ 20.340662391496402, -32.833863237447503 ] ], [ [ 20.3403963654279, -32.8337872910244 ], [ 20.3402524509935, -32.8337564265045 ], [ 20.340104623114101, -32.833744642986701 ], [ 20.3399564093951, -32.833752221658997 ], [ 20.3398113466484, -32.833778981670797 ], [ 20.339672896499799, -32.833824284448603 ], [ 20.339544362790999, -32.833887048932802 ], [ 20.339428812744899, -32.833965777373102 ], [ 20.339329003775202, -32.834058591067503 ], [ 20.339247317687001, -32.834163275190598 ] ], [ [ 20.336591269323801, -32.836711543876397 ], [ 20.336800198833998, -32.836687927562899 ], [ 20.337004809557701, -32.836645142156598 ], [ 20.337202641431599, -32.8365837020716 ], [ 20.337391315908299, -32.836504346009697 ], [ 20.337568564556801, -32.836408028076697 ], [ 20.337732256339599, -32.836295906310298 ], [ 20.337880423235202, -32.836169328754401 ], [ 20.3380112839011, -32.836029817249901 ], [ 20.338123265089202, -32.8358790491354 ] ], [ [ 20.335940891280298, -32.836754593646098 ], [ 20.335730667878401, -32.836786597508699 ], [ 20.335532193038102, -32.836853278802003 ], [ 20.335353406011301, -32.836951970194903 ], [ 20.335201458575298, -32.837078723905499 ], [ 20.335082428962199, -32.837228469606401 ], [ 20.3350010787168, -32.837395217232199 ], [ 20.3349606622096, -32.837572296579999 ], [ 20.334962796426598, -32.837752624120498 ], [ 20.335007396248798, -32.837928986347798 ] ], [ [ 20.335126381726699, -32.838242023663099 ], [ 20.335181038970099, -32.838372236669102 ], [ 20.335244861133599, -32.838499443477801 ], [ 20.335317617846101, -32.838623184848899 ], [ 20.335399046477999, -32.838743014051197 ], [ 20.335488853088901, -32.838858498475297 ], [ 20.335586713488301, -32.838969221195597 ], [ 20.335692274405702, -32.839074782476096 ], [ 20.335805154766, -32.839174801213197 ], [ 20.335924947064498, -32.839268916312001 ] ], [ [ 20.3360956606342, -32.840997261708402 ], [ 20.336293973738901, -32.840914231591697 ], [ 20.336464529360601, -32.840795107639501 ], [ 20.336598283054801, -32.840646206994002 ], [ 20.336688142086999, -32.840475425822603 ], [ 20.336729341535399, -32.840291820566399 ], [ 20.336719696926799, -32.840105127666 ], [ 20.336659720016399, -32.839925247237801 ], [ 20.336552591584699, -32.839761718083103 ], [ 20.336403992707499, -32.839623211868897 ] ], [ [ 20.335778798391502, -32.841093394142902 ], [ 20.335645326941101, -32.841137910136801 ], [ 20.335515409875001, -32.841189377016804 ], [ 20.3353895545592, -32.841247593790897 ], [ 20.335268252500299, -32.8413123331066 ], [ 20.3351519774263, -32.841383342138599 ], [ 20.335041183436399, -32.841460343576102 ], [ 20.334936303227899, -32.841543036705403 ], [ 20.3348377464064, -32.8416310985846 ], [ 20.3347458978863, -32.841724185303903 ] ], [ [ 20.333499560980901, -32.842719946346797 ], [ 20.3336026236714, -32.8426809283255 ], [ 20.333702876868099, -32.842637002817497 ], [ 20.333799992980701, -32.842588313356799 ], [ 20.333893654671499, -32.8425350190439 ], [ 20.3339835558921, -32.842477294026203 ], [ 20.334069402883902, -32.842415326928901 ], [ 20.334150915137499, -32.842349320238299 ], [ 20.334227826310102, -32.842279489640497 ], [ 20.3342998850949, -32.842206063315999 ] ], [ [ 20.332681034140599, -32.8428864557102 ], [ 20.332761413380801, -32.842883275805299 ], [ 20.332841572599399, -32.842877335945403 ], [ 20.332921378861101, -32.842868645981099 ], [ 20.3330006998162, -32.842857220323701 ], [ 20.333079403920099, -32.842843077921103 ], [ 20.333157360650901, -32.842826242226899 ], [ 20.333234440726802, -32.842806741160999 ], [ 20.333310516319699, -32.842784607063699 ], [ 20.333385461267799, -32.842759876641601 ] ], [ [ 20.331148260852999, -32.842884810648698 ], [ 20.331188603223499, -32.842891415604797 ], [ 20.331229132999201, -32.842897144960801 ], [ 20.331269823515601, -32.842901994947503 ], [ 20.331310648002301, -32.842905962373898 ], [ 20.3313515796006, -32.842909044629899 ], [ 20.3313925913817, -32.842911239687602 ], [ 20.331433656363799, -32.842912546102902 ], [ 20.331474747529999, -32.842912963016197 ], [ 20.331515837846499, -32.842912490153402 ] ], [ [ 20.329757632481201, -32.842587487909398 ], [ 20.3298091820078, -32.842607791962102 ], [ 20.329861369175699, -32.842626900043797 ], [ 20.3299141550558, -32.842644797900803 ], [ 20.329967500272598, -32.842661472181803 ], [ 20.330021365033002, -32.842676910448802 ], [ 20.3300757091565, -32.842691101185302 ], [ 20.330130492104999, -32.842704033805497 ], [ 20.330185673012799, -32.842715698662403 ], [ 20.330241210717301, -32.842726087054302 ] ], [ [ 20.329394531066502, -32.842439340464601 ], [ 20.329345805629099, -32.842420128180301 ], [ 20.329296494266899, -32.842402012517397 ], [ 20.329246631606502, -32.842385006196501 ], [ 20.3291962526615, -32.842369121159599 ], [ 20.3291453928083, -32.842354368560997 ], [ 20.329094087760598, -32.842340758759903 ], [ 20.329042373544901, -32.842328301313003 ], [ 20.328990286474799, -32.842317004967903 ], [ 20.328937863125802, -32.842306877656803 ] ], [ [ 20.325534219801899, -32.840601695921897 ], [ 20.325463301003602, -32.840763368973903 ], [ 20.325432168907501, -32.840933755821901 ], [ 20.3254420848751, -32.841105954245499 ], [ 20.325492647450901, -32.841272988600203 ], [ 20.325581808587199, -32.841428092396697 ], [ 20.325705956576201, -32.8415649824138 ], [ 20.325860062333899, -32.841678113238999 ], [ 20.3260378831148, -32.841762901924596 ], [ 20.326232215405199, -32.841815913654997 ] ], [ [ 20.3257511864309, -32.840227745805898 ], [ 20.325818513302899, -32.840092267846302 ], [ 20.325866737452898, -32.839951103665499 ], [ 20.325895205725899, -32.839806165479203 ], [ 20.325903532588001, -32.839659416616598 ], [ 20.325891605343401, -32.839512844924798 ], [ 20.325859585655799, -32.8393684358416 ], [ 20.325807907353202, -32.839228145500599 ], [ 20.325737270546501, -32.839093874234997 ], [ 20.325648632140702, -32.838967440836903 ] ], [ [ 20.324308167062, -32.837286853667003 ], [ 20.324223679893201, -32.837198091124399 ], [ 20.3241227491479, -32.837122554249703 ], [ 20.324008236536301, -32.837062384726501 ], [ 20.323883388831501, -32.837019288526399 ], [ 20.323751745816899, -32.836994487542903 ], [ 20.3236170399286, -32.836988684949297 ], [ 20.323483090437101, -32.837002045263503 ], [ 20.323353695167999, -32.837034189683699 ], [ 20.323232522830601, -32.837084206828102 ] ], [ [ 20.323207902252701, -32.837096639406496 ], [ 20.323074284776801, -32.837180002116099 ], [ 20.3229623034787, -32.837283619167401 ], [ 20.322876192521498, -32.8374035727335 ], [ 20.322819207934401, -32.8375353272775 ], [ 20.322793504488299, -32.837673901038698 ], [ 20.322800054204301, -32.837814054392297 ], [ 20.3228386095792, -32.837950487963298 ], [ 20.322907712921001, -32.838078043002902 ], [ 20.323004751446799, -32.8381918964512 ] ], [ [ 20.3230826158563, -32.838266678641197 ], [ 20.323157874235498, -32.838328036688203 ], [ 20.323243956424498, -32.838378238834899 ], [ 20.323338567867498, -32.838415946912697 ], [ 20.323439186645199, -32.838440155788298 ], [ 20.323543130700902, -32.838450220157398 ], [ 20.323647629335198, -32.8384458717467 ], [ 20.323749897064999, -32.838427226465498 ], [ 20.3238472078767, -32.8383947813156 ], [ 20.323936967892799, -32.838349401143098 ] ] ] } },
{ "type": "Feature", "properties": { "name": "Block Reference [80AE]:0" }, "geometry": { "type": "MultiLineString", "coordinates": [ [ [ 20.334662605754399, -32.837877178834901 ], [ 20.334662139930799, -32.837874863424403 ], [ 20.3346607641387, -32.837872822150203 ], [ 20.334658644319202, -32.837871301219998 ], [ 20.334656036153898, -32.837870484080199 ], [ 20.334653254226001, -32.837870469289903 ], [ 20.3346506340772, -32.837871258632802 ], [ 20.3346484917362, -32.837872756902399 ], [ 20.334647085600899, -32.837874783385203 ], [ 20.334646585272299, -32.837877093657397 ] ], [ [ 20.3346465852633, -32.8378770936664 ], [ 20.334647051088499, -32.837879409074901 ], [ 20.3346484268823, -32.837881450347197 ], [ 20.334650546703902, -32.837882971275597 ], [ 20.3346531548715, -32.8378837884135 ], [ 20.334655936801799, -32.837883803201898 ], [ 20.334658556952999, -32.837883013856903 ], [ 20.334660699296101, -32.837881515585103 ], [ 20.3346621054331, -32.837879489100096 ], [ 20.334662605763398, -32.837877178825899 ] ], [ [ 20.335956123405499, -32.838040983751803 ], [ 20.335955657547501, -32.838038668345703 ], [ 20.335954281723101, -32.838036627085401 ], [ 20.335952161877302, -32.838035106176797 ], [ 20.335949553694899, -32.838034289063799 ], [ 20.335946771761101, -32.838034274302203 ], [ 20.335944151618499, -32.838035063672201 ], [ 20.335942009294801, -32.838036561964103 ], [ 20.335940603186, -32.838038588461799 ], [ 20.335940102889801, -32.8380408987395 ] ], [ [ 20.335940102880802, -32.838040898748503 ], [ 20.335940568740501, -32.838043214152599 ], [ 20.335941944566599, -32.838045255411103 ], [ 20.335944064414502, -32.838046776317803 ], [ 20.335946672599199, -32.838047593428897 ], [ 20.335949454535299, -32.838047608188603 ], [ 20.3359520746803, -32.838046818816501 ], [ 20.335954217006101, -32.838045320522397 ], [ 20.3359556231167, -32.838043294022597 ], [ 20.335956123414501, -32.8380409837428 ] ], [ [ 20.3381647565427, -32.837437122006399 ], [ 20.3381642906301, -32.837434806607703 ], [ 20.338162914763799, -32.837432765370899 ], [ 20.338160794893799, -32.8374312444993 ], [ 20.338158186707901, -32.837430427432203 ], [ 20.338155404791799, -32.837430412719897 ], [ 20.3381527846857, -32.837431202136699 ], [ 20.338150642413101, -32.837432700467197 ], [ 20.338149236363801, -32.837434726990701 ], [ 20.3381487361283, -32.8374370372782 ] ], [ [ 20.338148736119301, -32.837437037287202 ], [ 20.338149202033598, -32.837439352684001 ], [ 20.338150577901601, -32.837441393918901 ], [ 20.338152697773701, -32.837442914788703 ], [ 20.338155305961902, -32.837443731853902 ], [ 20.338158087880501, -32.837443746564297 ], [ 20.338160707988902, -32.837442957145299 ], [ 20.3381628502636, -32.837441458812599 ], [ 20.338164256314599, -32.837439432286999 ], [ 20.338164756551699, -32.837437121997397 ] ], [ [ 20.339281529769998, -32.835903754979697 ], [ 20.3392810638355, -32.835901439584298 ], [ 20.339279687966499, -32.835899398359302 ], [ 20.339277568113101, -32.835897877506397 ], [ 20.339274959961202, -32.835897060462798 ], [ 20.339272178092202, -32.835897045775901 ], [ 20.3392695580409, -32.835897835216997 ], [ 20.339267415824001, -32.835899333567802 ], [ 20.339266009824701, -32.835901360104799 ], [ 20.3392655096273, -32.835903670397897 ] ], [ [ 20.339265509618301, -32.8359036704069 ], [ 20.339265975554401, -32.835905985800402 ], [ 20.3392673514252, -32.8359080270235 ], [ 20.339269471280598, -32.8359095478746 ], [ 20.339272079434899, -32.835910364916202 ], [ 20.339274861306201, -32.835910379601202 ], [ 20.3392774813599, -32.835909590158003 ], [ 20.3392796235789, -32.835908091805102 ], [ 20.33928102958, -32.835906065265803 ], [ 20.339281529779001, -32.835903754970701 ] ] ] } },
{ "type": "Feature", "properties": { "name": "Block Reference [80AE]:1" }, "geometry": { "type": "MultiLineString", "coordinates": [ [ [ 20.335120454417101, -32.8371905938602 ], [ 20.3346545955098, -32.837877136249901 ] ], [ [ 20.334654595508798, -32.837877136250903 ], [ 20.335581448731499, -32.837994510005998 ] ], [ [ 20.335724487706798, -32.838012623372201 ], [ 20.335948113144099, -32.838040941249403 ] ], [ [ 20.3359481131431, -32.838040941250398 ], [ 20.336163240102898, -32.8379821255499 ] ], [ [ 20.337669851747901, -32.8375702053944 ], [ 20.338156746332, -32.837437079646101 ] ], [ [ 20.338156746330998, -32.837437079647103 ], [ 20.3384248101789, -32.837069024905801 ] ], [ [ 20.339018604104901, -32.836253725904797 ], [ 20.339273519695102, -32.835903712692598 ] ], [ [ 20.3392735196941, -32.8359037126936 ], [ 20.3397601527668, -32.835910297681899 ] ] ] } },
{ "type": "Feature", "properties": { "name": "Block Reference [80AE]:2" }, "geometry": { "type": "MultiLineString", "coordinates": [ [ [ 20.335133967613899, -32.837170679097099 ], [ 20.335120454418099, -32.837190593859198 ] ], [ [ 20.335581448730501, -32.837994510007 ], [ 20.3357244877078, -32.838012623371199 ] ], [ [ 20.3361632401019, -32.837982125550901 ], [ 20.337669851748899, -32.837570205393398 ] ], [ [ 20.338424810177901, -32.837069024906803 ], [ 20.339018604105899, -32.836253725903802 ] ], [ [ 20.339760152765798, -32.835910297682901 ], [ 20.3407157905174, -32.835923223609797 ] ], [ [ 20.335120454417101, -32.8371905938602 ], [ 20.335065146876801, -32.837297344198703 ], [ 20.335038197277601, -32.837411616222902 ], [ 20.3350408557794, -32.8375281094523 ], [ 20.335072999182, -32.8376414203561 ], [ 20.3351331366182, -32.837746292995497 ], [ 20.335218478689399, -32.837837862824003 ], [ 20.3353250668379, -32.837911882335597 ], [ 20.335447956959701, -32.837964918093398 ], [ 20.3355814487395, -32.837994509997998 ] ], [ [ 20.335724487706798, -32.838012623372201 ], [ 20.335773461296, -32.838017743670598 ], [ 20.335822681623402, -32.838020735437297 ], [ 20.335872018965599, -32.838021590787498 ], [ 20.335921343291101, -32.8380203074666 ], [ 20.335970524602299, -32.838016888856899 ], [ 20.336019433278899, -32.838011343968397 ], [ 20.3360679404189, -32.838003687414798 ], [ 20.336115918179001, -32.837993939375501 ], [ 20.336163240110899, -32.837982125541899 ] ], [ [ 20.337669851747901, -32.8375702053944 ], [ 20.337772091670701, -32.837538459157301 ], [ 20.337871068713898, -32.8375000439028 ], [ 20.337966173590502, -32.837455196110596 ], [ 20.338056820852898, -32.837404191857601 ], [ 20.338142452496299, -32.837347345118999 ], [ 20.3382225413946, -32.837285005834701 ], [ 20.3382965945449, -32.837217557755203 ], [ 20.3383641561025, -32.837145416079402 ], [ 20.338424810186901, -32.837069024897801 ] ], [ [ 20.339760152765798, -32.835910297682901 ], [ 20.339661979586399, -32.835913739662402 ], [ 20.339564923626099, -32.835926674159801 ], [ 20.339470268392201, -32.835948930123699 ], [ 20.339379265645999, -32.835980213231601 ], [ 20.339293118850101, -32.836020109782297 ], [ 20.339212967253999, -32.836068092166002 ], [ 20.339139870828799, -32.8361235258416 ], [ 20.339074796250099, -32.836185677727499 ], [ 20.3390186041139, -32.836253725895801 ] ] ] } },
{ "type": "Feature", "properties": { "name": "Block Reference [80AD]:0" }, "geometry": { "type": "MultiLineString", "coordinates": [ [ [ 20.3483385341261, -32.837530968264097 ], [ 20.348338067948301, -32.837528652899898 ], [ 20.348336691845699, -32.837526611772098 ], [ 20.348334571797, -32.837525091070603 ], [ 20.348331963511399, -32.837524274214303 ], [ 20.348329181586699, -32.837524259728099 ], [ 20.3483265615641, -32.837525049359002 ], [ 20.348324419457001, -32.837526547865799 ], [ 20.348323013635401, -32.837528574506401 ], [ 20.3483225136622, -32.837530884837903 ] ], [ [ 20.348322513653201, -32.837530884846899 ], [ 20.348322979832599, -32.837533200209101 ], [ 20.348324355936899, -32.837535241335097 ], [ 20.348326475987701, -32.837536762034802 ], [ 20.348329084275601, -32.837537578889098 ], [ 20.348331866202798, -32.837537593373398 ], [ 20.348334486227699, -32.837536803740399 ], [ 20.348336628336799, -32.837535305231398 ], [ 20.3483380341603, -32.837533278588701 ], [ 20.348338534135099, -32.837530968255102 ] ] ] } },
{ "type": "Feature", "properties": { "name": "Block Reference [80AD]:1" }, "geometry": { "type": "MultiLineString", "coordinates": [ [ [ 20.3483294838558, -32.837527304223798 ], [ 20.348330523890599, -32.837530926554699 ] ], [ [ 20.348330523889601, -32.837530926555701 ], [ 20.3483315436421, -32.8375345529941 ] ] ] } },
{ "type": "Feature", "properties": { "name": "Block Reference [80AD]:2" }, "geometry": { "type": "MultiLineString", "coordinates": [ [ [ 20.348225962724602, -32.837166749185897 ], [ 20.348329483856801, -32.837527304222803 ] ], [ [ 20.348331543641098, -32.837534552995102 ], [ 20.348445706442199, -32.8379405367712 ] ], [ [ 20.348331543641098, -32.837534552995102 ], [ 20.348331316780602, -32.837533747170497 ], [ 20.348331089418998, -32.837532941446398 ], [ 20.348330861556502, -32.837532135823203 ], [ 20.348330633193001, -32.837531330301204 ], [ 20.348330404328799, -32.8375305248804 ], [ 20.348330174963799, -32.837529719561097 ], [ 20.348329945098101, -32.837528914343601 ], [ 20.348329714731701, -32.837528109228103 ], [ 20.348329483864799, -32.837527304214802 ] ] ] } },
{ "type": "Feature", "properties": { "name": "Block Reference [80AC]:0" }, "geometry": { "type": "MultiLineString", "coordinates": [ [ [ 20.3376411207154, -32.837950343948698 ], [ 20.337640654813899, -32.837948028548297 ], [ 20.337639278952, -32.837945987306 ], [ 20.337637159079101, -32.837944466425597 ], [ 20.337634550883202, -32.837943649347501 ], [ 20.3376317689514, -32.8379436346234 ], [ 20.337629148825702, -32.837944424028898 ], [ 20.337627006531999, -32.837945922350102 ], [ 20.337625600462601, -32.837947948867203 ], [ 20.337625100210499, -32.837950259152301 ] ], [ [ 20.3376251002015, -32.837950259161303 ], [ 20.337625566104599, -32.837952574559701 ], [ 20.3376269419682, -32.837954615800101 ], [ 20.337629061843199, -32.837956136678699 ], [ 20.3376316700414, -32.837956953754897 ], [ 20.3376344519756, -32.837956968477101 ], [ 20.3376370721037, -32.837956179069401 ], [ 20.337639214399498, -32.837954680746101 ], [ 20.337640620470602, -32.837952654226797 ], [ 20.337641120724399, -32.837950343939703 ] ] ] } },
{ "type": "Feature", "properties": { "name": "Block Reference [80AC]:1" }, "geometry": { "type": "MultiLineString", "coordinates": [ [ [ 20.337611400290399, -32.837893711704503 ], [ 20.3376331104594, -32.837950301554201 ] ], [ [ 20.337633110458398, -32.837950301555203 ], [ 20.337658985402101, -32.838005629408102 ] ] ] } },
{ "type": "Feature", "properties": { "name": "Block Reference [80AC]:2" }, "geometry": { "type": "MultiLineString", "coordinates": [ [ [ 20.3375046219825, -32.837615381664101 ], [ 20.337611400291401, -32.837893711703501 ] ], [ [ 20.337658985401099, -32.838005629409103 ], [ 20.337826351681901, -32.838363503495003 ] ], [ [ 20.337611400290399, -32.837893711704503 ], [ 20.3376162751075, -32.837906268782497 ], [ 20.3376212536125, -32.8379187968346 ], [ 20.337626335562899, -32.8379312952503 ], [ 20.337631520711302, -32.837943763421102 ], [ 20.337636808805101, -32.837956200739697 ], [ 20.337642199586899, -32.837968606600398 ], [ 20.337647692794199, -32.837980980398797 ], [ 20.337653288159402, -32.837993321532402 ], [ 20.337658985410101, -32.838005629400101 ] ] ] } },
{ "type": "Feature", "properties": { "name": "Block Reference [80AB]:0" }, "geometry": { "type": "MultiLineString", "coordinates": [ [ [ 20.337458897927601, -32.837627883252303 ], [ 20.3375656761072, -32.837906213328601 ] ], [ [ 20.3376142808468, -32.838020529287299 ], [ 20.337781646974101, -32.838378403430298 ] ], [ [ 20.337565676106198, -32.837906213329603 ], [ 20.3375706553778, -32.837919039489599 ], [ 20.3375757405591, -32.837931836001601 ], [ 20.337580931402702, -32.837944602242402 ], [ 20.337586227655599, -32.837957337590197 ], [ 20.3375916290601, -32.837970041424597 ], [ 20.337597135353001, -32.837982713126998 ], [ 20.337602746266299, -32.837995352080199 ], [ 20.3376084615266, -32.838007957668701 ], [ 20.337614280855799, -32.838020529278303 ] ] ] } },
{ "type": "Feature", "properties": { "name": "Block Reference [80AA]:0" }, "geometry": { "type": "MultiLineString", "coordinates": [ [ [ 20.337550346025001, -32.837602880058903 ], [ 20.337657124462901, -32.837881210061497 ] ], [ [ 20.3377036899406, -32.837990729514601 ], [ 20.337871056375, -32.838348603543601 ] ], [ [ 20.337657124461899, -32.837881210062498 ], [ 20.337661894824301, -32.837893498058698 ], [ 20.337666766652699, -32.837905757650702 ], [ 20.337671739709801, -32.8379179882416 ], [ 20.337676813753401, -32.8379301892355 ], [ 20.337681988536399, -32.837942360038397 ], [ 20.337687263806899, -32.8379545000573 ], [ 20.3376926393079, -32.837966608701102 ], [ 20.337698114777702, -32.837978685379902 ], [ 20.337703689949599, -32.837990729505599 ] ] ] } },
{ "type": "Feature", "properties": { "name": "Block Reference [80A9]:0" }, "geometry": { "type": "MultiLineString", "coordinates": [ [ [ 20.3351107986541, -32.837159474579501 ], [ 20.3350972854549, -32.837179389339099 ] ], [ [ 20.335577487764301, -32.8380168020431 ], [ 20.335720526776399, -32.838034915412202 ] ], [ [ 20.336171466847102, -32.838003570424 ], [ 20.337678078821899, -32.837591650173103 ] ], [ [ 20.338447555740402, -32.837080831507002 ], [ 20.339041349542999, -32.836265532395899 ] ], [ [ 20.339759724906202, -32.835932836245 ], [ 20.340715362899001, -32.835945762178198 ] ], [ [ 20.335097285453902, -32.8371793893401 ], [ 20.335039673408598, -32.837290587598098 ], [ 20.3350116008762, -32.837409620950503 ], [ 20.335014370112798, -32.837530968064598 ], [ 20.335047852791298, -32.837649000262502 ], [ 20.335110495931101, -32.837758242606697 ], [ 20.335199393912902, -32.837853627859303 ], [ 20.335310423240699, -32.837930731532097 ], [ 20.335438433804899, -32.837985977125598 ], [ 20.3355774877733, -32.838016802034097 ] ], [ [ 20.3357205267754, -32.838034915413203 ], [ 20.335770860754401, -32.838040177943498 ], [ 20.335821448325699, -32.838043252815901 ], [ 20.335872156162502, -32.838044131926203 ], [ 20.335922850620801, -32.838042812957397 ], [ 20.3359733980923, -32.838039299385599 ], [ 20.336023665355601, -32.838033600471199 ], [ 20.336073519928199, -32.838025731233799 ], [ 20.336122830415299, -32.838015712413402 ], [ 20.336171466856101, -32.838003570414998 ] ], [ [ 20.3376780788209, -32.837591650174097 ], [ 20.337782284917701, -32.837559293425102 ], [ 20.337883165384099, -32.837520139407097 ], [ 20.337980099215699, -32.837474429147598 ], [ 20.338072489705802, -32.837422444033002 ], [ 20.338159768118601, -32.837364504076596 ], [ 20.3382413971907, -32.837300965948302 ], [ 20.338316874438402, -32.837232220778802 ], [ 20.338385735250601, -32.837158691751704 ], [ 20.338447555749401, -32.837080831498 ] ], [ [ 20.339759724906202, -32.835932836245 ], [ 20.339664619614702, -32.835936170663203 ], [ 20.3395705966302, -32.835948700960301 ], [ 20.339478899351601, -32.835970261430198 ], [ 20.339390740423799, -32.836000566947703 ], [ 20.339307285702098, -32.836039216739401 ], [ 20.339229638835199, -32.836085699682897 ], [ 20.339158826670399, -32.836139401065999 ], [ 20.3390957856749, -32.836199610715397 ], [ 20.339041349551, -32.836265532387898 ] ] ] } },
{ "type": "Feature", "properties": { "name": "Block Reference [80A8]:0" }, "geometry": { "type": "MultiLineString", "coordinates": [ [ [ 20.3351571365796, -32.837181883610498 ], [ 20.3351436233872, -32.837201798375098 ] ], [ [ 20.335585409694598, -32.837972217970702 ], [ 20.335728448637099, -32.837990331329898 ] ], [ [ 20.3361550133605, -32.837960680677199 ], [ 20.3376616246798, -32.837548760613203 ] ], [ [ 20.338402064621501, -32.837057218302597 ], [ 20.338995858674899, -32.836241919407598 ] ], [ [ 20.3397605806251, -32.835887759120702 ], [ 20.340716218135402, -32.835900685041302 ] ], [ [ 20.335143623386202, -32.8372017983761 ], [ 20.335090620349, -32.837304100794199 ], [ 20.335064793680299, -32.837413611489701 ], [ 20.3350673414445, -32.837525250834403 ], [ 20.335098145568502, -32.837633840444603 ], [ 20.3351557772992, -32.837734343380099 ], [ 20.335237563459099, -32.837822097785697 ], [ 20.335339710429, -32.837893033137199 ], [ 20.335457480110001, -32.837943859060303 ], [ 20.335585409703601, -32.837972217961699 ] ], [ [ 20.3357284486361, -32.8379903313309 ], [ 20.335776061836199, -32.8379953093974 ], [ 20.335823914920301, -32.837998218058701 ], [ 20.3358718817687, -32.837999049648701 ], [ 20.335919835961899, -32.837997801975703 ], [ 20.335967651113702, -32.837994478328099 ], [ 20.336015201204201, -32.837989087465402 ], [ 20.3360623609124, -32.837981643595498 ], [ 20.336109005946, -32.837972166337103 ], [ 20.336155013369499, -32.837960680668203 ] ], [ [ 20.337661624678798, -32.837548760614197 ], [ 20.337761898428401, -32.837517624888598 ], [ 20.337858972049101, -32.837479948397402 ], [ 20.337952247971302, -32.837435963071997 ], [ 20.338041152006301, -32.837385939680303 ], [ 20.338125136880699, -32.837330186159001 ], [ 20.338203685605301, -32.837269045718202 ], [ 20.338276314658199, -32.837202894728399 ], [ 20.338342576960901, -32.837132140403497 ], [ 20.3384020646305, -32.837057218293602 ] ], [ [ 20.3397605806251, -32.835887759120702 ], [ 20.3396593395594, -32.835891308661502 ], [ 20.339559250624699, -32.835904647359001 ], [ 20.339461637436699, -32.835927598816603 ], [ 20.339367790873201, -32.835959859514503 ], [ 20.339278952004001, -32.8360010028236 ], [ 20.339196295679301, -32.836050484646897 ], [ 20.339120914994002, -32.836107650614302 ], [ 20.339053806831899, -32.836171744736099 ], [ 20.3389958586829, -32.836241919399598 ] ] ] } },
{ "type": "Feature", "properties": { "name": "Block Reference [80A7]:0" }, "geometry": { "type": "MultiLineString", "coordinates": [ [ [ 20.348179253118602, -32.837176307143999 ], [ 20.348282774071698, -32.837536862216702 ] ], [ [ 20.348284780886601, -32.837543924592801 ], [ 20.3483989434853, -32.837949908408397 ] ], [ [ 20.348284780886601, -32.837543924592801 ], [ 20.348284559860002, -32.837543139489298 ], [ 20.348284338345302, -32.837542354483702 ], [ 20.348284116342501, -32.837541569576501 ], [ 20.348283893851701, -32.837540784767697 ], [ 20.348283670872998, -32.8375400000577 ], [ 20.348283447406299, -32.837539215446498 ], [ 20.348283223451901, -32.837538430934501 ], [ 20.348282999009601, -32.837537646521803 ], [ 20.348282774079699, -32.837536862208701 ] ] ] } },
{ "type": "Feature", "properties": { "name": "Block Reference [80A6]:0" }, "geometry": { "type": "MultiLineString", "coordinates": [ [ [ 20.348272672320899, -32.837157191210203 ], [ 20.348376193632198, -32.837517746211198 ] ], [ [ 20.348378306386099, -32.837525181379803 ], [ 20.348492469389502, -32.837931165116402 ] ], [ [ 20.348378306386099, -32.837525181379803 ], [ 20.348378073691599, -32.837524354834102 ], [ 20.348377840483099, -32.8375235283915 ], [ 20.348377606760799, -32.837522702052397 ], [ 20.348377372524698, -32.837521875817004 ], [ 20.348377137775, -32.837521049685499 ], [ 20.3483769025116, -32.837520223658203 ], [ 20.348376666734602, -32.8375193977352 ], [ 20.348376430444102, -32.837518571916803 ], [ 20.348376193640199, -32.837517746203197 ] ] ] } },
{ "type": "Feature", "properties": { "name": "Block Reference [80A5]:0" }, "geometry": { "type": "MultiLineString", "coordinates": [ [ [ 20.357587707758601, -32.834703172266401 ], [ 20.3551974361548, -32.8350228475419 ] ], [ [ 20.355189832340301, -32.835023893189501 ], [ 20.353624275920399, -32.8352451076465 ] ], [ [ 20.353095608750799, -32.835364677716903 ], [ 20.352313207600702, -32.835611555762497 ] ], [ [ 20.351448356330199, -32.836033456158198 ], [ 20.351267594584499, -32.836159470924599 ] ], [ [ 20.3499514462405, -32.836745614475198 ], [ 20.348817663080499, -32.837021459693197 ] ], [ [ 20.348701944888301, -32.837047232656701 ], [ 20.3480739180382, -32.837174341584003 ] ], [ [ 20.347382004749601, -32.837261683451104 ], [ 20.343718039093702, -32.837452271373202 ] ], [ [ 20.342782764053901, -32.836703653032302 ], [ 20.342783602038601, -32.8366182614282 ] ], [ [ 20.342420776813999, -32.835883470111 ], [ 20.341974522444801, -32.835516249919998 ] ], [ [ 20.341685604188701, -32.8351070401756 ], [ 20.3415103511174, -32.834586327818599 ] ], [ [ 20.340670944452, -32.833841883818103 ], [ 20.340404918449199, -32.833765937403598 ] ], [ [ 20.339223952889299, -32.834152365518101 ], [ 20.338099899987998, -32.835868139251097 ] ], [ [ 20.336589182120498, -32.836689071407903 ], [ 20.335938804241302, -32.836732121167998 ] ], [ [ 20.334981971725501, -32.8379358735925 ], [ 20.335056820883199, -32.8381327936372 ] ], [ [ 20.335056820882201, -32.838132793638202 ], [ 20.3350440217223, -32.838217162751803 ] ], [ [ 20.335044021721298, -32.838217162752798 ], [ 20.3350602777722, -32.8382599305233 ] ], [ [ 20.335204678299799, -32.838564945453598 ], [ 20.335249052292401, -32.838599921607802 ] ], [ [ 20.335249052291399, -32.838599921608797 ], [ 20.335294061541301, -32.838633798777799 ] ], [ [ 20.3359073513849, -32.839285871289398 ], [ 20.336386397047601, -32.839640166911998 ] ], [ [ 20.336086629570801, -32.840976048658703 ], [ 20.335769767395501, -32.841072181070501 ] ], [ [ 20.334724856511698, -32.841710306899998 ], [ 20.334278843679702, -32.842192184836598 ] ], [ [ 20.333489334832599, -32.8426991233978 ], [ 20.333375235134, -32.842739053691801 ] ], [ [ 20.332680327462501, -32.842863922196699 ], [ 20.3315151314548, -32.842889956645202 ] ], [ [ 20.331153680841801, -32.842862738465598 ], [ 20.330246630911599, -32.842704014920699 ] ], [ [ 20.3297692525035, -32.842567192713403 ], [ 20.3294061511519, -32.842419045301597 ] ], [ [ 20.328943474508101, -32.842284839604901 ], [ 20.326237827421899, -32.841793875729998 ] ], [ [ 20.325558199978801, -32.840611611164597 ], [ 20.325775166533901, -32.840237661005602 ] ], [ [ 20.3256707805761, -32.8389548506156 ], [ 20.324401818342601, -32.837363911446403 ] ], [ [ 20.324401818341599, -32.837363911447397 ], [ 20.324367704485699, -32.837253010002001 ] ], [ [ 20.3243677044847, -32.837253010003003 ], [ 20.324363848304799, -32.837242026544899 ] ], [ [ 20.3243638483038, -32.837242026545901 ], [ 20.324359765041301, -32.837231049952599 ] ], [ [ 20.323191403601001, -32.837026172269802 ], [ 20.3231667830436, -32.837038604830298 ] ], [ [ 20.322887950863901, -32.8381764927042 ], [ 20.322903204137599, -32.838215298754498 ] ], [ [ 20.322903204136601, -32.8382152987555 ], [ 20.322921162448001, -32.838253923713197 ] ], [ [ 20.322921162446999, -32.838253923714198 ], [ 20.3229381980988, -32.838291864576497 ] ], [ [ 20.322938198097798, -32.838291864577499 ], [ 20.3229863513933, -32.838338111766603 ] ], [ [ 20.323893283259601, -32.838496151890503 ], [ 20.323899666939301, -32.838445559377 ] ], [ [ 20.323899666938299, -32.838445559378002 ], [ 20.323901481531099, -32.838395691895997 ] ], [ [ 20.323952510963899, -32.838367729848997 ], [ 20.323995549465899, -32.838341718981503 ] ], [ [ 20.355197436153802, -32.835022847542902 ], [ 20.3551965907556, -32.8350229609526 ], [ 20.355195745488299, -32.835023075055602 ], [ 20.3551949003527, -32.835023189851903 ], [ 20.3551940553495, -32.835023305341203 ], [ 20.355193210479701, -32.835023421523502 ], [ 20.355192365743999, -32.835023538398701 ], [ 20.355191521143102, -32.835023655966701 ], [ 20.355190676677999, -32.835023774227302 ], [ 20.3551898323493, -32.835023893180498 ] ], [ [ 20.353624275919401, -32.835245107647502 ], [ 20.3535643175228, -32.835254135084398 ], [ 20.353504600678502, -32.835264239463299 ], [ 20.353445152522799, -32.835275416192701 ], [ 20.353386000069801, -32.835287660193501 ], [ 20.353327170199499, -32.8353009659021 ], [ 20.3532686896454, -32.8353153272719 ], [ 20.353210584981898, -32.8353307377769 ], [ 20.353152882612999, -32.835347190414403 ], [ 20.353095608759801, -32.835364677707901 ] ], [ [ 20.3523132075997, -32.835611555763499 ], [ 20.352209511879, -32.835646131848399 ], [ 20.352107400010599, -32.835683918563902 ], [ 20.352007011413701, -32.835724864318202 ], [ 20.351908483155199, -32.835768913206302 ], [ 20.3518119497624, -32.835816005086201 ], [ 20.351717543039701, -32.835866075661301 ], [ 20.351625391888501, -32.835919056567597 ], [ 20.351535622131099, -32.835974875467798 ], [ 20.351448356339201, -32.836033456149202 ] ], [ [ 20.3499514462405, -32.836745614475198 ], [ 20.350110331581, -32.836703628696 ], [ 20.350266789293599, -32.836655583011201 ], [ 20.350420495264501, -32.836601576951601 ], [ 20.350571131082202, -32.836541722395602 ], [ 20.3507183846971, -32.836476143336697 ], [ 20.350861951068101, -32.836404975627097 ], [ 20.351001532794399, -32.8363283666962 ], [ 20.351136840732, -32.836246475244899 ], [ 20.3512675945925, -32.836159470916598 ] ], [ [ 20.348701944888301, -32.837047232656701 ], [ 20.3487148692125, -32.837044587771203 ], [ 20.348727777611, -32.837041888026903 ], [ 20.348740669756999, -32.837039133492198 ], [ 20.3487535453243, -32.837036324236699 ], [ 20.348766403987, -32.837033460331597 ], [ 20.3487792454196, -32.837030541849302 ], [ 20.348792069297001, -32.837027568863803 ], [ 20.3488048752947, -32.837024541450198 ], [ 20.3488176630885, -32.837021459685197 ] ], [ [ 20.347382004749601, -32.837261683451104 ], [ 20.347459638133799, -32.837257008649999 ], [ 20.347537150155301, -32.837251069579203 ], [ 20.347614511926999, -32.837243868452198 ], [ 20.3476916946179, -32.837235407952498 ], [ 20.347768669463701, -32.837225691233201 ], [ 20.347845407777601, -32.837214721915402 ], [ 20.3479218809609, -32.837202504087202 ], [ 20.347998060513898, -32.837189042301802 ], [ 20.3480739180462, -32.837174341576002 ] ], [ [ 20.342782764053901, -32.836703653032302 ], [ 20.342796039335099, -32.8368385987349 ], [ 20.342838071917502, -32.836969276930702 ], [ 20.342907469079599, -32.837091357305098 ], [ 20.3430019312887, -32.8372007944347 ], [ 20.343118328388801, -32.837293961845504 ], [ 20.3432528033198, -32.837367772191101 ], [ 20.343400899929499, -32.837419779564598 ], [ 20.3435577106438, -32.837448260555902 ], [ 20.343718039101699, -32.837452271365201 ] ], [ [ 20.342783602037599, -32.836618261429201 ], [ 20.342779672121001, -32.836527455860001 ], [ 20.342766132362801, -32.836437311520697 ], [ 20.3427430914405, -32.836348551767003 ], [ 20.342710734271801, -32.836261888841896 ], [ 20.3426693205292, -32.836178018160801 ], [ 20.342619182556099, -32.836097612730903 ], [ 20.342560722698899, -32.836021317751403 ], [ 20.342494410078, -32.835949745436302 ], [ 20.342420776823001, -32.835883470101997 ] ], [ [ 20.341685604188701, -32.8351070401756 ], [ 20.341704693211899, -32.835158085529002 ], [ 20.341727250774198, -32.835208112251301 ], [ 20.3417532012081, -32.835256952519799 ], [ 20.341782457464401, -32.835304442491797 ], [ 20.3418149214029, -32.835350422853899 ], [ 20.341850484122599, -32.8353947393569 ], [ 20.341889026326399, -32.835437243332798 ], [ 20.3419304187215, -32.835477792194197 ], [ 20.341974522452801, -32.835516249911997 ] ], [ [ 20.341510351116401, -32.834586327819601 ], [ 20.341464698853201, -32.834474031002003 ], [ 20.341405033220799, -32.834366519750802 ], [ 20.341332043646901, -32.834265036253399 ], [ 20.341246573495699, -32.834170753048397 ], [ 20.341149610322901, -32.834084759478401 ], [ 20.341042274463899, -32.834008049105201 ], [ 20.340925806089299, -32.8339415082309 ], [ 20.3408015508763, -32.8338859056582 ], [ 20.340670944460999, -32.8338418838091 ] ], [ [ 20.340404918448201, -32.8337659374046 ], [ 20.340257006424199, -32.833734215545 ], [ 20.340105072252399, -32.833722104710802 ], [ 20.339952741523899, -32.833729893900298 ], [ 20.3398036492916, -32.833757397239701 ], [ 20.3396613533343, -32.833803958417597 ], [ 20.339529249264402, -32.833868466345997 ], [ 20.3394104895034, -32.833949381671999 ], [ 20.339307908059201, -32.834044773508602 ], [ 20.339223952898301, -32.834152365509098 ] ], [ [ 20.336589182120498, -32.836689071407903 ], [ 20.336795209781201, -32.836665783103903 ], [ 20.3369969786425, -32.8366235919489 ], [ 20.337192062811098, -32.836563005212099 ], [ 20.337378116776701, -32.836484751334602 ], [ 20.337552903616, -32.836389771170303 ], [ 20.3377143218902, -32.836279206671897 ], [ 20.337860430912201, -32.836154387159397 ], [ 20.3379894740801, -32.836016813336002 ], [ 20.338099899995999, -32.835868139243097 ] ], [ [ 20.3359388042403, -32.836732121169 ], [ 20.335723325305299, -32.836764925120796 ], [ 20.335519888634401, -32.836833273431303 ], [ 20.335336631954799, -32.836934432088299 ], [ 20.335180885834401, -32.837064354618803 ], [ 20.335058880460799, -32.837217843940799 ], [ 20.3349754964208, -32.8373887602406 ], [ 20.3349340694501, -32.837570266562999 ], [ 20.334936256967399, -32.837755102291702 ], [ 20.3349819717345, -32.837935873583497 ] ], [ [ 20.335060277771198, -32.838259930524302 ], [ 20.335073816209601, -32.838294622561101 ], [ 20.335087989626999, -32.838329133384498 ], [ 20.3351027946226, -32.8383634547125 ], [ 20.335118227644202, -32.838397578308097 ], [ 20.335134284988602, -32.8384314959821 ], [ 20.335150962802999, -32.838465199594403 ], [ 20.335168257085499, -32.838498681056599 ], [ 20.335186163686402, -32.838531932333296 ], [ 20.335204678308799, -32.838564945444602 ] ], [ [ 20.335294061540299, -32.838633798778801 ], [ 20.335347924476601, -32.838714935684699 ], [ 20.335405593725, -32.838794186264302 ], [ 20.335466976744701, -32.838871423331803 ], [ 20.335531975033899, -32.838946522932197 ], [ 20.335600484288399, -32.839019364540803 ], [ 20.3356723945681, -32.839089831256302 ], [ 20.335747590474099, -32.8391578099885 ], [ 20.3358259513337, -32.839223191639803 ], [ 20.335907351393899, -32.839285871280403 ] ], [ [ 20.336086629570801, -32.840976048658703 ], [ 20.336279433944799, -32.840895324951603 ], [ 20.336445251899399, -32.840779510019999 ], [ 20.336575290227099, -32.840634745525399 ], [ 20.336662653210698, -32.840468708292498 ], [ 20.336702708279901, -32.840290203191103 ], [ 20.3366933316311, -32.840108696203401 ], [ 20.336635020792599, -32.839933812442602 ], [ 20.336530868180098, -32.8397748257457 ], [ 20.336386397055598, -32.839640166903997 ] ], [ [ 20.335769767394499, -32.841072181071503 ], [ 20.3356347439777, -32.841117214683202 ], [ 20.335503316271801, -32.841169280003903 ], [ 20.3353759975423, -32.8412281737046 ], [ 20.335253285010602, -32.8412936657895 ], [ 20.335135657912801, -32.841365500493502 ], [ 20.335023575628298, -32.841443397281701 ], [ 20.334917475885501, -32.841527051943899 ], [ 20.334817773053, -32.841616137783099 ], [ 20.334724856520701, -32.841710306891002 ] ], [ [ 20.333489334832599, -32.8426991233978 ], [ 20.333591004765001, -32.842660632655601 ], [ 20.3336899031722, -32.842617300744998 ], [ 20.333785706891099, -32.842569269260103 ], [ 20.333878102872401, -32.842516695151197 ], [ 20.333966789203799, -32.842459750212498 ], [ 20.334051476096299, -32.842398620519901 ], [ 20.3341318868315, -32.842333505823397 ], [ 20.334207758665499, -32.8422646188939 ], [ 20.334278843687699, -32.842192184828598 ] ], [ [ 20.332680327462501, -32.842863922196699 ], [ 20.3327596204768, -32.842860785264001 ], [ 20.332838696442799, -32.842854925673699 ], [ 20.332917424222099, -32.842846353143202 ], [ 20.3329956732534, -32.842835081889 ], [ 20.333073313769798, -32.842821130603099 ], [ 20.3331502170136, -32.842804522422099 ], [ 20.333226255449901, -32.8427852848885 ], [ 20.333301302978299, -32.842763449905497 ], [ 20.333375235142, -32.8427390536838 ] ], [ [ 20.331153680841801, -32.842862738465598 ], [ 20.331193350830102, -32.842869233337296 ], [ 20.331233205099998, -32.842874867202603 ], [ 20.331273217431399, -32.842879636354802 ], [ 20.331313361500001, -32.842883537656299 ], [ 20.3313536108951, -32.8428865685405 ], [ 20.331393939136401, -32.842888727013197 ], [ 20.331434319691901, -32.842890011654397 ], [ 20.3314747259952, -32.842890421619003 ], [ 20.331515131462801, -32.842889956637201 ] ], [ [ 20.3297692525035, -32.842567192713403 ], [ 20.3298201411299, -32.842587236452999 ], [ 20.329871659221901, -32.842606099554899 ], [ 20.3299237683499, -32.842623767947899 ], [ 20.329976429643001, -32.842640228452098 ], [ 20.330029603818499, -32.842655468788799 ], [ 20.330083251210901, -32.842669477589297 ], [ 20.3301373318019, -32.842682244403498 ], [ 20.330191805249701, -32.842693759707899 ], [ 20.3302466309196, -32.842704014912698 ] ], [ [ 20.329406151150899, -32.842419045302599 ], [ 20.329356784598101, -32.842399580229603 ], [ 20.3293068244114, -32.842381226207003 ], [ 20.329256305672999, -32.842363996122899 ], [ 20.329205263857499, -32.842347902076298 ], [ 20.329153734806301, -32.8423329553682 ], [ 20.329101754703402, -32.8423191664942 ], [ 20.329049360049002, -32.842306545136701 ], [ 20.328996587634698, -32.842295100158402 ], [ 20.3289434745171, -32.842284839595898 ] ], [ [ 20.325558199978801, -32.840611611164597 ], [ 20.3254891475021, -32.8407690296767 ], [ 20.3254588347191, -32.840934932667103 ], [ 20.3254684897902, -32.841102599551803 ], [ 20.325517721816102, -32.841265238256199 ], [ 20.325604536638298, -32.841416260357903 ], [ 20.3257254175887, -32.841549547986098 ], [ 20.325875467925599, -32.841659701663602 ], [ 20.3260486091872, -32.841742259049802 ], [ 20.3262378274299, -32.841793875721997 ] ], [ [ 20.3257751665329, -32.840237661006597 ], [ 20.325843695639598, -32.840099763784103 ], [ 20.3258927808976, -32.839956078804001 ], [ 20.325921757490601, -32.839808552429197 ], [ 20.3259302330022, -32.839659183048902 ], [ 20.325918092726699, -32.8395099940075 ], [ 20.325885501217002, -32.839363006196798 ], [ 20.325832900050401, -32.839220210681198 ], [ 20.325761001841599, -32.839083541727902 ], [ 20.325670780585, -32.838954850606598 ] ], [ [ 20.324359765040299, -32.837231049953601 ], [ 20.3242655069023, -32.837137488992298 ], [ 20.3241542971945, -32.837058297334003 ], [ 20.324029167818601, -32.836995633945101 ], [ 20.323893530138101, -32.836951207184498 ], [ 20.323751081979601, -32.836926228233096 ], [ 20.323605706825902, -32.836921378076198 ], [ 20.323461367950699, -32.836936788939099 ], [ 20.323322000377601, -32.836972040683598 ], [ 20.32319140361, -32.837026172260799 ] ], [ [ 20.323166783042598, -32.837038604831299 ], [ 20.323028180819101, -32.837124103092002 ], [ 20.3229104407481, -32.837229560985001 ], [ 20.322817535409399, -32.8373514204035 ], [ 20.322752599507599, -32.8374855698452 ], [ 20.322717824099001, -32.837627483127299 ], [ 20.322714382650801, -32.837772372094904 ], [ 20.322742391429198, -32.837915348170498 ], [ 20.322800905556701, -32.838051587294999 ], [ 20.3228879508729, -32.838176492695197 ] ], [ [ 20.322986351392299, -32.838338111767598 ], [ 20.323064944181901, -32.838403474024297 ], [ 20.3231538073941, -32.8384586695121 ], [ 20.323251112031301, -32.838502562177197 ], [ 20.323354855341801, -32.838534248602997 ], [ 20.323462902042198, -32.838553076605301 ], [ 20.323573028269401, -32.838558658657398 ], [ 20.323682967355399, -32.838550879866297 ], [ 20.323790456484101, -32.838529900337903 ], [ 20.3238932832686, -32.8384961518815 ] ], [ [ 20.3239014815301, -32.838395691896999 ], [ 20.323907297885501, -32.838392780451002 ], [ 20.3239130790076, -32.838389819416101 ], [ 20.323918824303298, -32.8383868090962 ], [ 20.323924533183, -32.838383749800201 ], [ 20.323930205060901, -32.838380641842001 ], [ 20.323935839355102, -32.838377485540597 ], [ 20.323941435487299, -32.8383742812197 ], [ 20.3239469928833, -32.838371029208297 ], [ 20.323952510972902, -32.838367729840002 ] ] ] } },
{ "type": "Feature", "properties": { "name": "Block Reference [80A4]:0" }, "geometry": { "type": "MultiLineString", "coordinates": [ [ [ 20.357596063727598, -32.834747699957703 ], [ 20.355205790955001, -32.835067375375999 ] ], [ [ 20.355198647974198, -32.8350683576516 ], [ 20.353633090791899, -32.835289572207898 ] ], [ [ 20.353114305015598, -32.835406907376999 ], [ 20.352331903542801, -32.8356537855339 ] ], [ [ 20.3514823591238, -32.836068218839202 ], [ 20.351301597354102, -32.836194233653799 ] ], [ [ 20.349966234734701, -32.836788934295797 ], [ 20.3488324510651, -32.837064779639498 ] ], [ [ 20.348714395077401, -32.837091073280902 ], [ 20.348086367934201, -32.837218182266199 ] ], [ [ 20.347385289888301, -32.837306681018397 ], [ 20.343721322387601, -32.837497269011998 ] ], [ [ 20.342729363831701, -32.836703279536501 ], [ 20.3427302018675, -32.836617887933301 ] ], [ [ 20.342383502507801, -32.835915753888003 ], [ 20.341937248135299, -32.835548533565898 ] ], [ [ 20.341634236447, -32.835119362266497 ], [ 20.341458983654, -32.834598649842 ] ], [ [ 20.340653838518602, -32.833884591094197 ], [ 20.340387812404298, -32.833808644642403 ] ], [ [ 20.339270682472499, -32.834174184876801 ], [ 20.338146630180098, -32.835889959031398 ] ], [ [ 20.336593356527899, -32.8367340163447 ], [ 20.335942978322201, -32.836777066122103 ] ], [ [ 20.3350328207502, -32.8379220991159 ], [ 20.335151806319001, -32.838235136398303 ] ], [ [ 20.335942542719401, -32.839251961350101 ], [ 20.336421588344599, -32.839606256839303 ] ], [ [ 20.336104691701902, -32.841018474757398 ], [ 20.335787829393698, -32.841114607212603 ] ], [ [ 20.334766939249398, -32.841738063722197 ], [ 20.334320926500599, -32.842219941807798 ] ], [ [ 20.333509787133899, -32.842740769294799 ], [ 20.3333956873904, -32.8427806996066 ] ], [ [ 20.332681740818899, -32.842908989223702 ], [ 20.331516544222399, -32.842935023677498 ] ], [ [ 20.3311428408613, -32.8429068828315 ], [ 20.330235790504201, -32.842748159203602 ] ], [ [ 20.329746012453501, -32.842607783104299 ], [ 20.329382910977699, -32.842459635624401 ] ], [ [ 20.328932251722598, -32.842328915726299 ], [ 20.326226603369701, -32.8418379515957 ] ], [ [ 20.3255102396304, -32.8405917806746 ], [ 20.325727206335401, -32.840217830599599 ] ], [ [ 20.325626483681202, -32.838980031072097 ], [ 20.3242860188492, -32.837299443661401 ] ], [ [ 20.323246229240301, -32.837103551689999 ], [ 20.323221608668799, -32.837115984260898 ] ], [ [ 20.323024806510801, -32.838177014561502 ], [ 20.323102670934599, -32.838251796729203 ] ], [ [ 20.323921424810099, -32.8383310724533 ], [ 20.323964463303099, -32.838305061596202 ] ], [ [ 20.355205790953999, -32.835067375377001 ], [ 20.355204996791699, -32.835067481913399 ], [ 20.3552042027524, -32.835067589101101 ], [ 20.3552034088368, -32.835067696940001 ], [ 20.355202615045702, -32.83506780543 ], [ 20.355201821379701, -32.835067914570899 ], [ 20.355201027839801, -32.835068024362798 ], [ 20.355200234426501, -32.835068134805397 ], [ 20.355199441140801, -32.835068245898697 ], [ 20.355198647983201, -32.835068357642598 ] ], [ [ 20.3536330907909, -32.8352895722089 ], [ 20.3535742530836, -32.835298430912601 ], [ 20.3535156524139, -32.835308346429102 ], [ 20.353457315411099, -32.835319314252601 ], [ 20.3533992685845, -32.835331329399096 ], [ 20.3533415383116, -32.8353443864087 ], [ 20.353284150826202, -32.835358479348201 ], [ 20.3532271322062, -32.835373601813203 ], [ 20.353170508361998, -32.835389746932101 ], [ 20.353114305024601, -32.835406907367997 ] ], [ [ 20.352331903541799, -32.835653785534902 ], [ 20.352230043102601, -32.8356877496688 ], [ 20.3521297384858, -32.8357248676094 ], [ 20.352031126643201, -32.835765088677597 ], [ 20.351934342215898, -32.835808357958001 ], [ 20.351839517350498, -32.835854616372998 ], [ 20.3517467815185, -32.835903800763603 ], [ 20.3516562613401, -32.835955843975903 ], [ 20.3515680804108, -32.836010674952703 ], [ 20.351482359132799, -32.836068218830199 ] ], [ [ 20.349966234734701, -32.836788934295797 ], [ 20.350127439640001, -32.836746335566097 ], [ 20.350286181472999, -32.836697588462499 ], [ 20.350442131387702, -32.836642793968899 ], [ 20.350594966323801, -32.836582065597 ], [ 20.350744369675802, -32.836515529150901 ], [ 20.3508900319489, -32.836443322466202 ], [ 20.351031651400401, -32.836365595124697 ], [ 20.351168934664901, -32.8362825081444 ], [ 20.351301597362099, -32.836194233645799 ] ], [ [ 20.348714395077401, -32.837091073280902 ], [ 20.348727580505201, -32.8370883749622 ], [ 20.348740749685501, -32.837085620676397 ], [ 20.348753902285001, -32.8370828104932 ], [ 20.348767037970902, -32.837079944483797 ], [ 20.348780156410498, -32.837077022720699 ], [ 20.3487932572719, -32.837074045277902 ], [ 20.348806340223501, -32.837071012230702 ], [ 20.348819404934101, -32.837067923655802 ], [ 20.3488324510731, -32.837064779631497 ] ], [ [ 20.347385289888301, -32.837306681018397 ], [ 20.347463951568798, -32.837301944297501 ], [ 20.347542490278901, -32.837295926560998 ], [ 20.347620876748898, -32.837288630051702 ], [ 20.3476990817657, -32.837280057488698 ], [ 20.347777076184201, -32.837270212066798 ], [ 20.347854830937401, -32.837259097455103 ], [ 20.347932317047899, -32.837246717795701 ], [ 20.348009505638299, -32.837233077702301 ], [ 20.348086367942201, -32.837218182258198 ] ], [ [ 20.342729363831701, -32.836703279536501 ], [ 20.3427434435931, -32.836846403794802 ], [ 20.342788023537299, -32.836985001921001 ], [ 20.342861626545499, -32.837114481154401 ], [ 20.3429618137258, -32.837230550889899 ], [ 20.343085265218999, -32.837329364862399 ], [ 20.343227890202702, -32.837407648608099 ], [ 20.343384962449601, -32.837462807978802 ], [ 20.3435512769483, -32.837493015111399 ], [ 20.343721322395599, -32.837497269003997 ] ], [ [ 20.342730201866502, -32.836617887934302 ], [ 20.342726446664798, -32.836531118167301 ], [ 20.342713508724099, -32.836444980238298 ], [ 20.342691491890399, -32.836360165354002 ], [ 20.342660572861099, -32.836277354102599 ], [ 20.342620999766499, -32.836197210992403 ], [ 20.342573090177801, -32.836120379119698 ], [ 20.342517228558499, -32.836047475008698 ], [ 20.342453863178498, -32.835979083664498 ], [ 20.3423835025168, -32.835915753879 ] ], [ [ 20.341634236447, -32.835119362266497 ], [ 20.341654256614301, -32.835172897644803 ], [ 20.341677914519899, -32.835225364704002 ], [ 20.341705130806002, -32.835276587434898 ], [ 20.3417358141769, -32.835326394002102 ], [ 20.3417698617057, -32.835374617320902 ], [ 20.3418071591793, -32.835421095617299 ], [ 20.3418475814813, -32.835465672971402 ], [ 20.3418909930121, -32.835508199839801 ], [ 20.341937248143299, -32.835548533557898 ] ], [ [ 20.341458983652998, -32.834598649843002 ], [ 20.3414151948019, -32.834490936552299 ], [ 20.3413579645458, -32.834387813494203 ], [ 20.341287954170401, -32.834290472155601 ], [ 20.3412059726157, -32.8342000372174 ], [ 20.341112967127799, -32.834117553560802 ], [ 20.341010012314101, -32.834043974195097 ], [ 20.340898297726401, -32.833980149248198 ], [ 20.340779114117399, -32.833926816144199 ], [ 20.340653838527601, -32.833884591085202 ] ], [ [ 20.3403878124033, -32.833808644643398 ], [ 20.340247895560498, -32.833778637463602 ], [ 20.340104173975401, -32.833767181262402 ], [ 20.339960077268099, -32.833774549417399 ], [ 20.339819044008799, -32.833800566101502 ], [ 20.339684439670499, -32.8338446104786 ], [ 20.339559476323998, -32.833905631517702 ], [ 20.339447135993201, -32.833982173071597 ], [ 20.3393500994978, -32.834072408622902 ], [ 20.339270682481501, -32.834174184867798 ] ], [ [ 20.336593356527899, -32.8367340163447 ], [ 20.336805187889201, -32.836710072021802 ], [ 20.337012640476502, -32.836666692363799 ], [ 20.337213220056999, -32.836604398930298 ], [ 20.337404515045598, -32.8365239406833 ], [ 20.337584225503999, -32.836426284981201 ], [ 20.3377501907956, -32.836312605946198 ], [ 20.337900415564999, -32.836184270346202 ], [ 20.338033093728502, -32.8360428211599 ], [ 20.338146630188099, -32.835889959023397 ] ], [ [ 20.335942978321199, -32.836777066123098 ], [ 20.335738010455099, -32.836808269895997 ], [ 20.335544497447199, -32.836873284171503 ], [ 20.3353701800743, -32.836969508299198 ], [ 20.3352220313229, -32.837093093188798 ], [ 20.335105977469201, -32.837239095267599 ], [ 20.335026661016599, -32.837401674218597 ], [ 20.3349872549705, -32.837574326591401 ], [ 20.334989335884501, -32.837750145943502 ], [ 20.335032820759199, -32.837922099106898 ] ], [ [ 20.335151806317999, -32.838235136399298 ], [ 20.3352059277384, -32.8383640727969 ], [ 20.335269124223299, -32.838490032468201 ], [ 20.335341167659902, -32.838612560675401 ], [ 20.335421797993099, -32.838731215067099 ], [ 20.3355107241639, -32.838845567275499 ], [ 20.335607625159899, -32.838955204462799 ], [ 20.335712151173801, -32.839059730812103 ], [ 20.335823924866499, -32.839158768956302 ], [ 20.3359425427284, -32.839251961341098 ] ], [ [ 20.336104691701902, -32.841018474757398 ], [ 20.336308513539102, -32.840933138230099 ], [ 20.3364838068285, -32.840810705256096 ], [ 20.3366212758886, -32.840657668458498 ], [ 20.336713630967299, -32.840482143347501 ], [ 20.336755974791899, -32.840293437935998 ], [ 20.336746062220499, -32.840101559123099 ], [ 20.336684419235599, -32.839916682028203 ], [ 20.336574314983, -32.839748610416699 ], [ 20.3364215883526, -32.839606256831303 ] ], [ [ 20.3357878293927, -32.841114607213598 ], [ 20.335655909909399, -32.841158605589499 ], [ 20.335527503483501, -32.841209474028602 ], [ 20.335403111581901, -32.8412670138758 ], [ 20.335283219996199, -32.841331000422002 ], [ 20.3351682969462, -32.841401183781599 ], [ 20.3350587912511, -32.841477289868003 ], [ 20.334955130577001, -32.841559021464199 ], [ 20.3348577197666, -32.841646059382903 ], [ 20.334766939258401, -32.841738063713201 ] ], [ [ 20.333509787133899, -32.842740769294799 ], [ 20.333614242583, -32.842701223994197 ], [ 20.3337158505696, -32.842656704888803 ], [ 20.3338142790763, -32.842607357452003 ], [ 20.3339092064769, -32.8425533429346 ], [ 20.334000322586999, -32.842494837837599 ], [ 20.334087329678098, -32.842432033335299 ], [ 20.334169943450402, -32.8423651346504 ], [ 20.3342478939614, -32.842294360383903 ], [ 20.3343209265086, -32.842219941799797 ] ], [ [ 20.332681740818899, -32.842908989223702 ], [ 20.332763206285701, -32.842905766346497 ], [ 20.3328444487572, -32.842899746217 ], [ 20.332925333501901, -32.842890938818897 ], [ 20.333005726381401, -32.842879358758097 ], [ 20.333085494073199, -32.842865025238702 ], [ 20.333164504291599, -32.8428479620312 ], [ 20.333242626007401, -32.842828197433001 ], [ 20.333319729665298, -32.842805764221197 ], [ 20.333395687398401, -32.842780699598599 ] ], [ [ 20.3311428408613, -32.8429068828315 ], [ 20.331183855614398, -32.842913597871899 ], [ 20.331225060896301, -32.8429194227189 ], [ 20.331266429598099, -32.842924353539999 ], [ 20.331307934503101, -32.842928387091298 ], [ 20.331349548305099, -32.842931520719098 ], [ 20.3313912436263, -32.842933752361901 ], [ 20.3314329930352, -32.8429350805512 ], [ 20.331474769064801, -32.842935504413397 ], [ 20.3315165442304, -32.842935023669497 ] ], [ [ 20.329746012453501, -32.842607783104299 ], [ 20.329798222880701, -32.842628347470097 ], [ 20.329851079124602, -32.842647700531799 ], [ 20.329904541757099, -32.842665827852798 ], [ 20.329958570897801, -32.842682715910797 ], [ 20.3300131262435, -32.842698352108101 ], [ 20.3300681670984, -32.842712724780696 ], [ 20.330123652404701, -32.842725823207097 ], [ 20.330179540772701, -32.842737637616402 ], [ 20.330235790512202, -32.842748159195601 ] ], [ [ 20.329382910976701, -32.842459635625403 ], [ 20.329334826655099, -32.842440676129897 ], [ 20.329286164117601, -32.842422798826703 ], [ 20.329236957535301, -32.842406016269301 ], [ 20.329187241461199, -32.842390340242197 ], [ 20.3291370508061, -32.842375781753098 ], [ 20.329086420814001, -32.842362351025002 ], [ 20.329035387037202, -32.842350057488801 ], [ 20.328983985311702, -32.842338909776899 ], [ 20.328932251731601, -32.842328915717303 ] ], [ [ 20.3255102396304, -32.8405917806746 ], [ 20.3254374545084, -32.840757708265897 ], [ 20.325405503096601, -32.840932578971 ], [ 20.325415679958201, -32.841109308933603 ], [ 20.325467573081401, -32.841280738939098 ], [ 20.325559080530098, -32.841439924431398 ], [ 20.325686495556901, -32.841580416838298 ], [ 20.3258446567358, -32.841696524812299 ], [ 20.326027157037299, -32.841783544798297 ], [ 20.326226603377702, -32.841837951587699 ] ], [ [ 20.325727206334399, -32.840217830600601 ], [ 20.325793330970502, -32.840084771903499 ], [ 20.325840694011099, -32.839946128521703 ], [ 20.3258686539628, -32.839803778523503 ], [ 20.325876832173801, -32.839659650178596 ], [ 20.3258651179585, -32.839515695836603 ], [ 20.325833670091502, -32.839373865481001 ], [ 20.3257829146517, -32.839236080314897 ], [ 20.3257135392459, -32.839104206737503 ], [ 20.325626483690201, -32.838980031063102 ] ], [ [ 20.324286018848198, -32.837299443662403 ], [ 20.324204347925999, -32.8372136398579 ], [ 20.324106781535502, -32.837140620865398 ], [ 20.3239960859969, -32.837082456980497 ], [ 20.323875399859201, -32.8370407973105 ], [ 20.323748144915601, -32.8370168230202 ], [ 20.323617929191101, -32.837011213844498 ], [ 20.3234884446506, -32.837024128817603 ], [ 20.3233633625293, -32.837055201764201 ], [ 20.3232462292493, -32.837103551680997 ] ], [ [ 20.323221608667801, -32.837115984261899 ], [ 20.323092166725601, -32.837196741902801 ], [ 20.3229836848462, -32.837297120937997 ], [ 20.322900264874601, -32.837413325970303 ], [ 20.322845061086401, -32.837540963196098 ], [ 20.322820160911402, -32.8376752065329 ], [ 20.322826505989301, -32.837810980093302 ], [ 20.322863856545101, -32.837943150108003 ], [ 20.322930800434499, -32.838066719040199 ], [ 20.3230248065198, -32.8381770145525 ] ], [ [ 20.323102670933601, -32.838251796730198 ], [ 20.323174793546599, -32.838310598181401 ], [ 20.323257288969199, -32.838358708561998 ], [ 20.323347958252899, -32.838394845461501 ], [ 20.3234443845604, -32.838418045628003 ], [ 20.323543997589301, -32.838427690645602 ], [ 20.3236441420887, -32.8384235234195 ], [ 20.323742148640001, -32.838405655029 ], [ 20.323835404815899, -32.838374561767203 ], [ 20.323921424819101, -32.838331072444298 ] ] ] } },
{ "type": "Feature", "properties": { "name": "Block Reference [7EF6]:0" }, "geometry": { "type": "MultiLineString", "coordinates": [ [ [ 20.363685385765699, -32.832214266395702 ], [ 20.363684919213799, -32.832211951082201 ], [ 20.363683542837101, -32.832209910118003 ], [ 20.363681422647101, -32.832208389673497 ], [ 20.363678814370001, -32.8322075731366 ], [ 20.363676032602701, -32.832207558993503 ], [ 20.3636734128673, -32.832208348949997 ], [ 20.363671271142799, -32.832209847725501 ], [ 20.363669865752701, -32.8322118745455 ], [ 20.3636693662081, -32.832214184945499 ] ], [ [ 20.363669366199101, -32.832214184954601 ], [ 20.3636698327525, -32.8322165002661 ], [ 20.363671209130999, -32.8322185412284 ], [ 20.363673329323099, -32.832220061671102 ], [ 20.363675937602501, -32.832220878206101 ], [ 20.363678719372199, -32.832220892347202 ], [ 20.363681339109899, -32.832220102388703 ], [ 20.363683480836499, -32.832218603610997 ], [ 20.363684886228398, -32.832216576788802 ], [ 20.363685385774701, -32.8322142663867 ] ] ] } },
{ "type": "Feature", "properties": { "name": "Block Reference [7EF6]:1" }, "geometry": { "type": "MultiLineString", "coordinates": [ [ [ 20.3631364038817, -32.832520577833698 ], [ 20.363677375983301, -32.832214225674399 ] ], [ [ 20.363677375982299, -32.832214225675401 ], [ 20.3632510178833, -32.8317984427526 ] ] ] } },
{ "type": "Feature", "properties": { "name": "Block Reference [7EF6]:2" }, "geometry": { "type": "MultiLineString", "coordinates": [ [ [ 20.363075070605198, -32.832555310545999 ], [ 20.363136403882699, -32.832520577832703 ] ], [ [ 20.363251017882298, -32.831798442753602 ], [ 20.363207960771899, -32.831756453314199 ] ], [ [ 20.3631364038817, -32.832520577833698 ], [ 20.363220220152201, -32.832462777157303 ], [ 20.3632897500467, -32.8323927598464 ], [ 20.363342538949698, -32.832312997759203 ], [ 20.363376723277099, -32.832226306771901 ], [ 20.363391096262902, -32.832135747366898 ], [ 20.363385150553999, -32.832044516585398 ], [ 20.363359096114099, -32.831955835160798 ], [ 20.3633138528023, -32.831872833816803 ], [ 20.3632510178914, -32.831798442744599 ] ] ] } },
{ "type": "Feature", "properties": { "name": "Block Reference [7EF5]:0" }, "geometry": { "type": "MultiLineString", "coordinates": [ [ [ 20.363753739040298, -32.832175557653699 ], [ 20.3637532724869, -32.832173242340403 ], [ 20.3637518961092, -32.832171201377001 ], [ 20.363749775918901, -32.832169680933603 ], [ 20.363747167642298, -32.832168864398099 ], [ 20.3637443858761, -32.8321688502566 ], [ 20.3637417661424, -32.832169640214502 ], [ 20.3637396244199, -32.8321711389912 ], [ 20.363738219032001, -32.832173165812002 ], [ 20.3637377194894, -32.832175476212399 ] ], [ [ 20.363737719480401, -32.832175476221401 ], [ 20.363738186035398, -32.8321777915327 ], [ 20.363739562414899, -32.832179832494298 ], [ 20.363741682607301, -32.832181352935798 ], [ 20.363744290886199, -32.832182169469398 ], [ 20.3637470726548, -32.832182183609 ], [ 20.363749692390801, -32.832181393649002 ], [ 20.363751834115298, -32.832179894870102 ], [ 20.363753239505002, -32.832177868047097 ], [ 20.363753739049301, -32.832175557644703 ] ] ] } },
{ "type": "Feature", "properties": { "name": "Block Reference [7EF5]:1" }, "geometry": { "type": "MultiLineString", "coordinates": [ [ [ 20.363509833440499, -32.831965321297901 ], [ 20.3637457292613, -32.8321755169368 ] ], [ [ 20.363745729260302, -32.832175516937802 ], [ 20.3640305621329, -32.832014214158598 ] ] ] } },
{ "type": "Feature", "properties": { "name": "Block Reference [7EF5]:2" }, "geometry": { "type": "MultiLineString", "coordinates": [ [ [ 20.3633589567055, -32.831830881406297 ], [ 20.363509833441501, -32.831965321296899 ] ], [ [ 20.364030562131902, -32.832014214159599 ], [ 20.364078418053001, -32.8319871129058 ] ], [ [ 20.363509833440499, -32.831965321297901 ], [ 20.363556754827599, -32.8320010877732 ], [ 20.3636096854055, -32.832030269168797 ], [ 20.3636673411342, -32.832052157571702 ], [ 20.3637283233424, -32.8320662219895 ], [ 20.363791152658798, -32.832072121232102 ], [ 20.363854304901398, -32.832069712189003 ], [ 20.363916248054, -32.832059053301101 ], [ 20.3639754794327, -32.832040403143203 ], [ 20.364030562140901, -32.832014214150597 ] ] ] } },
{ "type": "Feature", "properties": { "name": "Block Reference [7EF4]:0" }, "geometry": { "type": "MultiLineString", "coordinates": [ [ [ 20.355832386290199, -32.833900680532899 ], [ 20.355831919934602, -32.8338983651931 ], [ 20.355830543713701, -32.833896324145101 ], [ 20.355828423620299, -32.833894803569201 ], [ 20.355825815368899, -32.8338939868691 ], [ 20.3558230335532, -32.833893972550797 ], [ 20.355820413701402, -32.833894762341203 ], [ 20.3558182718062, -32.833896260979799 ], [ 20.355816866212098, -32.8338982877085 ], [ 20.355816366454398, -32.833900598074003 ] ], [ [ 20.355816366445399, -32.833900598082998 ], [ 20.3558168328025, -32.8339029134208 ], [ 20.355818209025198, -32.833904954467002 ], [ 20.3558203291207, -32.833906475041097 ], [ 20.355822937374398, -32.833907291739301 ], [ 20.355825719192499, -32.8339073060556 ], [ 20.355828339046699, -32.833906516263099 ], [ 20.355830480943901, -32.833905017622399 ], [ 20.3558318865399, -32.833902990891403 ], [ 20.355832386299198, -32.833900680523897 ] ] ] } },
{ "type": "Feature", "properties": { "name": "Block Reference [7EF4]:1" }, "geometry": { "type": "MultiLineString", "coordinates": [ [ [ 20.356321134300401, -32.833580700671703 ], [ 20.355824376368702, -32.833900639307203 ] ], [ [ 20.3558243763677, -32.833900639308197 ], [ 20.3564168954656, -32.833733265928203 ] ] ] } },
{ "type": "Feature", "properties": { "name": "Block Reference [7EF4]:2" }, "geometry": { "type": "MultiLineString", "coordinates": [ [ [ 20.356597050970699, -32.8334029937363 ], [ 20.3563211343014, -32.833580700670701 ] ], [ [ 20.356416895464601, -32.833733265929197 ], [ 20.356750765188298, -32.833638953685501 ] ], [ [ 20.356321134300401, -32.833580700671703 ], [ 20.356298840630199, -32.8336003910049 ], [ 20.356284797975, -32.833624914480303 ], [ 20.356280366842999, -32.833651895178697 ], [ 20.3562859765468, -32.833678719113998 ], [ 20.3563010836064, -32.833702787485997 ], [ 20.3563242244009, -32.833721768461203 ], [ 20.356353156967099, -32.833733823091002 ], [ 20.356385078208898, -32.8337377834766 ], [ 20.3564168954736, -32.833733265920202 ] ] ] } },
{ "type": "Feature", "properties": { "name": "Block Reference [7EF3]:0" }, "geometry": { "type": "MultiLineString", "coordinates": [ [ [ 20.362541140753802, -32.832884812541899 ], [ 20.364658256150701, -32.831685885549803 ] ] ] } },
{ "type": "Feature", "properties": { "name": "Block Reference [7EF2]:0" }, "geometry": { "type": "MultiLineString", "coordinates": [ [ [ 20.363460615028, -32.831952645943801 ], [ 20.363460148483199, -32.831950330629397 ], [ 20.363458772115699, -32.831948289662797 ], [ 20.3634566519356, -32.831946769214603 ], [ 20.363454043668298, -32.831945952673102 ], [ 20.363451261909201, -32.831945938525102 ], [ 20.363448642179701, -32.8319467284769 ], [ 20.363446500457801, -32.831948227248702 ], [ 20.363445095066901, -32.8319502540663 ], [ 20.363444595518001, -32.831952564465396 ] ], [ [ 20.363444595509002, -32.831952564474399 ], [ 20.363445062055401, -32.831954879786899 ], [ 20.363446438424699, -32.831956920751601 ], [ 20.363448558606802, -32.831958441197997 ], [ 20.363451166876398, -32.831959257737601 ], [ 20.3634539486379, -32.831959271883598 ], [ 20.363456568369799, -32.831958481929703 ], [ 20.363458710093798, -32.831956983155798 ], [ 20.3634601154865, -32.831954956335998 ], [ 20.3634606150369, -32.831952645934798 ] ], [ [ 20.362757390456299, -32.831291858966701 ], [ 20.362756923932999, -32.831289543649703 ], [ 20.3627555475916, -32.831287502675501 ], [ 20.362753427439301, -32.831285982215498 ], [ 20.3627508191978, -32.831285165659601 ], [ 20.362748037459699, -32.831285151496203 ], [ 20.3627454177437, -32.831285941433599 ], [ 20.362743276026301, -32.831287440193499 ], [ 20.362741870630199, -32.831289467003401 ], [ 20.362741371067202, -32.831291777399798 ] ], [ [ 20.362741371058199, -32.831291777408801 ], [ 20.362741837582998, -32.831294092723802 ], [ 20.362743213926201, -32.831296133696199 ], [ 20.3627453340806, -32.831297654154298 ], [ 20.3627479423244, -32.831298470708397 ], [ 20.362750724064799, -32.831298484869798 ], [ 20.362753343783201, -32.831297694930299 ], [ 20.362755485502699, -32.831296196168203 ], [ 20.362756890900599, -32.831294169356198 ], [ 20.362757390465301, -32.831291858957698 ] ], [ [ 20.361551627546699, -32.831958549841403 ], [ 20.361551161051601, -32.831956234520497 ], [ 20.361549784727998, -32.831954193533399 ], [ 20.3615476645809, -32.831952673053301 ], [ 20.3615450563316, -32.831951856472202 ], [ 20.361542274573299, -32.831951842281804 ], [ 20.3615396548274, -32.831952632193499 ], [ 20.361537513073898, -32.831954130932097 ], [ 20.3615361076398, -32.831956157727703 ], [ 20.361535608041599, -32.8319584681187 ] ], [ [ 20.3615356080326, -32.831958468127702 ], [ 20.361536074529301, -32.831960783446704 ], [ 20.361537450854801, -32.831962824431798 ], [ 20.361539571003899, -32.831964344910197 ], [ 20.361542179255501, -32.8319651614894 ], [ 20.361544961016101, -32.831965175677801 ], [ 20.361547580764402, -32.831964385764003 ], [ 20.361549722520099, -32.831962887023103 ], [ 20.361551127955899, -32.831960860225401 ], [ 20.361551627555698, -32.8319585498324 ] ], [ [ 20.359849616170099, -32.832950991350401 ], [ 20.359849149714499, -32.832948676024003 ], [ 20.3598477734153, -32.832946635018899 ], [ 20.359845653274402, -32.832945114510203 ], [ 20.359843045012401, -32.832944297893597 ], [ 20.3598402632242, -32.832944283664901 ], [ 20.359837643434499, -32.832945073540301 ], [ 20.359835501628702, -32.832946572249 ], [ 20.3598340961404, -32.832948599024498 ], [ 20.359833596492201, -32.8329509094077 ] ], [ [ 20.359833596483199, -32.832950909416702 ], [ 20.359834062940301, -32.832953224741097 ], [ 20.359835439241401, -32.832955265744403 ], [ 20.3598375593843, -32.832956786251302 ], [ 20.359840167648599, -32.832957602866003 ], [ 20.359842949439301, -32.832957617092603 ], [ 20.3598455692313, -32.832956827215099 ], [ 20.359847711039102, -32.832955328504298 ], [ 20.359849116529301, -32.832953301726597 ], [ 20.359849616179101, -32.832950991341399 ] ], [ [ 20.3592825370425, -32.833214231206902 ], [ 20.359282070600401, -32.8332119158786 ], [ 20.3592806943103, -32.8332098748674 ], [ 20.3592785741731, -32.833208354349303 ], [ 20.3592759659088, -32.833207537720902 ], [ 20.359273184112698, -32.833207523479501 ], [ 20.3592705643104, -32.833208313342901 ], [ 20.359268422488899, -32.833209812041602 ], [ 20.359267016983502, -32.833211838810399 ], [ 20.359266517319099, -32.833214149191001 ] ], [ [ 20.3592665173101, -32.833214149200003 ], [ 20.359266983753699, -32.833216464526302 ], [ 20.3592683600457, -32.833218505535697 ], [ 20.3592704801849, -32.833220026051997 ], [ 20.359273088451499, -32.8332208426785 ], [ 20.359275870250102, -32.833220856917897 ], [ 20.359278490054699, -32.833220067052501 ], [ 20.359280631878299, -32.833218568351597 ], [ 20.359282037385501, -32.833216541580597 ], [ 20.359282537051499, -32.8332142311979 ] ], [ [ 20.357998776055201, -32.833301920114799 ], [ 20.357998309646099, -32.833299604782198 ], [ 20.3579969333842, -32.833297563757299 ], [ 20.3579948132673, -32.8332960432177 ], [ 20.3579922050127, -32.833295226562598 ], [ 20.357989423214502, -32.833295212292697 ], [ 20.357986803398699, -32.833296002129003 ], [ 20.3579846615539, -32.833297500805401 ], [ 20.357983256018201, -32.833299527559497 ], [ 20.357982756320101, -32.833301837934499 ] ], [ [ 20.357982756311099, -32.833301837943502 ], [ 20.3579832227217, -32.833304153274099 ], [ 20.3579845989854, -32.833306194297201 ], [ 20.357986719104399, -32.833307714835101 ], [ 20.357989327361398, -32.8333085314882 ], [ 20.357992109161898, -32.833308545756097 ], [ 20.35799472898, -32.833307755917701 ], [ 20.357996870826899, -32.833306257239101 ], [ 20.357998276364501, -32.833304230483002 ], [ 20.3579987760642, -32.833301920105797 ] ], [ [ 20.355739988790798, -32.833959357769501 ], [ 20.3557395224374, -32.833957042429397 ], [ 20.3557381462177, -32.833955001380403 ], [ 20.3557360261245, -32.833953480802897 ], [ 20.355733417872301, -32.833952664100899 ], [ 20.355730636054801, -32.8339526497805 ], [ 20.355728016200501, -32.833953439569001 ], [ 20.355725874302401, -32.833954938205899 ], [ 20.355724468705201, -32.833956964933598 ], [ 20.355723968944801, -32.833959275298596 ] ], [ [ 20.355723968935798, -32.833959275307599 ], [ 20.355724435290799, -32.8339615906457 ], [ 20.355725811512201, -32.833963631692903 ], [ 20.3557279316075, -32.833965152268597 ], [ 20.355730539862101, -32.833965968968698 ], [ 20.3557333216819, -32.833965983287101 ], [ 20.355735941538601, -32.833965193496503 ], [ 20.355738083438698, -32.833963694857403 ], [ 20.355739489037799, -32.8339616681276 ], [ 20.355739988799801, -32.833959357760499 ] ], [ [ 20.354045662044399, -32.834268023069903 ], [ 20.354045195733601, -32.8342657077241 ], [ 20.354043819548401, -32.834263666657002 ], [ 20.3540416994773, -32.834262146051103 ], [ 20.354039091232199, -32.834261329313897 ], [ 20.354036309406101, -32.834261314955803 ], [ 20.354033689528201, -32.834262104708401 ], [ 20.354031547594701, -32.834263603315897 ], [ 20.354030141954301, -32.8342656300239 ], [ 20.354029642148301, -32.834267940381402 ] ], [ [ 20.354029642139299, -32.834267940390397 ], [ 20.354030108451699, -32.834270255734197 ], [ 20.3540314846387, -32.834272296799497 ], [ 20.354033604711798, -32.834273817403499 ], [ 20.354036212959201, -32.8342746341389 ], [ 20.3540389947877, -32.834274648494997 ], [ 20.354041614667899, -32.834273858740303 ], [ 20.354043756603499, -32.834272360130697 ], [ 20.354045162245701, -32.834270333420498 ], [ 20.354045662053402, -32.834268023060901 ] ], [ [ 20.351946800824599, -32.834177297499799 ], [ 20.351946334568801, -32.834174982146898 ], [ 20.3519449584334, -32.834172941057297 ], [ 20.351942838400898, -32.834171420416297 ], [ 20.3519402301784, -32.834170603635599 ], [ 20.351937448356299, -32.834170589230901 ], [ 20.3519348284633, -32.834171378939402 ], [ 20.3519326864973, -32.834172877510497 ], [ 20.351931280811101, -32.834174904194398 ], [ 20.351930780951399, -32.834177214542997 ] ], [ [ 20.3519307809424, -32.834177214552 ], [ 20.351931247199801, -32.834179529902897 ], [ 20.351932623336999, -32.834181570990701 ], [ 20.351934743371601, -32.834183091629797 ], [ 20.351937351596401, -32.834183908408598 ], [ 20.3519401334209, -32.834183922811398 ], [ 20.351942753316202, -32.834183133100801 ], [ 20.351944895284301, -32.834181634527503 ], [ 20.351946300972301, -32.834179607841399 ], [ 20.351946800833598, -32.834177297490797 ] ], [ [ 20.351379998943699, -32.834982659774397 ], [ 20.3513795326989, -32.834980344419797 ], [ 20.3513781565645, -32.834978303324199 ], [ 20.351376036522801, -32.834976782673799 ], [ 20.351373428282301, -32.8349759658811 ], [ 20.351370646435399, -32.834975951463498 ], [ 20.3513680265138, -32.8349767411597 ], [ 20.351365884518898, -32.834978239720499 ], [ 20.351364478807, -32.834980266397501 ], [ 20.351363978927701, -32.834982576743201 ] ], [ [ 20.351363978918702, -32.834982576752203 ], [ 20.351364445165199, -32.834984892104899 ], [ 20.3513658213014, -32.8349869331986 ], [ 20.351367941345099, -32.834988453847302 ], [ 20.351370549587902, -32.834989270637998 ], [ 20.351373331437198, -32.834989285053702 ], [ 20.351375951361099, -32.834988495355397 ], [ 20.3513780933581, -32.834986996792303 ], [ 20.3513794990719, -32.834984970113197 ], [ 20.351379998952702, -32.834982659765402 ] ], [ [ 20.3507208952696, -32.835635015719603 ], [ 20.350720429038802, -32.8356327003629 ], [ 20.350719052909799, -32.835630659260303 ], [ 20.350716932864302, -32.835629138598797 ], [ 20.350714324611101, -32.835628321792399 ], [ 20.3507115427442, -32.835628307359798 ], [ 20.3507089227978, -32.835629097041803 ], [ 20.3507067807761, -32.835630595590899 ], [ 20.3507053750388, -32.835632622259901 ], [ 20.3507048751386, -32.835634932602602 ] ], [ [ 20.350704875129601, -32.835634932611597 ], [ 20.350705341362001, -32.835637247966297 ], [ 20.350706717492798, -32.835639289066997 ], [ 20.350708837540399, -32.835640809726698 ], [ 20.350711445795799, -32.835641626531199 ], [ 20.3507142276652, -32.835641640961803 ], [ 20.350716847613899, -32.835640851277702 ], [ 20.350718989637699, -32.835639352726403 ], [ 20.350720395376801, -32.835637326055199 ], [ 20.350720895278599, -32.835635015710601 ] ], [ [ 20.350164368582799, -32.836339050993999 ], [ 20.3501639023631, -32.836336735635697 ], [ 20.3501625262363, -32.836334694527302 ], [ 20.3501604061839, -32.836333173856403 ], [ 20.3501577979156, -32.836332357038302 ], [ 20.350155016026999, -32.836332342593103 ], [ 20.350152396055101, -32.836333132263 ], [ 20.3501502540072, -32.836334630802099 ], [ 20.350148848245901, -32.836336657464301 ], [ 20.350148348327, -32.836338967804203 ] ], [ [ 20.350148348318001, -32.836338967813198 ], [ 20.350148814539399, -32.836341283169602 ], [ 20.3501501906679, -32.8363433242762 ], [ 20.350152310722301, -32.836344844945202 ], [ 20.350154918992999, -32.836345661761499 ], [ 20.350157700884001, -32.836345676204701 ], [ 20.350160320858201, -32.836344886532601 ], [ 20.350162462908301, -32.836343387991398 ], [ 20.350163868671299, -32.836341361327001 ], [ 20.350164368591798, -32.836339050985003 ] ], [ [ 20.349658082727299, -32.836841222112902 ], [ 20.3496576165184, -32.836838906753002 ], [ 20.349656240395799, -32.836836865639199 ], [ 20.3496541203404, -32.836835344959802 ], [ 20.349651512062302, -32.836834528131099 ], [ 20.3496487301583, -32.836834513674503 ], [ 20.349646110167299, -32.836835303333501 ], [ 20.3496439680988, -32.836836801863498 ], [ 20.349642562318, -32.836838828519703 ], [ 20.349642062383001, -32.836841138857203 ] ], [ [ 20.349642062373999, -32.836841138866198 ], [ 20.349642528584599, -32.836843454224102 ], [ 20.349643904708898, -32.8368454953361 ], [ 20.3496460247664, -32.8368470160136 ], [ 20.349648633046801, -32.836847832840498 ], [ 20.3496514149532, -32.836847847295097 ], [ 20.3496540349466, -32.836847057634003 ], [ 20.349656177017199, -32.836845559101803 ], [ 20.349657582799701, -32.836843532443503 ], [ 20.349658082736301, -32.836841222103899 ] ] ] } },
{ "type": "Feature", "properties": { "name": "Block Reference [7EF2]:1" }, "geometry": { "type": "MultiLineString", "coordinates": [ [ [ 20.3634862499425, -32.831994952210202 ], [ 20.363452605269501, -32.8319526052084 ] ], [ [ 20.363452605268499, -32.831952605209402 ], [ 20.363412238988602, -32.831914675281098 ] ], [ [ 20.363208885605498, -32.831723594844398 ], [ 20.362749380758199, -32.831291818186997 ] ], [ [ 20.362749380757201, -32.831291818187999 ], [ 20.362174221902102, -32.831609837902803 ] ], [ [ 20.361589824221198, -32.831932960913598 ], [ 20.361543617790701, -32.831958508983803 ] ], [ [ 20.3615436177897, -32.831958508984798 ], [ 20.361498170473801, -32.831985009868802 ] ], [ [ 20.359904222123198, -32.832914439977699 ], [ 20.359841606327599, -32.832950950382802 ] ], [ [ 20.359841606326601, -32.832950950383797 ], [ 20.359774923411202, -32.832981905005802 ] ], [ [ 20.3595451222793, -32.833088579675 ], [ 20.359274527177298, -32.833214190202703 ] ], [ [ 20.3592745271763, -32.833214190203698 ], [ 20.358966731598102, -32.833235215764198 ] ], [ [ 20.3583672391762, -32.833276164976802 ], [ 20.357990766184098, -32.833301879028397 ] ], [ [ 20.3579907661831, -32.833301879029399 ], [ 20.357633688743, -32.833405812555498 ] ], [ [ 20.356196863427702, -32.833824012440999 ], [ 20.355731978864299, -32.833959316537801 ] ], [ [ 20.3557319788633, -32.833959316538802 ], [ 20.355251307756401, -32.834046885697603 ] ], [ [ 20.354459877764999, -32.834191064820502 ], [ 20.354037652092799, -32.834267981729397 ] ], [ [ 20.354037652091801, -32.834267981730399 ], [ 20.3536062734225, -32.834249337773898 ] ], [ [ 20.3525823997111, -32.834205080521102 ], [ 20.3519387908845, -32.8341772560251 ] ], [ [ 20.351938790883501, -32.834177256026102 ], [ 20.351609604295302, -32.834644995509002 ] ], [ [ 20.3514859343212, -32.834820715999101 ], [ 20.3513719889322, -32.8349826182626 ] ], [ [ 20.351371988931199, -32.834982618263602 ], [ 20.351227225538501, -32.835125900718303 ] ], [ [ 20.350802761122999, -32.835546019160603 ], [ 20.350712885200601, -32.835634974164797 ] ], [ [ 20.350712885199599, -32.835634974165799 ], [ 20.350636009559899, -32.8357322266667 ] ], [ [ 20.350184059090498, -32.836303966983102 ], [ 20.3501563584514, -32.836339009402899 ] ], [ [ 20.350156358450398, -32.8363390094039 ], [ 20.350124014008198, -32.836371091202302 ] ], [ [ 20.349973965602199, -32.836519920765198 ], [ 20.3496500725517, -32.836841180488797 ] ], [ [ 20.349650072550698, -32.836841180489799 ], [ 20.349169719631799, -32.836957488773201 ] ] ] } },
{ "type": "Feature", "properties": { "name": "Block Reference [7EF2]:2" }, "geometry": { "type": "MultiLineString", "coordinates": [ [ [ 20.363680584743499, -32.832239551512203 ], [ 20.363486249943499, -32.8319949522092 ] ], [ [ 20.3634122389876, -32.8319146752821 ], [ 20.3632088856065, -32.831723594843403 ] ], [ [ 20.3621742219011, -32.831609837903798 ], [ 20.3615898242222, -32.831932960912603 ] ], [ [ 20.3614981704728, -32.831985009869797 ], [ 20.3599042221242, -32.832914439976697 ] ], [ [ 20.3597749234102, -32.832981905006797 ], [ 20.359545122280299, -32.833088579673998 ] ], [ [ 20.3589667315971, -32.8332352157652 ], [ 20.358367239177198, -32.8332761649758 ] ], [ [ 20.357633688741998, -32.833405812556499 ], [ 20.3561968634287, -32.833824012439997 ] ], [ [ 20.355251307755399, -32.834046885698598 ], [ 20.354459877766001, -32.8341910648195 ] ], [ [ 20.353606273421502, -32.834249337774899 ], [ 20.352582399712102, -32.8342050805201 ] ], [ [ 20.3516096042943, -32.834644995509997 ], [ 20.351485934322199, -32.834820715998099 ] ], [ [ 20.3512272255375, -32.835125900719298 ], [ 20.350802761124001, -32.835546019159601 ] ], [ [ 20.350636009558901, -32.835732226667702 ], [ 20.3501840590915, -32.836303966982101 ] ], [ [ 20.3501240140072, -32.836371091203297 ], [ 20.349973965603201, -32.836519920764196 ] ], [ [ 20.349169719630801, -32.836957488774203 ], [ 20.348917329830702, -32.837018599277997 ] ], [ [ 20.3634862499425, -32.831994952210202 ], [ 20.363478698812301, -32.8319856071926 ], [ 20.363470975027202, -32.831976363300598 ], [ 20.363463080486799, -32.831967222807698 ], [ 20.3634550171328, -32.831958187961902 ], [ 20.363446786948401, -32.831949260985297 ], [ 20.363438391957899, -32.831940444073503 ], [ 20.363429834226, -32.831931739395003 ], [ 20.363421115857399, -32.831923149090599 ], [ 20.363412238996599, -32.831914675273097 ] ], [ [ 20.363208885605498, -32.831723594844398 ], [ 20.363117464444301, -32.831650234959298 ], [ 20.363013536901299, -32.831589900433599 ], [ 20.362899679839501, -32.831544087236402 ], [ 20.362778716305598, -32.831513931284398 ], [ 20.362653645536401, -32.831500180279001 ], [ 20.362527568598701, -32.8315031751684 ], [ 20.3624036115047, -32.831522841694998 ], [ 20.362284847709201, -32.8315586922363 ], [ 20.362174221910099, -32.831609837894803 ] ], [ [ 20.361589824221198, -32.831932960913598 ], [ 20.361579565859898, -32.831938649828899 ], [ 20.361569325973399, -32.831944362419797 ], [ 20.3615591046382, -32.831950098643603 ], [ 20.361548901930899, -32.831955858457398 ], [ 20.361538717927999, -32.831961641818097 ], [ 20.3615285527056, -32.831967448682299 ], [ 20.361518406339801, -32.831973279006597 ], [ 20.361508278906602, -32.831979132747399 ], [ 20.361498170481799, -32.831985009860801 ] ], [ [ 20.3597749234102, -32.832981905006797 ], [ 20.359789682755, -32.832974961655999 ], [ 20.359804348221001, -32.8329678779414 ], [ 20.3598189179352, -32.832960654767703 ], [ 20.359833390037199, -32.832953293057201 ], [ 20.359847762678999, -32.832945793750099 ], [ 20.359862034025198, -32.832938157803902 ], [ 20.3598762022534, -32.832930386193802 ], [ 20.359890265554299, -32.832922479912099 ], [ 20.359904222132201, -32.832914439968697 ] ], [ [ 20.3589667315971, -32.8332352157652 ], [ 20.3590339601644, -32.833229281344899 ], [ 20.359100785382399, -32.833220693207402 ], [ 20.359167060366801, -32.833209470229498 ], [ 20.359232639442698, -32.833195637079797 ], [ 20.359297378465101, -32.833179224163899 ], [ 20.3593611351357, -32.833160267558 ], [ 20.359423769315601, -32.833138808929199 ], [ 20.359485143333501, -32.833114895444403 ], [ 20.359545122288299, -32.833088579665997 ] ], [ [ 20.3583672391762, -32.833276164976802 ], [ 20.358284123991901, -32.833282829211697 ], [ 20.358201261548501, -32.833291449679699 ], [ 20.358118716429502, -32.833302019661801 ], [ 20.358036552971001, -32.833314530919701 ], [ 20.357954835211999, -32.833328973701903 ], [ 20.357873626843901, -32.833345336751599 ], [ 20.3577929911613, -32.833363607315199 ], [ 20.357712991012701, -32.833383771152498 ], [ 20.357633688751001, -32.833405812547497 ] ], [ [ 20.355251307755399, -32.834046885698598 ], [ 20.355357840698002, -32.834026852054997 ], [ 20.355464049278499, -32.834005626442497 ], [ 20.355569914785001, -32.8339832126006 ], [ 20.355675418566101, -32.833959614478204 ], [ 20.355780542034001, -32.8339348362327 ], [ 20.355885266668299, -32.8339088822297 ], [ 20.355989574018501, -32.833881757041802 ], [ 20.356093445708002, -32.833853465447703 ], [ 20.356196863436701, -32.833824012431997 ] ], [ [ 20.353606273421502, -32.834249337774899 ], [ 20.353701637161301, -32.834252277864401 ], [ 20.353797061994101, -32.834252858319502 ], [ 20.353892466018198, -32.834251078641998 ], [ 20.353987767349601, -32.8342469403593 ], [ 20.354082884192302, -32.834240447023099 ], [ 20.354177734909001, -32.834231604206501 ], [ 20.354272238090601, -32.834220419499097 ], [ 20.3543663126265, -32.834206902500298 ], [ 20.354459877774001, -32.834191064811499 ] ], [ [ 20.3525823997111, -32.834205080521102 ], [ 20.352453627539699, -32.834206076810901 ], [ 20.3523259334684, -32.834220150363002 ], [ 20.352201173957301, -32.8342470965706 ], [ 20.352081162806702, -32.834286523679502 ], [ 20.351967644789099, -32.834337858483401 ], [ 20.351862270285299, -32.834400354656303 ], [ 20.351766571291101, -32.834473103602498 ], [ 20.3516819391456, -32.834555047664999 ], [ 20.351609604303299, -32.834644995501002 ] ], [ [ 20.3512272255375, -32.835125900719298 ], [ 20.3512589601972, -32.835093882871597 ], [ 20.351289972461, -32.835061364434701 ], [ 20.351320251252901, -32.835028357023504 ], [ 20.351349785758899, -32.834994872427401 ], [ 20.351378565430998, -32.834960922606101 ], [ 20.351406579990499, -32.834926519685602 ], [ 20.351433819432401, -32.834891675953799 ], [ 20.351460274028199, -32.834856403855902 ], [ 20.351485934330199, -32.834820715990098 ] ], [ [ 20.350802761122999, -32.835546019160603 ], [ 20.350782965352899, -32.835565873705697 ], [ 20.350763478944302, -32.835585945186601 ], [ 20.350744305232599, -32.835606230167997 ], [ 20.350725447499801, -32.835626725177903 ], [ 20.350706908973599, -32.835647426708697 ], [ 20.350688692827301, -32.835668331217001 ], [ 20.350670802178701, -32.835689435125097 ], [ 20.3506532400902, -32.8357107348208 ], [ 20.3506360095679, -32.835732226658699 ] ], [ [ 20.3501240140072, -32.836371091203297 ], [ 20.3501311386302, -32.836363930915802 ], [ 20.350138152701, -32.836356693255901 ], [ 20.3501450550405, -32.836349379439902 ], [ 20.350151844488799, -32.8363419906972 ], [ 20.350158519904799, -32.836334528269497 ], [ 20.3501650801667, -32.836326993410999 ], [ 20.350171524171799, -32.836319387388102 ], [ 20.350177850837198, -32.836311711479098 ], [ 20.350184059099501, -32.8363039669741 ] ], [ [ 20.349169719630801, -32.836957488774203 ], [ 20.349272347625998, -32.836929555310803 ], [ 20.349372603770799, -32.836896040657898 ], [ 20.349470062697499, -32.836857087012397 ], [ 20.349564310907802, -32.8368128596478 ], [ 20.3496549485277, -32.8367635462129 ], [ 20.3497415910042, -32.836709355935398 ], [ 20.349823870736799, -32.836650518734402 ], [ 20.349901438637399, -32.836587284244303 ], [ 20.349973965611198, -32.836519920756203 ] ] ] } },
{ "type": "Feature", "properties": { "name": "Block Reference [7EF1]:0" }, "geometry": { "type": "MultiLineString", "coordinates": [ [ [ 20.362556013902999, -32.8329035328522 ], [ 20.364673129553001, -32.831704605615101 ] ] ] } },
{ "type": "Feature", "properties": { "name": "Block Reference [7EF0]:0" }, "geometry": { "type": "MultiLineString", "coordinates": [ [ [ 20.3625262676108, -32.8328660922298 ], [ 20.364643382754799, -32.831667165482799 ] ] ] } },
{ "type": "Feature", "properties": { "name": "Block Reference [7EEF]:0" }, "geometry": { "type": "MultiLineString", "coordinates": [ [ [ 20.363702758218999, -32.832226994594102 ], [ 20.363508423384499, -32.831982395324601 ] ], [ [ 20.363432099578102, -32.8318996097561 ], [ 20.363228746187598, -32.8317085293491 ] ], [ [ 20.362159593891199, -32.8315909805359 ], [ 20.361575196285202, -32.831914103478297 ] ], [ [ 20.361482996988801, -32.831966462239997 ], [ 20.359889048820101, -32.832895892158497 ] ], [ [ 20.359762059029102, -32.8329621524422 ], [ 20.359532257935498, -32.833068827086599 ] ], [ [ 20.3589645783142, -32.8332127476625 ], [ 20.358365086044699, -32.833253696864801 ] ], [ [ 20.357624986226799, -32.833384501983602 ], [ 20.3561881612194, -32.833802701772399 ] ], [ [ 20.355245675745099, -32.834024851366003 ], [ 20.354454245943401, -32.834169030454099 ] ], [ [ 20.353607638566299, -32.834226825750797 ], [ 20.352583765114201, -32.834182568510201 ] ], [ [ 20.351586649949599, -32.834633481291696 ], [ 20.351462979949101, -32.834809201757103 ] ], [ [ 20.351206911015701, -32.835111272304403 ], [ 20.350782446578599, -32.835531390676401 ] ], [ [ 20.3506138000911, -32.8357197141504 ], [ 20.350161849547501, -32.836291454384799 ] ], [ [ 20.350103680865701, -32.836356480964298 ], [ 20.3499536324533, -32.836505310501003 ] ], [ [ 20.349162358287199, -32.836935820877301 ], [ 20.3489099685439, -32.836996931367203 ] ], [ [ 20.3635084233835, -32.831982395325603 ], [ 20.363500636279099, -32.831972758277601 ], [ 20.363492671124501, -32.831963225515402 ], [ 20.363484529878601, -32.831953799383399 ], [ 20.363476214543699, -32.8319444822001 ], [ 20.363467727165101, -32.831935276256999 ], [ 20.363459069830299, -32.831926183818098 ], [ 20.363450244668499, -32.831917207119901 ], [ 20.363441253850301, -32.8319083483699 ], [ 20.363432099587101, -32.831899609747097 ] ], [ [ 20.3632287461866, -32.831708529350102 ], [ 20.363134277654598, -32.831632724149202 ], [ 20.363026885871399, -32.831570378485502 ], [ 20.3629092335945, -32.831523038192699 ], [ 20.3627842379701, -32.831491877050098 ], [ 20.3626549982068, -32.831477667681703 ], [ 20.362524718737401, -32.831480762400403 ], [ 20.362396629770899, -32.831501084473402 ], [ 20.3622739072079, -32.831538130024498 ], [ 20.362159593900198, -32.831590980526897 ] ], [ [ 20.3615751962842, -32.831914103479299 ], [ 20.361564876862499, -32.831919826255998 ], [ 20.361554576025501, -32.831925572849201 ], [ 20.361544293850301, -32.831931343216098 ], [ 20.3615340304139, -32.831937137313297 ], [ 20.3615237857931, -32.831942955097503 ], [ 20.361513560064601, -32.831948796525303 ], [ 20.361503353304901, -32.8319546615527 ], [ 20.361493165590598, -32.831960550136003 ], [ 20.3614829969978, -32.831966462231001 ] ], [ [ 20.359762059029102, -32.8329621524422 ], [ 20.359776554811901, -32.832955333081202 ], [ 20.359790958392399, -32.832948375862998 ], [ 20.359805267931101, -32.832941281676 ], [ 20.359819481600699, -32.8329340514262 ], [ 20.359833597586299, -32.8329266860367 ], [ 20.359847614085201, -32.832919186448201 ], [ 20.359861529307601, -32.832911553618402 ], [ 20.359875341476499, -32.832903788522003 ], [ 20.359889048828101, -32.832895892150503 ] ], [ [ 20.3589645783142, -32.8332127476625 ], [ 20.359030561891601, -32.833206923140096 ], [ 20.3590961495896, -32.833198494043998 ], [ 20.3591611972439, -32.8331874789016 ], [ 20.359225561877601, -32.833173901924297 ], [ 20.359289102015101, -32.833157792954999 ], [ 20.359351677993399, -32.8331391874015 ], [ 20.3594131522689, -32.833118126159498 ], [ 20.359473389719899, -32.833094655522103 ], [ 20.359532257943499, -32.833068827078598 ] ], [ [ 20.358365086043701, -32.833253696865803 ], [ 20.358281228780498, -32.833260420601398 ], [ 20.358197626514599, -32.833269118036 ], [ 20.358114344406001, -32.833279782390598 ], [ 20.358031447365299, -32.833292405353298 ], [ 20.357949000003, -32.833306977085599 ], [ 20.357867066579299, -32.833323486230199 ], [ 20.357785710953902, -32.833341919919597 ], [ 20.3577049965361, -32.833362263786498 ], [ 20.357624986235798, -32.833384501974599 ] ], [ [ 20.355245675745099, -32.834024851366003 ], [ 20.355351862776399, -32.834004882771197 ], [ 20.3554577264991, -32.833983726077903 ], [ 20.355563248262001, -32.833961385013303 ], [ 20.355668409474301, -32.833937863513498 ], [ 20.355773191608598, -32.8339131657225 ], [ 20.355877576204499, -32.833887295991701 ], [ 20.355981544871501, -32.833860258878701 ], [ 20.356085079292701, -32.8338320591468 ], [ 20.356188161227401, -32.833802701764398 ] ], [ [ 20.353607638566299, -32.834226825750797 ], [ 20.353702220612199, -32.834229741740003 ], [ 20.353796863250398, -32.834230317436898 ], [ 20.353891485250401, -32.834228552347099 ], [ 20.353986005399499, -32.834224447985399 ], [ 20.354080342572299, -32.834218007874597 ], [ 20.354174415800699, -32.834209237541998 ], [ 20.354268144342999, -32.8341981445149 ], [ 20.354361447753501, -32.8341847383142 ], [ 20.354454245951398, -32.834169030446098 ] ], [ [ 20.352583765113199, -32.834182568511203 ], [ 20.352451773670801, -32.834183589708402 ], [ 20.352320887279902, -32.834198015096199 ], [ 20.352193008810499, -32.834225634952702 ], [ 20.352069997406002, -32.834266047730303 ], [ 20.351953641456799, -32.834318665892901 ], [ 20.3518456326021, -32.834382724457299 ], [ 20.351747541137001, -32.834457292113498 ], [ 20.3516607931839, -32.834541284763802 ], [ 20.351586649958598, -32.834633481282701 ] ], [ [ 20.351206911015701, -32.835111272304403 ], [ 20.3512383218543, -32.835079581174497 ], [ 20.351269017668901, -32.835047394563503 ], [ 20.351298987496499, -32.835014723967603 ], [ 20.351328220633398, -32.834981581055899 ], [ 20.351356706639098, -32.834947977666303 ], [ 20.351384435340101, -32.834913925800898 ], [ 20.3514113968332, -32.834879437622199 ], [ 20.3514375814893, -32.834844525448403 ], [ 20.351462979957098, -32.834809201749103 ] ], [ [ 20.3507824465776, -32.835531390677403 ], [ 20.350762425854199, -32.8355514708391 ], [ 20.350742718007702, -32.835571770401799 ], [ 20.350723326411401, -32.835592285891103 ], [ 20.350704254384301, -32.8356130137958 ], [ 20.350685505190999, -32.835633950568003 ], [ 20.350667082040701, -32.8356550926244 ], [ 20.350648988086899, -32.835676436346503 ], [ 20.3506312264266, -32.8356979780812 ], [ 20.350613800100099, -32.835719714141398 ] ], [ [ 20.350103680865701, -32.836356480964298 ], [ 20.350110582844799, -32.8363495444368 ], [ 20.350117377726399, -32.836342532954902 ], [ 20.350124064368401, -32.836335447696698 ], [ 20.350130641647102, -32.836328289853299 ], [ 20.350137108457101, -32.836321060627498 ], [ 20.3501434637116, -32.8363137612344 ], [ 20.3501497063424, -32.836306392900703 ], [ 20.350155835300399, -32.836298956864901 ], [ 20.350161849555501, -32.836291454376799 ] ], [ [ 20.349162358287199, -32.836935820877301 ], [ 20.349263330970199, -32.836908337959898 ], [ 20.349361970060698, -32.836875363873297 ], [ 20.349457857051899, -32.836837038520798 ], [ 20.349550585115299, -32.83679352451 ], [ 20.349639760826701, -32.836745006463097 ], [ 20.349725005835701, -32.836691690232897 ], [ 20.349805958471102, -32.836633802030001 ], [ 20.349882275275199, -32.836571587462203 ], [ 20.3499536324613, -32.836505310493003 ] ] ] } },
{ "type": "Feature", "properties": { "name": "Block Reference [7EEE]:0" }, "geometry": { "type": "MultiLineString", "coordinates": [ [ [ 20.3636584112616, -32.832252108426196 ], [ 20.3634640764963, -32.832007509089699 ] ], [ [ 20.363392378390401, -32.831929740804902 ], [ 20.363189025018599, -32.831738660334402 ] ], [ [ 20.3621888499171, -32.831628695269899 ], [ 20.361604452165299, -32.831951818345303 ] ], [ [ 20.3615133439632, -32.832003557497799 ], [ 20.359919395434499, -32.832932987793001 ] ], [ [ 20.359787787797, -32.8330016575702 ], [ 20.359557986630801, -32.833108332260203 ] ], [ [ 20.358968884880898, -32.833257683867799 ], [ 20.358369392310699, -32.833298633086699 ] ], [ [ 20.357642391261201, -32.8334271231287 ], [ 20.356205565642, -32.8338453231069 ] ], [ [ 20.355256939768399, -32.834068920030901 ], [ 20.3544655095914, -32.834213099184602 ] ], [ [ 20.353604908276001, -32.834271849799002 ], [ 20.3525810343092, -32.834227592529999 ] ], [ [ 20.351632558645001, -32.834656509724198 ], [ 20.3515088887014, -32.834832230235001 ] ], [ [ 20.351247540066002, -32.835140529131003 ], [ 20.3508230756761, -32.835560647639497 ] ], [ [ 20.350658219033001, -32.835744739181003 ], [ 20.350206268641699, -32.836316479575501 ] ], [ [ 20.3501443471553, -32.836385701439099 ], [ 20.3499942987598, -32.8365345310241 ] ], [ [ 20.3491770809778, -32.836979156670601 ], [ 20.348924691120899, -32.8370402671883 ] ], [ [ 20.363464076495301, -32.832007509090701 ], [ 20.3634567613393, -32.831998456103598 ], [ 20.3634492789236, -32.831989501081999 ], [ 20.363441631088701, -32.831980646228097 ], [ 20.3634338197155, -32.831971893720002 ], [ 20.3634258467252, -32.83196324571 ], [ 20.363417714078899, -32.831954704325398 ], [ 20.363409423776801, -32.831946271666702 ], [ 20.3634009778578, -32.831937949808001 ], [ 20.3633923783994, -32.8319297407959 ] ], [ [ 20.363189025017601, -32.831738660335397 ], [ 20.363100651227398, -32.831667745767 ], [ 20.363000187925199, -32.831609422379998 ], [ 20.3628901260799, -32.831565136279202 ], [ 20.362773194638201, -32.8315359855184 ], [ 20.362652292865199, -32.831522692876099 ], [ 20.3625304184614, -32.831525587936198 ], [ 20.362410593241801, -32.831544598916103 ], [ 20.362295788215501, -32.831579254447199 ], [ 20.362188849926099, -32.831628695260903 ] ], [ [ 20.3616044521643, -32.831951818346298 ], [ 20.361594254863501, -32.831957473400003 ], [ 20.3615840759274, -32.831963151988603 ], [ 20.361573915432299, -32.831968854069402 ], [ 20.361563773454201, -32.831974579599802 ], [ 20.361553650069101, -32.831980328536801 ], [ 20.361543545352799, -32.831986100837597 ], [ 20.361533459380901, -32.831991896458803 ], [ 20.3615233922289, -32.831997715356998 ], [ 20.361513343972199, -32.832003557488797 ] ], [ [ 20.359787787797, -32.8330016575702 ], [ 20.359802810703901, -32.832994590229397 ], [ 20.359817738055298, -32.832987380018402 ], [ 20.359832567945201, -32.8329800278579 ], [ 20.3598472984797, -32.832972534686803 ], [ 20.3598619277778, -32.8329649014618 ], [ 20.359876453971399, -32.832957129157897 ], [ 20.359890875205402, -32.832949218767403 ], [ 20.3599051896385, -32.832941171300497 ], [ 20.3599193954425, -32.832932987785 ] ], [ [ 20.358968884880898, -32.833257683867799 ], [ 20.359037358438702, -32.833251639549601 ], [ 20.3591054211775, -32.8332428923705 ], [ 20.359172923492501, -32.833231461557098 ], [ 20.359239717011199, -32.833217372234799 ], [ 20.359305654919002, -32.833200655372202 ], [ 20.359370592282399, -32.833181347713698 ], [ 20.359434386367099, -32.833159491697998 ], [ 20.3594968969524, -32.833135135365602 ], [ 20.359557986638801, -32.833108332252202 ] ], [ [ 20.358369392309701, -32.833298633087701 ], [ 20.358287019204699, -32.833305237821897 ], [ 20.358204896584201, -32.833313781323298 ], [ 20.358123088455098, -32.833324256932897 ], [ 20.3580416585793, -32.833336656485898 ], [ 20.3579606704238, -32.833350970317902 ], [ 20.357880187111601, -32.8333671872726 ], [ 20.357800271372302, -32.833385294710403 ], [ 20.357720985493, -32.833405278517901 ], [ 20.3576423912702, -32.833427123119598 ] ], [ [ 20.355256939768399, -32.834068920030901 ], [ 20.355363818622401, -32.834048821338499 ], [ 20.3554703720608, -32.8340275268068 ], [ 20.355576581311102, -32.834005040187499 ], [ 20.355682427661101, -32.833981365442398 ], [ 20.355787892462999, -32.833956506742503 ], [ 20.355892957135801, -32.833930468467301 ], [ 20.3559976031693, -32.833903255204298 ], [ 20.3561018121272, -32.833874871748002 ], [ 20.356205565650001, -32.833845323098899 ] ], [ [ 20.353604908276001, -32.834271849799002 ], [ 20.353701053709901, -32.8342748139886 ], [ 20.353797260737799, -32.834275399201999 ], [ 20.353893446786401, -32.834273604936797 ], [ 20.353989529300399, -32.834269432733102 ], [ 20.354085425813501, -32.834262886171501 ], [ 20.354181054018799, -32.834253970870897 ], [ 20.3542763318402, -32.834242694483002 ], [ 20.3543711775019, -32.834229066686099 ], [ 20.3544655095994, -32.834213099176601 ] ], [ [ 20.352581034308201, -32.834227592531001 ], [ 20.3524554814095, -32.834228563913399 ], [ 20.3523309796592, -32.8342422856296 ], [ 20.352209339107901, -32.834268558188 ], [ 20.3520923282124, -32.834306999627799 ], [ 20.351981648127399, -32.834357051072203 ], [ 20.351878907974999, -32.834417984853097 ], [ 20.351785601451901, -32.834488915088698 ], [ 20.351703085114, -32.8345688105627 ], [ 20.351632558654, -32.834656509715202 ] ], [ [ 20.351247540066002, -32.835140529131003 ], [ 20.3512795985467, -32.8351081845653 ], [ 20.3513109272596, -32.835075334302601 ], [ 20.3513415150158, -32.835041990075901 ], [ 20.351371350890901, -32.835008163795102 ], [ 20.351400424229201, -32.834973867542097 ], [ 20.351428724647199, -32.834939113566499 ], [ 20.351456242037699, -32.834903914281497 ], [ 20.351482966573201, -32.8348682822594 ], [ 20.3515088887094, -32.834832230227001 ] ], [ [ 20.350823075675098, -32.835560647640499 ], [ 20.350803504858099, -32.835580276568997 ], [ 20.3507842398874, -32.835600119967999 ], [ 20.3507652840605, -32.835620174441303 ], [ 20.3507466406219, -32.835640436556503 ], [ 20.350728312762801, -32.835660902845703 ], [ 20.3507103036202, -32.835681569805899 ], [ 20.350692616276898, -32.835702433899897 ], [ 20.350675253760102, -32.8357234915566 ], [ 20.350658219042, -32.835744739172 ] ], [ [ 20.3501443471553, -32.836385701439099 ], [ 20.350151694422301, -32.8363783173914 ], [ 20.350158927682202, -32.836370853553497 ], [ 20.350166045719199, -32.836363311179603 ], [ 20.350173047337101, -32.836355691537499 ], [ 20.350179931359101, -32.836347995907801 ], [ 20.350186696628199, -32.836340225583903 ], [ 20.3501933420076, -32.8363323818716 ], [ 20.350199866380301, -32.836324466089401 ], [ 20.3502062686497, -32.8363164795675 ] ], [ [ 20.3491770809778, -32.836979156670601 ], [ 20.349281364285901, -32.836950772660998 ], [ 20.349383237485799, -32.836916717441603 ], [ 20.349482268348499, -32.836877135502803 ], [ 20.349578036706099, -32.836832194784002 ], [ 20.349670136234899, -32.836782085960799 ], [ 20.349758176179201, -32.836727021635703 ], [ 20.3498417830092, -32.836667235436302 ], [ 20.3499206020063, -32.836602981023603 ], [ 20.3499942987678, -32.836534531016099 ] ] ] } },
{ "type": "Feature", "properties": { "name": "Block Reference [7E35]:0" }, "geometry": { "type": "MultiLineString", "coordinates": [ [ [ 20.3613448189605, -32.7807826033807 ], [ 20.361344352715101, -32.780780288043502 ], [ 20.361342977164501, -32.780778247047401 ], [ 20.3613408582207, -32.780776726566401 ], [ 20.3613382514595, -32.780775909992798 ], [ 20.361335471295, -32.7807758958173 ], [ 20.361332853056101, -32.780776685749601 ], [ 20.361330712541001, -32.780778184512002 ], [ 20.361329307927601, -32.780780211331603 ], [ 20.3613288086332, -32.780782521744001 ] ], [ [ 20.361328808624201, -32.780782521752997 ], [ 20.361329274871199, -32.780784837088198 ], [ 20.361330650423501, -32.780786878082502 ], [ 20.361332769369401, -32.780788398561697 ], [ 20.361335376132899, -32.780789215133403 ], [ 20.361338156299801, -32.780789229306897 ], [ 20.361340774541102, -32.7807884393725 ], [ 20.361342915058302, -32.780786940607904 ], [ 20.3613443196734, -32.7807849137861 ], [ 20.361344818969499, -32.780782603371598 ] ], [ [ 20.357551583532199, -32.7832233821144 ], [ 20.357551117373699, -32.783221066765101 ], [ 20.3575497418739, -32.783219025728698 ], [ 20.357547622938601, -32.783217505184197 ], [ 20.357545016142598, -32.783216688531503 ], [ 20.357542235904301, -32.783216674270903 ], [ 20.357539617561301, -32.783217464122302 ], [ 20.357537476924598, -32.783218962817799 ], [ 20.357536072186601, -32.7832209895926 ], [ 20.3575355727797, -32.783223299987498 ] ], [ [ 20.357535572770701, -32.7832232999965 ], [ 20.3575360389308, -32.783225615343902 ], [ 20.3575374144324, -32.783227656378401 ], [ 20.357539533369799, -32.783229176921097 ], [ 20.357542140168, -32.783229993571901 ], [ 20.357544920408799, -32.783230007830497 ], [ 20.357547538754101, -32.783229217977002 ], [ 20.3575496793929, -32.783227719279402 ], [ 20.357551084132702, -32.783225692502398 ], [ 20.357551583541198, -32.783223382105398 ] ], [ [ 20.357454290293202, -32.784520539758702 ], [ 20.357453824130999, -32.784518224409403 ], [ 20.357452448614001, -32.784516183372197 ], [ 20.3574503296499, -32.784514662825998 ], [ 20.357447722817302, -32.784513846171002 ], [ 20.357444942538699, -32.784513831907802 ], [ 20.3574423241567, -32.784514621756401 ], [ 20.357440183486901, -32.784516120449602 ], [ 20.3574387787258, -32.784518147222599 ], [ 20.3574382793085, -32.784520457616601 ] ], [ [ 20.3574382792996, -32.784520457625597 ], [ 20.357438745463298, -32.784522772972899 ], [ 20.357440120982101, -32.7845248140083 ], [ 20.357442239948199, -32.784526334552602 ], [ 20.357444846783199, -32.784527151205701 ], [ 20.3574476270642, -32.784527165466997 ], [ 20.3574502454486, -32.784526375616203 ], [ 20.3574523861204, -32.784524876920898 ], [ 20.357453790883302, -32.784522850145798 ], [ 20.357454290302201, -32.7845205397497 ] ], [ [ 20.356498707639801, -32.7862225684378 ], [ 20.3564982414943, -32.786220253085801 ], [ 20.356496865973799, -32.786218212038598 ], [ 20.356494746986499, -32.786216691476298 ], [ 20.356492140113499, -32.786215874801201 ], [ 20.356489359782501, -32.786215860516002 ], [ 20.356486741342199, -32.786216650343803 ], [ 20.356484600615499, -32.786218149019497 ], [ 20.356483195805499, -32.786220175780599 ], [ 20.3564826963533, -32.786222486169798 ] ], [ [ 20.356482696344301, -32.786222486178801 ], [ 20.356483162491401, -32.786224801528803 ], [ 20.356484538013699, -32.786226842574202 ], [ 20.356486657003099, -32.786228363134597 ], [ 20.356489263878299, -32.786229179807897 ], [ 20.356492044211802, -32.786229194091 ], [ 20.356494662654399, -32.786228404261102 ], [ 20.356496803383202, -32.786226905583298 ], [ 20.356498208194999, -32.786224878820001 ], [ 20.3564987076488, -32.786222568428798 ] ], [ [ 20.358264204343001, -32.788291761445599 ], [ 20.358263738141801, -32.788289446100201 ], [ 20.358262362549599, -32.788287405072197 ], [ 20.358260243483201, -32.788285884539299 ], [ 20.358257636533502, -32.788285067900198 ], [ 20.358254856137101, -32.788285053653503 ], [ 20.358252237650898, -32.788285843517301 ], [ 20.358250096902999, -32.788287342222503 ], [ 20.358248692099401, -32.788289369002797 ], [ 20.3582481926802, -32.788291679398597 ] ], [ [ 20.358248192671201, -32.7882916794076 ], [ 20.358248658874, -32.788293994751001 ], [ 20.358250034468, -32.7882960357773 ], [ 20.358252153536402, -32.788297556308301 ], [ 20.3582547604884, -32.788298372945498 ], [ 20.358257540887301, -32.788298387190302 ], [ 20.358260159375799, -32.788297597324302 ], [ 20.358262300125801, -32.788296098617003 ], [ 20.358263704931201, -32.7882940718345 ], [ 20.358264204352, -32.788291761436597 ] ], [ [ 20.355500227825299, -32.791005284117801 ], [ 20.355499761682999, -32.791002968763898 ], [ 20.355498386113801, -32.791000927706598 ], [ 20.3554962670317, -32.790999407127401 ], [ 20.355493660029499, -32.790998590430497 ], [ 20.355490879550199, -32.790998576121297 ], [ 20.355488260960598, -32.790999365925799 ], [ 20.3554861201014, -32.791000864581598 ], [ 20.355484715191899, -32.791002891328802 ], [ 20.355484215684999, -32.791005201711499 ] ], [ [ 20.355484215676, -32.791005201720502 ], [ 20.355484681819998, -32.791007517072501 ], [ 20.355486057391001, -32.791009558127897 ], [ 20.355488176475099, -32.791011078705303 ], [ 20.355490783479599, -32.791011895400402 ], [ 20.355493563961399, -32.7910119097075 ], [ 20.355496182553299, -32.791011119901 ], [ 20.355498323414501, -32.7910096212429 ], [ 20.355499728325899, -32.7910075944936 ], [ 20.355500227834298, -32.791005284108799 ] ], [ [ 20.355244730224399, -32.792962333458398 ], [ 20.355244264079399, -32.792960018104203 ], [ 20.3552428884867, -32.792957977044402 ], [ 20.355240769363199, -32.7929564564608 ], [ 20.355238162306598, -32.792955639758098 ], [ 20.355235381766601, -32.792955625442602 ], [ 20.355232763117101, -32.792956415240702 ], [ 20.3552306222063, -32.792957913891101 ], [ 20.355229217259499, -32.792959940634297 ], [ 20.3552287177342, -32.792962251015098 ] ], [ [ 20.3552287177252, -32.7929622510241 ], [ 20.355229183871799, -32.792964566376298 ], [ 20.3552305594663, -32.792966607434202 ], [ 20.3552326785919, -32.792968128016 ], [ 20.3552352856507, -32.792968944716797 ], [ 20.355238066193198, -32.792968959030297 ], [ 20.355240684845, -32.7929681692301 ], [ 20.355242825757902, -32.792966670577599 ], [ 20.3552442307065, -32.7929646438322 ], [ 20.355244730233402, -32.792962333449402 ] ], [ [ 20.355409590506301, -32.793858444964897 ], [ 20.3554091243527, -32.793856129611598 ], [ 20.355407748742799, -32.793854088553701 ], [ 20.355405629595499, -32.793852567972799 ], [ 20.3554030225113, -32.793851751273301 ], [ 20.3554002419433, -32.793851736961102 ], [ 20.3553976232689, -32.793852526762201 ], [ 20.355395482338999, -32.793854025415001 ], [ 20.355394077381401, -32.793856052159597 ], [ 20.355393577855001, -32.793858362540703 ] ], [ [ 20.355393577846002, -32.793858362549699 ], [ 20.355394044001201, -32.793860677901201 ], [ 20.355395419612901, -32.7938627189572 ], [ 20.355397538762301, -32.793864239536198 ], [ 20.355400145848701, -32.793865056233798 ], [ 20.355402926419199, -32.793865070544101 ], [ 20.355405545095898, -32.793864280740799 ], [ 20.355407686027899, -32.793862782085903 ], [ 20.355409090987301, -32.793860755339097 ], [ 20.355409590515301, -32.793858444955902 ] ], [ [ 20.355767135411401, -32.795032045574096 ], [ 20.355766669243, -32.795029730222303 ], [ 20.355765293607199, -32.7950276891684 ], [ 20.355763174426201, -32.795026168593402 ], [ 20.3557605673046, -32.795025351901103 ], [ 20.355757786699801, -32.7950253375963 ], [ 20.355755167993902, -32.795026127404398 ], [ 20.355753027041398, -32.795027626062698 ], [ 20.355751622073001, -32.795029652810797 ], [ 20.3557511225487, -32.795031963192997 ] ], [ [ 20.355751122539701, -32.795031963202 ], [ 20.355751588709701, -32.795034278551803 ], [ 20.3557529643473, -32.795036319603902 ], [ 20.355755083530401, -32.795037840177002 ], [ 20.355757690654301, -32.795038656867497 ], [ 20.355760471261501, -32.795038671170197 ], [ 20.355763089969699, -32.795037881360102 ], [ 20.355765230924298, -32.7950363826996 ], [ 20.355766635894501, -32.795034355949298 ], [ 20.3557671354204, -32.795032045565101 ] ], [ [ 20.354746893505698, -32.797790769861599 ], [ 20.354746427350701, -32.797788454507199 ], [ 20.354745051697002, -32.7977864134428 ], [ 20.354742932469001, -32.797784892850601 ], [ 20.354740325277099, -32.797784076136502 ], [ 20.354737544587, -32.797784061808002 ], [ 20.354734925791099, -32.797784851593299 ], [ 20.354732784754901, -32.797786350232499 ], [ 20.354731379718999, -32.797788376967397 ], [ 20.354730880151799, -32.797790687343998 ] ], [ [ 20.3547308801428, -32.797790687353 ], [ 20.354731346299399, -32.797793002705397 ], [ 20.3547327219549, -32.797795043768097 ], [ 20.3547348411849, -32.7977965643584 ], [ 20.354737448379201, -32.797797381070602 ], [ 20.354740229071702, -32.797797395397097 ], [ 20.3547428478699, -32.797796605609697 ], [ 20.354744988908202, -32.797795106968401 ], [ 20.354746393945799, -32.797793080231202 ], [ 20.354746893514701, -32.797790769852597 ] ], [ [ 20.354952652482101, -32.7991683828756 ], [ 20.354952186315199, -32.7991660675223 ], [ 20.354950810636101, -32.799164026460303 ], [ 20.3549486913723, -32.7991625058715 ], [ 20.354946084138401, -32.799161689161302 ], [ 20.3549433034053, -32.799161674836803 ], [ 20.3549406845706, -32.799162464625802 ], [ 20.3549385435043, -32.799163963267802 ], [ 20.3549371384509, -32.799165990004397 ], [ 20.354936638880599, -32.799168300381197 ] ], [ [ 20.3549366388716, -32.7991683003902 ], [ 20.3549371050402, -32.799170615741602 ], [ 20.354938480721, -32.799172656801801 ], [ 20.3549405999869, -32.799174177388799 ], [ 20.354943207223101, -32.7991749940971 ], [ 20.354945987958601, -32.799175008419503 ], [ 20.354948606795698, -32.799174218628501 ], [ 20.354950747863999, -32.799172719984298 ], [ 20.3549521529192, -32.7991706932455 ], [ 20.3549526524911, -32.799168382866597 ] ], [ [ 20.355535614702202, -32.800339407068897 ], [ 20.355535148514502, -32.8003370917179 ], [ 20.355533772804399, -32.800335050662198 ], [ 20.3555316535031, -32.800333530083101 ], [ 20.355529046229599, -32.800332713384698 ], [ 20.355526265459801, -32.800332699072797 ], [ 20.355523646595401, -32.800333488873399 ], [ 20.355521505510399, -32.800334987524799 ], [ 20.355520100451201, -32.800337014267598 ], [ 20.355519600888901, -32.800339324646401 ] ], [ [ 20.355519600879902, -32.800339324655397 ], [ 20.3555200670692, -32.800341640004397 ], [ 20.355521442781001, -32.800343681058202 ], [ 20.3555235620844, -32.800345201635501 ], [ 20.3555261693602, -32.800346018332 ], [ 20.355528950132399, -32.800346032641997 ], [ 20.355531568999101, -32.800345242839299 ], [ 20.355533710086199, -32.800343744185597 ], [ 20.355535115147202, -32.800341717440702 ], [ 20.355535614711201, -32.800339407059901 ] ], [ [ 20.356105213057901, -32.800940833353799 ], [ 20.356104746852498, -32.800938518004997 ], [ 20.356103371120302, -32.800936476955499 ], [ 20.356101251795, -32.800934956385902 ], [ 20.356098644498701, -32.800934139699102 ], [ 20.3560958637098, -32.8009341253996 ], [ 20.3560932448326, -32.800934915211897 ], [ 20.356091103742401, -32.800936413872897 ], [ 20.356089698686301, -32.800938440621898 ], [ 20.356089199134999, -32.800940751002898 ] ], [ [ 20.356089199126, -32.8009407510119 ], [ 20.356089665332998, -32.800943066358798 ], [ 20.356091041067, -32.800945107406399 ], [ 20.356093160394298, -32.800946627974199 ], [ 20.356095767692999, -32.800947444659101 ], [ 20.356098548484301, -32.8009474589566 ], [ 20.3561011673638, -32.800946669142199 ], [ 20.356103308456099, -32.800945170479103 ], [ 20.356104713514, -32.800943143727899 ], [ 20.3561052130669, -32.800940833344796 ] ], [ [ 20.355805310986899, -32.802059857533997 ], [ 20.355804844784, -32.8020575421845 ], [ 20.355803469041899, -32.802055501131903 ], [ 20.3558013496956, -32.802053980557197 ], [ 20.355798742369601, -32.802053163864002 ], [ 20.3557959615461, -32.802053149557402 ], [ 20.355793342633302, -32.802053939362899 ], [ 20.355791201511, -32.802055438018101 ], [ 20.355789796430098, -32.802057464763003 ], [ 20.355789296864302, -32.802059775142197 ] ], [ [ 20.355789296855299, -32.8020597751512 ], [ 20.3557897630598, -32.802062090498801 ], [ 20.355791138803699, -32.8020641315495 ], [ 20.355793258152101, -32.802065652122401 ], [ 20.355795865480399, -32.802066468813699 ], [ 20.355798646306301, -32.802066483118303 ], [ 20.355801265221402, -32.802065693310801 ], [ 20.3558034063458, -32.802064194653397 ], [ 20.355804811428499, -32.8020621679063 ], [ 20.355805310995901, -32.802059857525002 ] ], [ [ 20.355719329453098, -32.803195472912201 ], [ 20.355718863246999, -32.803193157562703 ], [ 20.355717487489802, -32.803191116509403 ], [ 20.3557153681184, -32.803189595933198 ], [ 20.355712760760301, -32.8031887792379 ], [ 20.355709979901398, -32.803188764928997 ], [ 20.355707360954501, -32.8031895547321 ], [ 20.355705219803099, -32.803191053385198 ], [ 20.355703814702, -32.803193080128501 ], [ 20.355703315127201, -32.8031953905069 ] ], [ [ 20.355703315118198, -32.803195390515903 ], [ 20.3557037813259, -32.803197705863397 ], [ 20.355705157084799, -32.803199746914899 ], [ 20.3557072764583, -32.8032012674893 ], [ 20.355709883818701, -32.803202084182601 ], [ 20.355712664679999, -32.803202098489599 ], [ 20.355715283629301, -32.8032013086844 ], [ 20.3557174247827, -32.803199810029199 ], [ 20.3557188298856, -32.8031977832837 ], [ 20.355719329462101, -32.803195472903198 ] ], [ [ 20.3559560793149, -32.8038994170984 ], [ 20.355955613099301, -32.803897101750003 ], [ 20.355954237326099, -32.803895060699197 ], [ 20.355952117934098, -32.803893540127 ], [ 20.355949510553302, -32.803892723436498 ], [ 20.3559467296724, -32.803892709132498 ], [ 20.355944110706702, -32.803893498940198 ], [ 20.355941969542201, -32.803894997596998 ], [ 20.355940564434999, -32.803897024342703 ], [ 20.355940064862001, -32.803899334721798 ] ], [ [ 20.355940064853002, -32.803899334730801 ], [ 20.3559405310702, -32.8039016500773 ], [ 20.355941906845199, -32.803903691126202 ], [ 20.3559440262393, -32.803905211696602 ], [ 20.355946633622398, -32.803906028385299 ], [ 20.355949414505702, -32.803906042687302 ], [ 20.355952033473699, -32.803905252877399 ], [ 20.355954174640299, -32.803903754218403 ], [ 20.355955579749299, -32.803901727470603 ], [ 20.355956079323899, -32.803899417089397 ] ], [ [ 20.355047299805101, -32.804923704608697 ], [ 20.355046833608199, -32.804921389257501 ], [ 20.3550454578406, -32.804919348197203 ], [ 20.3550433384403, -32.8049178276097 ], [ 20.3550407310384, -32.804917010900098 ], [ 20.3550379501261, -32.8049169965755 ], [ 20.355035331122501, -32.804917786363703 ], [ 20.3550331899181, -32.804919285004203 ], [ 20.355031784773999, -32.804921311738902 ], [ 20.3550312851714, -32.804923622113698 ] ], [ [ 20.355031285162401, -32.804923622122701 ], [ 20.355031751360901, -32.8049259374719 ], [ 20.355033127130302, -32.804927978530401 ], [ 20.355035246532601, -32.804929499116099 ], [ 20.3550378539368, -32.804930315823803 ], [ 20.355040634851498, -32.804930330146298 ], [ 20.355043253857499, -32.804929540356099 ], [ 20.3550453950639, -32.804928041713403 ], [ 20.355046800209799, -32.804926014976502 ], [ 20.3550472998141, -32.804923704599702 ] ], [ [ 20.355140437278902, -32.8055659323729 ], [ 20.3551399710766, -32.805563617022202 ], [ 20.355138595297198, -32.805561575962997 ], [ 20.355136475880201, -32.805560055377001 ], [ 20.3551338684588, -32.805559238669197 ], [ 20.355131087526399, -32.805559224346403 ], [ 20.355128468504699, -32.805560014136198 ], [ 20.3551263272863, -32.805561512777999 ], [ 20.3551249221339, -32.8055635395135 ], [ 20.355124422529801, -32.805565849888303 ] ], [ [ 20.355124422520799, -32.805565849897299 ], [ 20.355124888724699, -32.8055681652461 ], [ 20.355126264505898, -32.8055702063035 ], [ 20.3551283839249, -32.805571726887599 ], [ 20.355130991348702, -32.805572543593499 ], [ 20.355133772283502, -32.805572557914303 ], [ 20.3551363913075, -32.805571768122398 ], [ 20.355138532527999, -32.805570269478402 ], [ 20.3551399376822, -32.805568242740797 ], [ 20.355140437287901, -32.805565932363898 ] ] ] } },
{ "type": "Feature", "properties": { "name": "Block Reference [7E35]:1" }, "geometry": { "type": "MultiLineString", "coordinates": [ [ [ 20.3615397418512, -32.780035337557699 ], [ 20.361336813793301, -32.780782562566102 ] ], [ [ 20.361336813792299, -32.780782562567097 ], [ 20.360614879493799, -32.7812471145416 ] ], [ [ 20.357931253141398, -32.782973900957799 ], [ 20.357543578152502, -32.7832233410547 ] ], [ [ 20.3575435781515, -32.783223341055702 ], [ 20.357512763682902, -32.7836341776488 ] ], [ [ 20.357478697743598, -32.784088359787198 ], [ 20.357446284797302, -32.7845204986914 ] ], [ [ 20.3574462847963, -32.784520498692402 ], [ 20.357226632707601, -32.7849117367753 ] ], [ [ 20.356896087386001, -32.7855004873933 ], [ 20.356490701993, -32.786222527307501 ] ], [ [ 20.356490701992001, -32.786222527308503 ], [ 20.357043839483101, -32.786870827120097 ] ], [ [ 20.357050989318001, -32.786879206944803 ], [ 20.358256198508101, -32.788291720425903 ] ], [ [ 20.3582561985071, -32.788291720426898 ], [ 20.356911815873602, -32.789611591049301 ] ], [ [ 20.3563223798593, -32.790190262812501 ], [ 20.3554922217517, -32.791005242918402 ] ], [ [ 20.355492221750701, -32.791005242919397 ], [ 20.3553527097455, -32.7920738816198 ] ], [ [ 20.355304298637101, -32.792444696173803 ], [ 20.3552367239758, -32.792962292240503 ] ], [ [ 20.355236723974802, -32.792962292241498 ], [ 20.355331388348901, -32.793476850550299 ] ], [ [ 20.3553719345072, -32.793697241770197 ], [ 20.355401584177201, -32.793858403756602 ] ], [ [ 20.355401584176199, -32.793858403757604 ], [ 20.355449704307901, -32.794016354492001 ] ], [ [ 20.355577394458098, -32.794435485144596 ], [ 20.355759128976501, -32.795032004387302 ] ], [ [ 20.3557591289755, -32.795032004388297 ], [ 20.355541700984698, -32.795619942882297 ] ], [ [ 20.354846170977101, -32.797500642040703 ], [ 20.354738886825199, -32.7977907286066 ] ], [ [ 20.354738886824201, -32.797790728607602 ], [ 20.354783920927702, -32.7980922479803 ] ], [ [ 20.354924493776199, -32.799033420819697 ], [ 20.3549446456779, -32.799168341632203 ] ], [ [ 20.354944645676898, -32.799168341633198 ], [ 20.355007052180401, -32.799293702173301 ] ], [ [ 20.3554642427268, -32.800212082987997 ], [ 20.355527607791998, -32.800339365861397 ] ], [ [ 20.355527607791, -32.800339365862399 ], [ 20.355629726916899, -32.800447191981497 ] ], [ [ 20.355776201156399, -32.800601851437101 ], [ 20.356097206093001, -32.800940792182097 ] ], [ [ 20.356097206091999, -32.800940792183098 ], [ 20.355983755804498, -32.801364112454699 ] ], [ [ 20.355838544868501, -32.801905935881301 ], [ 20.355797303922099, -32.802059816341902 ] ], [ [ 20.355797303921101, -32.802059816342897 ], [ 20.3557853828368, -32.802217267807698 ] ], [ [ 20.355725967360399, -32.803002006983199 ], [ 20.355711322286599, -32.803195431713299 ] ], [ [ 20.3557113222856, -32.8031954317143 ], [ 20.355774026892899, -32.803381876664801 ] ], [ [ 20.3557963591076, -32.803448278754999 ], [ 20.3559480720849, -32.8038993759139 ] ], [ [ 20.355948072083901, -32.803899375914902 ], [ 20.355615114420502, -32.804274656771 ] ], [ [ 20.355335458470201, -32.804589857405901 ], [ 20.355039292484701, -32.804923663364903 ] ], [ [ 20.355039292483699, -32.804923663365898 ], [ 20.3550993349048, -32.805337686053797 ] ], [ [ 20.355108469708501, -32.8054006748078 ], [ 20.355132429900799, -32.8055658911344 ] ], [ [ 20.3551324298998, -32.805565891135402 ], [ 20.3551097717781, -32.8057312384257 ] ] ] } },
{ "type": "Feature", "properties": { "name": "Block Reference [7E35]:2" }, "geometry": { "type": "MultiLineString", "coordinates": [ [ [ 20.361979097167101, -32.778417490575499 ], [ 20.361539741852202, -32.780035337556697 ] ], [ [ 20.3606148794928, -32.781247114542602 ], [ 20.3579312531424, -32.782973900956797 ] ], [ [ 20.3575127636819, -32.783634177649802 ], [ 20.3574786977446, -32.784088359786203 ] ], [ [ 20.357226632706599, -32.784911736776301 ], [ 20.356896087387, -32.785500487392298 ] ], [ [ 20.357043839482099, -32.786870827121099 ], [ 20.357050989318999, -32.786879206943802 ] ], [ [ 20.3569118158726, -32.789611591050303 ], [ 20.356322379860298, -32.7901902628115 ] ], [ [ 20.355352709744501, -32.792073881620802 ], [ 20.355304298638, -32.792444696172801 ] ], [ [ 20.355331388347899, -32.793476850551301 ], [ 20.355371934508199, -32.793697241769202 ] ], [ [ 20.355449704306899, -32.794016354493003 ], [ 20.3555773944591, -32.794435485143602 ] ], [ [ 20.3555417009837, -32.795619942883299 ], [ 20.354846170978099, -32.797500642039701 ] ], [ [ 20.3547839209267, -32.798092247981302 ], [ 20.354924493777201, -32.799033420818702 ] ], [ [ 20.355007052179399, -32.799293702174303 ], [ 20.355464242727798, -32.800212082987002 ] ], [ [ 20.3556297269159, -32.800447191982499 ], [ 20.355776201157401, -32.800601851436099 ] ], [ [ 20.3559837558035, -32.801364112455701 ], [ 20.355838544869499, -32.801905935880299 ] ], [ [ 20.355785382835801, -32.8022172678088 ], [ 20.355725967361401, -32.803002006982197 ] ], [ [ 20.355774026891901, -32.803381876665803 ], [ 20.355796359108599, -32.803448278753997 ] ], [ [ 20.3556151144195, -32.804274656772002 ], [ 20.355335458471199, -32.804589857404899 ] ], [ [ 20.355099334903802, -32.805337686054798 ], [ 20.355108469709499, -32.805400674806798 ] ], [ [ 20.355109771777101, -32.805731238426702 ], [ 20.355073627494701, -32.805994999393697 ] ], [ [ 20.3606148794928, -32.781247114542602 ], [ 20.360764139566101, -32.781143146833699 ], [ 20.360903470134598, -32.7810297708115 ], [ 20.361032042399799, -32.7809076609161 ], [ 20.361149091570301, -32.780777543540303 ], [ 20.361253921411201, -32.780640192707601 ], [ 20.361345908385001, -32.780496425467497 ], [ 20.3614245053598, -32.7803470970345 ], [ 20.361489244862899, -32.780193095700099 ], [ 20.361539741860199, -32.780035337548703 ] ], [ [ 20.357931253141398, -32.782973900957799 ], [ 20.357853485621799, -32.783029068532997 ], [ 20.357782276303801, -32.783090229309003 ], [ 20.357718269745401, -32.783156829694597 ], [ 20.357662045313301, -32.783228266861499 ], [ 20.357614111938599, -32.783303894200202 ], [ 20.357574903509899, -32.783383027172398 ], [ 20.357544774945101, -32.7834649495069 ], [ 20.3575239989785, -32.783548919682701 ], [ 20.357512763690899, -32.783634177640799 ] ], [ [ 20.357226632706599, -32.784911736776301 ], [ 20.357272698855301, -32.784825007909298 ], [ 20.357314395222101, -32.7847367155547 ], [ 20.3573516476688, -32.784647016728201 ], [ 20.3573843899606, -32.784556070946302 ], [ 20.3574125638841, -32.784464039942598 ], [ 20.3574361193503, -32.784371087380102 ], [ 20.357455014484, -32.784277378559999 ], [ 20.3574692156979, -32.784183080128201 ], [ 20.357478697752601, -32.784088359778202 ] ], [ [ 20.356896087386001, -32.7855004873933 ], [ 20.3568250731504, -32.785649142531703 ], [ 20.356775378942299, -32.785803850745197 ], [ 20.3567477029485, -32.785962438782498 ], [ 20.356742434064898, -32.786122678879401 ], [ 20.3567596464265, -32.7862823200525 ], [ 20.356799098359701, -32.7864391197202 ], [ 20.356860235770402, -32.786590875205597 ], [ 20.356942199921601, -32.786735454680098 ], [ 20.357043839491102, -32.786870827112097 ] ], [ [ 20.3569118158726, -32.789611591050303 ], [ 20.357142129041499, -32.789348287588503 ], [ 20.357323843203002, -32.789059124761899 ], [ 20.357452967958402, -32.788750453280798 ], [ 20.357526667996499, -32.788429052247203 ], [ 20.3575433253197, -32.788101980259903 ], [ 20.3575025747278, -32.787776420386898 ], [ 20.357405311783499, -32.7874595224106 ], [ 20.357253673091702, -32.787158245811298 ], [ 20.357050989327, -32.786879206935801 ] ], [ [ 20.3563223798593, -32.790190262812501 ], [ 20.356150550946701, -32.790370801927402 ], [ 20.355993358732501, -32.790560618372801 ], [ 20.355851503204899, -32.790758866994899 ], [ 20.355725616079301, -32.790964665090101 ], [ 20.355616257983002, -32.7911770963347 ], [ 20.355523915958798, -32.7913952148646 ], [ 20.355449001293302, -32.7916180494855 ], [ 20.355391847684501, -32.791844607997398 ], [ 20.3553527097535, -32.792073881611799 ] ], [ [ 20.355304298637101, -32.792444696173803 ], [ 20.3552913569685, -32.792559217311101 ], [ 20.355282397206999, -32.792674009764603 ], [ 20.355277427076, -32.792788974781701 ], [ 20.355276450866398, -32.792904013460799 ], [ 20.355279469433398, -32.793019026836902 ], [ 20.355286480195598, -32.793133915966102 ], [ 20.355297477137299, -32.793248582011202 ], [ 20.355312450813301, -32.793362926326402 ], [ 20.355331388357001, -32.793476850542298 ] ], [ [ 20.3553719345072, -32.793697241770197 ], [ 20.355378747898399, -32.793732996171002 ], [ 20.355386020401198, -32.793768685996497 ], [ 20.355393751159198, -32.793804307041199 ], [ 20.355401939261899, -32.793839855107699 ], [ 20.355410583745002, -32.793875326006997 ], [ 20.355419683590501, -32.793910715559399 ], [ 20.3554292377266, -32.793946019594699 ], [ 20.355439245027899, -32.793981233952699 ], [ 20.355449704315902, -32.794016354484 ] ], [ [ 20.3555417009837, -32.795619942883299 ], [ 20.355584101965299, -32.795491512069297 ], [ 20.3556170579994, -32.795361119553597 ], [ 20.3556404440188, -32.795229260334899 ], [ 20.355654171287899, -32.795096434977701 ], [ 20.355658187738602, -32.794963147712103 ], [ 20.355652478166999, -32.794829904519403 ], [ 20.355637064291098, -32.7946972112114 ], [ 20.355612004667201, -32.794565571509999 ], [ 20.355577394467101, -32.794435485135601 ] ], [ [ 20.354846170977101, -32.797500642040703 ], [ 20.3548244921273, -32.797564565214998 ], [ 20.354806437696499, -32.797629286928199 ], [ 20.354792048560899, -32.797694660675198 ], [ 20.354781357299998, -32.797760538474797 ], [ 20.354774388123001, -32.797826771204399 ], [ 20.354771156813801, -32.797893208937602 ], [ 20.3547716706953, -32.797959701283702 ], [ 20.3547759286127, -32.798026097727899 ], [ 20.354783920935699, -32.798092247972299 ] ], [ [ 20.354924493776199, -32.799033420819697 ], [ 20.3549294776405, -32.799063155975603 ], [ 20.354935525134898, -32.799092750063103 ], [ 20.354942630716099, -32.799122175949698 ], [ 20.3549507878705, -32.799151406657202 ], [ 20.354959989120399, -32.799180415386203 ], [ 20.354970226031199, -32.799209175541101 ], [ 20.354981489218201, -32.799237660753803 ], [ 20.354993768356199, -32.799265844908497 ], [ 20.355007052188402, -32.799293702165301 ] ], [ [ 20.3554642427268, -32.800212082987997 ], [ 20.355478743113601, -32.800240001422502 ], [ 20.355494252611201, -32.800267530283897 ], [ 20.3555107565669, -32.800294643563099 ], [ 20.355528239388899, -32.800321315643203 ], [ 20.35554668456, -32.800347521324397 ], [ 20.355566074654199, -32.800373235847502 ], [ 20.355586391352301, -32.800398434917199 ], [ 20.3556076154598, -32.800423094725502 ], [ 20.3556297269248, -32.800447191973497 ] ], [ [ 20.3559837558035, -32.801364112455701 ], [ 20.3560020432461, -32.801275595544503 ], [ 20.356009808260598, -32.801185980938101 ], [ 20.3560069737654, -32.801096158588201 ], [ 20.355993567941201, -32.801007020507001 ], [ 20.355969723950299, -32.800919451908399 ], [ 20.355935678612699, -32.800834322417799 ], [ 20.355891770052999, -32.800752477435701 ], [ 20.3558384343422, -32.800674729742603 ], [ 20.355776201165401, -32.800601851428098 ] ], [ [ 20.355838544868501, -32.801905935881301 ], [ 20.355829756264999, -32.8019401260484 ], [ 20.355821683011499, -32.801974441803601 ], [ 20.355814327620401, -32.8020088724722 ], [ 20.355807692380498, -32.802043407343803 ], [ 20.3558017793566, -32.802078035675599 ], [ 20.355796590389001, -32.802112746695599 ], [ 20.355792127092698, -32.802147529606202 ], [ 20.355788390856901, -32.8021823735872 ], [ 20.3557853828448, -32.802217267799698 ] ], [ [ 20.355725967360399, -32.803002006983199 ], [ 20.355723698814799, -32.803044615252098 ], [ 20.3557233407479, -32.8030872655007 ], [ 20.355724893675301, -32.803129896652102 ], [ 20.355728355375799, -32.803172447656998 ], [ 20.355733720895, -32.8032148575805 ], [ 20.355740982551801, -32.803257065689799 ], [ 20.3557501299499, -32.803299011541 ], [ 20.3557611499925, -32.803340635065602 ], [ 20.3557740269009, -32.8033818766568 ] ], [ [ 20.3556151144195, -32.804274656772002 ], [ 20.355679013222399, -32.8041943977722 ], [ 20.3557328830492, -32.804109052022802 ], [ 20.355776161762499, -32.804019510161602 ], [ 20.3558083977547, -32.803926706612799 ], [ 20.355829254659, -32.803831609835598 ], [ 20.355838514858501, -32.803735212217198 ], [ 20.3558360817558, -32.8036385197166 ], [ 20.3558219807794, -32.803542541367101 ], [ 20.355796359116599, -32.803448278746004 ] ], [ [ 20.355335458470201, -32.804589857405901 ], [ 20.355276506719999, -32.804662543400497 ], [ 20.355225073804199, -32.8047391932895 ], [ 20.3551815310358, -32.804819253738998 ], [ 20.355146192771201, -32.804902146792401 ], [ 20.355119314141199, -32.804987274043299 ], [ 20.3551010892078, -32.805074020954599 ], [ 20.355091649563199, -32.805161761295302 ], [ 20.3550910633789, -32.805249861660897 ], [ 20.355099334912801, -32.805337686045803 ] ], [ [ 20.355109771777101, -32.805731238426702 ], [ 20.355114212393499, -32.805694615340997 ], [ 20.355117509236401, -32.805657906184003 ], [ 20.355119660019401, -32.805621136427803 ], [ 20.3551206632517, -32.805584331586203 ], [ 20.3551205182385, -32.805547517197702 ], [ 20.3551192250818, -32.805510718807099 ], [ 20.355116784680501, -32.805473961948202 ], [ 20.3551131987292, -32.805437272125999 ], [ 20.3551084697175, -32.805400674798797 ] ] ] } },
{ "type": "Feature", "properties": { "name": "Block Reference [7E34]:0" }, "geometry": { "type": "MultiLineString", "coordinates": [ [ [ 20.354983208985999, -32.8067132904998 ], [ 20.354982742782301, -32.806710975148903 ], [ 20.3549813669893, -32.8067089340881 ], [ 20.354979247548201, -32.806707413499502 ], [ 20.3549766400949, -32.806706596788104 ], [ 20.3549738591269, -32.806706582461501 ], [ 20.35497124007, -32.806707372247402 ], [ 20.354969098821201, -32.806708870885799 ], [ 20.354967693646699, -32.806710897618899 ], [ 20.354967194031602, -32.806713207992601 ] ], [ [ 20.354967194022599, -32.806713208001597 ], [ 20.354967660227999, -32.806715523350498 ], [ 20.354969036022698, -32.806717564409396 ], [ 20.354971155465901, -32.806719084996303 ], [ 20.3549737629215, -32.806719901705698 ], [ 20.354976543891901, -32.806719916030403 ], [ 20.3549791629511, -32.806719126242399 ], [ 20.354981304202099, -32.806717627601799 ], [ 20.354982709378302, -32.806715600866497 ], [ 20.354983208995002, -32.806713290490798 ] ], [ [ 20.355229504321599, -32.807224042679401 ], [ 20.355229038109002, -32.807221727329399 ], [ 20.355227662302699, -32.807219686271402 ], [ 20.3552255428453, -32.807218165686798 ], [ 20.355222935374901, -32.807217348980501 ], [ 20.355220154390899, -32.8072173346591 ], [ 20.355217535321, -32.807218124449903 ], [ 20.355215394063801, -32.807219623092401 ], [ 20.3552139888867, -32.807221649828001 ], [ 20.355213489274799, -32.807223960202499 ] ], [ [ 20.3552134892658, -32.807223960211502 ], [ 20.35521395548, -32.807226275559501 ], [ 20.3552153312881, -32.8072283166156 ], [ 20.355217450747499, -32.807229837198399 ], [ 20.355220058220301, -32.807230653902899 ], [ 20.3552228392067, -32.807230668222303 ], [ 20.355225458279001, -32.807229878429403 ], [ 20.3552275995382, -32.807228379784704 ], [ 20.355229004717099, -32.8072263530469 ], [ 20.355229504330602, -32.807224042670398 ] ], [ [ 20.355413629302301, -32.807959151589102 ], [ 20.355413163081401, -32.807956836240002 ], [ 20.355411787259801, -32.807954795184003 ], [ 20.355409667781998, -32.807953274602497 ], [ 20.355407060288499, -32.807952457899802 ], [ 20.355404279281402, -32.807952443582202 ], [ 20.3554016601915, -32.807953233376502 ], [ 20.355399518919501, -32.807954732021699 ], [ 20.355398113734601, -32.807956758759097 ], [ 20.355397614123099, -32.8079590691341 ] ], [ [ 20.3553976141141, -32.807959069143102 ], [ 20.355398080336599, -32.807961384490198 ], [ 20.355399456160001, -32.807963425544301 ], [ 20.355401575639799, -32.807964946124102 ], [ 20.355404183135601, -32.8079657628249 ], [ 20.3554069641451, -32.807965777140502 ], [ 20.3554095832374, -32.8079649873441 ], [ 20.355411724511502, -32.807963488696601 ], [ 20.3554131296981, -32.807961461957099 ], [ 20.3554136293113, -32.8079591515801 ] ], [ [ 20.356609930466899, -32.808629921558499 ], [ 20.3566094642118, -32.808627606213697 ], [ 20.356608088352498, -32.808625565170601 ], [ 20.356605968838299, -32.808624044608997 ], [ 20.356603361313901, -32.808623227930902 ], [ 20.356600580285299, -32.808623213639599 ], [ 20.356597961185699, -32.808624003458803 ], [ 20.356595819917199, -32.8086255021244 ], [ 20.3565944147484, -32.808627528875199 ], [ 20.3565939151637, -32.808629839254998 ] ], [ [ 20.356593915154701, -32.808629839264 ], [ 20.356594381411501, -32.808632154606897 ], [ 20.356595757272501, -32.808634195648096 ], [ 20.356597876788801, -32.808635716207803 ], [ 20.3566004843155, -32.808636532884002 ], [ 20.3566032653465, -32.8086365471733 ], [ 20.356605884448399, -32.8086357573521 ], [ 20.356608025719002, -32.8086342586843 ], [ 20.356609430889598, -32.808632231931398 ], [ 20.356609930475901, -32.808629921549503 ] ], [ [ 20.357047460575501, -32.809118611687197 ], [ 20.3570469943067, -32.809116296344101 ], [ 20.35704561843, -32.809114255305701 ], [ 20.357043498896701, -32.809112734751402 ], [ 20.357040891354, -32.809111918082301 ], [ 20.357038110309901, -32.809111903800499 ], [ 20.3570354911996, -32.809112693628698 ], [ 20.3570333499264, -32.8091141923016 ], [ 20.357031944759701, -32.809116219057202 ], [ 20.357031445183299, -32.809118529438599 ] ], [ [ 20.3570314451743, -32.809118529447701 ], [ 20.3570319114447, -32.8091208447889 ], [ 20.357033287323201, -32.809122885825403 ], [ 20.3570354068585, -32.809124406377798 ], [ 20.357038014403599, -32.8091252230451 ], [ 20.357040795450001, -32.8091252373248 ], [ 20.3570434145627, -32.809124447494597 ], [ 20.3570455558379, -32.8091229488195 ], [ 20.3570469610065, -32.809120922061801 ], [ 20.3570474605845, -32.809118611678201 ] ], [ [ 20.358101780160698, -32.809886661718402 ], [ 20.358101313860701, -32.8098843463791 ], [ 20.3580999379482, -32.809882305352197 ], [ 20.358097818378699, -32.809880784815398 ], [ 20.358095210803601, -32.809879968167998 ], [ 20.358092429735098, -32.809879953909302 ], [ 20.358089810611101, -32.809880743759201 ], [ 20.358087669336602, -32.809882242450001 ], [ 20.3580862641811, -32.809884269217299 ], [ 20.358085764627301, -32.809886579603003 ] ], [ [ 20.358085764618298, -32.809886579611998 ], [ 20.358086230919898, -32.809888894949403 ], [ 20.3580876068342, -32.809890935974501 ], [ 20.358089726405701, -32.809892456509402 ], [ 20.358092333983102, -32.809893273154998 ], [ 20.358095115054098, -32.809893287411597 ], [ 20.358097734180401, -32.809892497559602 ], [ 20.358099875457, -32.809890998866699 ], [ 20.3581012806142, -32.809888972097198 ], [ 20.358101780169701, -32.809886661709399 ] ], [ [ 20.357506501225199, -32.811184425630003 ], [ 20.357506034934499, -32.811182110289103 ], [ 20.3575046590163, -32.811180069255897 ], [ 20.357502539426601, -32.811178548709201 ], [ 20.3574999318195, -32.811177732049103 ], [ 20.357497150710898, -32.811177717776701 ], [ 20.357494531543502, -32.811178507613498 ], [ 20.357492390227801, -32.811180006293199 ], [ 20.357490985038002, -32.811182033053001 ], [ 20.3574904854609, -32.811184343435599 ] ], [ [ 20.357490485451901, -32.811184343444602 ], [ 20.3574909517442, -32.811186658783697 ], [ 20.3574923276642, -32.811188699814998 ], [ 20.357494447255899, -32.811190220359798 ], [ 20.357497054865402, -32.811191037018098 ], [ 20.357499835976402, -32.811191051288397 ], [ 20.357502455146101, -32.811190261449603 ], [ 20.357504596463901, -32.811188762767699 ], [ 20.357506001655501, -32.811186736005702 ], [ 20.357506501234202, -32.811184425621001 ] ], [ [ 20.356119805226101, -32.813878575321297 ], [ 20.356119338958599, -32.813876259976503 ], [ 20.356117963031899, -32.813874218928802 ], [ 20.356115843403099, -32.8138726983588 ], [ 20.356113235730898, -32.8138718816693 ], [ 20.356110454539099, -32.813871867365101 ], [ 20.3561078352806, -32.813872657171402 ], [ 20.356105693876501, -32.813874155825701 ], [ 20.356104288612102, -32.813876182568102 ], [ 20.356103788982999, -32.813878492943601 ] ], [ [ 20.356103788974, -32.813878492952597 ], [ 20.356104255243, -32.813880808295501 ], [ 20.356105631171602, -32.813882849341297 ], [ 20.356107750802401, -32.813884369909502 ], [ 20.356110358476901, -32.813885186597098 ], [ 20.356113139671098, -32.8138852008993 ], [ 20.356115758931999, -32.813884411090903 ], [ 20.356117900338099, -32.813882912434401 ], [ 20.356119305604398, -32.813880885689798 ], [ 20.3561198052351, -32.813878575312302 ] ], [ [ 20.358154695434401, -32.8137902243135 ], [ 20.358154229114401, -32.813787908975598 ], [ 20.358152853142101, -32.813785867949697 ], [ 20.358150733480102, -32.813784347413701 ], [ 20.3581481257912, -32.813783530766401 ], [ 20.358145344600999, -32.813783516507399 ], [ 20.358142725362299, -32.813784306356503 ], [ 20.358140583994, -32.813785805046102 ], [ 20.3581391787767, -32.813787831812 ], [ 20.3581386792007, -32.813790142196297 ] ], [ [ 20.358138679191701, -32.813790142205299 ], [ 20.358139145513199, -32.813792457541297 ], [ 20.3581405214873, -32.813794498565301 ], [ 20.358142641151399, -32.813796019099499 ], [ 20.3581452488427, -32.813796835744903 ], [ 20.358148030035199, -32.8137968500019 ], [ 20.358150649276201, -32.8137960601507 ], [ 20.358152790646699, -32.813794561458899 ], [ 20.358154195865701, -32.813792534690798 ], [ 20.3581546954434, -32.813790224304498 ] ], [ [ 20.359586015041099, -32.8141720791822 ], [ 20.359585548682102, -32.8141697638492 ], [ 20.359584172670999, -32.814167722838697 ], [ 20.359582052975298, -32.814166202326597 ], [ 20.359579445261598, -32.814165385708897 ], [ 20.3595766640588, -32.8141653714816 ], [ 20.359574044820999, -32.814166161360603 ], [ 20.359571903467, -32.814167660074702 ], [ 20.359570498275801, -32.8141696868569 ], [ 20.359569998734401, -32.8141719972472 ] ], [ [ 20.359569998725402, -32.814171997256203 ], [ 20.359570465086001, -32.814174312587198 ], [ 20.359571841098798, -32.814176353595798 ], [ 20.359573960796599, -32.8141778741061 ], [ 20.359576568512601, -32.814178690721903 ], [ 20.359579349717801, -32.814178704947302 ], [ 20.359581968958, -32.814177915066097 ], [ 20.359584110314, -32.814176416349802 ], [ 20.359585515507, -32.814174389565501 ], [ 20.359586015050098, -32.814172079173197 ] ], [ [ 20.360375050558901, -32.815074359262503 ], [ 20.360374584175101, -32.815072043932503 ], [ 20.360373208132302, -32.815070002930597 ], [ 20.360371088401699, -32.815068482431599 ], [ 20.360368480654301, -32.81506766583 ], [ 20.3603656994229, -32.815067651619898 ], [ 20.3603630801652, -32.815068441515102 ], [ 20.360360938802302, -32.815069940242402 ], [ 20.3603595336143, -32.815071967033198 ], [ 20.3603590340878, -32.815074277426397 ] ], [ [ 20.360359034078801, -32.8150742774354 ], [ 20.360359500464298, -32.815076592763504 ], [ 20.3603608765088, -32.815078633763598 ], [ 20.360362996241399, -32.815080154260698 ], [ 20.360365603991202, -32.8150809708604 ], [ 20.360368385224898, -32.815080985068498 ], [ 20.360371004485, -32.815080195171298 ], [ 20.360373145850001, -32.815078696441802 ], [ 20.360374551039701, -32.815076669648803 ], [ 20.3603750505679, -32.815074359253501 ] ], [ [ 20.361463144312701, -32.815140486752703 ], [ 20.361462677900199, -32.815138171426398 ], [ 20.361461301831401, -32.815136130436102 ], [ 20.361459182080399, -32.815134609955301 ], [ 20.361456574320801, -32.815133793376297 ], [ 20.361453793086699, -32.815133779190298 ], [ 20.361451173836301, -32.815134569108302 ], [ 20.361449032489698, -32.815136067854503 ], [ 20.361447627325202, -32.815138094657698 ], [ 20.361447127826398, -32.815140405055601 ] ], [ [ 20.361447127817399, -32.815140405064597 ], [ 20.3614475942314, -32.815142720388998 ], [ 20.361448970302, -32.815144761377397 ], [ 20.361451090055098, -32.8151462818563 ], [ 20.361453697817002, -32.815147098433499 ], [ 20.361456479053501, -32.815147112617503 ], [ 20.361459098306199, -32.815146322697402 ], [ 20.361461239654901, -32.815144823949097 ], [ 20.361462644821199, -32.815142797143601 ], [ 20.3614631443217, -32.815140486743701 ] ], [ [ 20.3624000531569, -32.8157072525958 ], [ 20.362399586717402, -32.815704937272898 ], [ 20.362398210618402, -32.815702896292798 ], [ 20.362396090837901, -32.815701375827601 ], [ 20.362393483052902, -32.815700559267803 ], [ 20.362390701800699, -32.815700545102501 ], [ 20.3623880825415, -32.815701335039897 ], [ 20.3623859411966, -32.815702833802 ], [ 20.362384536044001, -32.815704860615703 ], [ 20.362384036565999, -32.815707171017401 ] ], [ [ 20.362384036557, -32.815707171026403 ], [ 20.362384502998101, -32.815709486347401 ], [ 20.362385879098799, -32.815711527325703 ], [ 20.362387998881399, -32.815713047788996 ], [ 20.362390606668701, -32.815713864346897 ], [ 20.362393387923301, -32.815713878510302 ], [ 20.362396007184799, -32.815713088570703 ], [ 20.362398148531799, -32.815711589806497 ], [ 20.362399553686199, -32.815709562990598 ], [ 20.362400053165899, -32.815707252586797 ] ], [ [ 20.362463630612901, -32.816653212234897 ], [ 20.362463164167298, -32.8166508969124 ], [ 20.362461788052599, -32.816648855933103 ], [ 20.3624596682488, -32.816647335469 ], [ 20.362457060435698, -32.816646518910296 ], [ 20.362454279154001, -32.816646504745997 ], [ 20.362451659867499, -32.816647294684302 ], [ 20.3624495185007, -32.816648793446902 ], [ 20.362448113334199, -32.816650820260897 ], [ 20.362447613852101, -32.816653130662502 ] ], [ [ 20.362447613843099, -32.816653130671497 ], [ 20.362448080290399, -32.816655445991998 ], [ 20.3624494564068, -32.816657486969497 ], [ 20.362451576212599, -32.816659007431802 ], [ 20.362454184028099, -32.816659823988502 ], [ 20.362456965312202, -32.816659838150898 ], [ 20.362459584601101, -32.816659048210497 ], [ 20.362461725969901, -32.816657549445601 ], [ 20.362463131138199, -32.816655522629503 ], [ 20.3624636306219, -32.816653212225901 ] ], [ [ 20.363536971042901, -32.820398505610001 ], [ 20.363536504551401, -32.8203961902923 ], [ 20.3635351283557, -32.820394149324997 ], [ 20.363533008445501, -32.820392628878601 ], [ 20.363530400513302, -32.820391812341299 ], [ 20.3635276191144, -32.820391798199402 ], [ 20.363524999726401, -32.820392588158498 ], [ 20.363522858286402, -32.820394086937803 ], [ 20.363521453083699, -32.8203961137622 ], [ 20.363520953606699, -32.820398424166697 ] ], [ [ 20.3635209535977, -32.8203984241757 ], [ 20.363521420090699, -32.820400739491397 ], [ 20.363522796288201, -32.820402780456902 ], [ 20.3635249162005, -32.820404300901401 ], [ 20.363527524134899, -32.820405117436799 ], [ 20.363530305536301, -32.820405131576699 ], [ 20.363532924926599, -32.8204043416156 ], [ 20.363535066368701, -32.820402842834199 ], [ 20.363536471573202, -32.820400816007599 ], [ 20.3635369710519, -32.820398505600998 ] ], [ [ 20.363705359598299, -32.821838995730801 ], [ 20.363704893095601, -32.821836680414201 ], [ 20.363703516874399, -32.821834639448802 ], [ 20.3637013969274, -32.821833119005198 ], [ 20.363698788951801, -32.821832302471101 ], [ 20.363696007507901, -32.821832288332402 ], [ 20.3636933880789, -32.821833078294297 ], [ 20.363691246606599, -32.821834577075698 ], [ 20.363689841384499, -32.821836603901303 ], [ 20.3636893419031, -32.8218389143059 ] ], [ [ 20.363689341894101, -32.821838914314903 ], [ 20.363689808398401, -32.821841229629598 ], [ 20.363691184621398, -32.821843270593099 ], [ 20.3636933045704, -32.821844791034898 ], [ 20.363695912548302, -32.821845607567099 ], [ 20.363698693994699, -32.821845621703901 ], [ 20.363701313425999, -32.821844831739803 ], [ 20.3637034549003, -32.821843332956298 ], [ 20.363704860124301, -32.821841306128498 ], [ 20.363705359607302, -32.821838995721798 ] ], [ [ 20.3630679656941, -32.823327732544001 ], [ 20.363067499200799, -32.823325417225597 ], [ 20.363066122972, -32.823323376253697 ], [ 20.363064003001199, -32.8233218557993 ], [ 20.3630613949883, -32.823321039251603 ], [ 20.3630586134983, -32.823321025098203 ], [ 20.363055994020002, -32.823321815046 ], [ 20.3630538525011, -32.8233233138155 ], [ 20.363052447240602, -32.823325340632998 ], [ 20.363051947733702, -32.823327651034298 ] ], [ [ 20.363051947724699, -32.8233276510433 ], [ 20.363052414219599, -32.823329966359701 ], [ 20.363053790450198, -32.823332007329803 ], [ 20.3630559104231, -32.823333527782303 ], [ 20.363058518438301, -32.823334344328103 ], [ 20.363061299930699, -32.823334358479599 ], [ 20.363063919411299, -32.823333568529698 ], [ 20.363066060932301, -32.823332069758003 ], [ 20.3630674661946, -32.823330042938302 ], [ 20.363067965703099, -32.823327732534999 ] ], [ [ 20.3625641160722, -32.823991197929601 ], [ 20.3625636495888, -32.823988882609697 ], [ 20.362562273361601, -32.823986841632397 ], [ 20.3625601533839, -32.823985321169602 ], [ 20.362557545356601, -32.823984504611403 ], [ 20.362554763846202, -32.823984490446399 ], [ 20.362552144344001, -32.823985280383297 ], [ 20.362550002800699, -32.823986779143802 ], [ 20.362548597518099, -32.823988805955203 ], [ 20.3625480979942, -32.823991116353902 ] ], [ [ 20.362548097985201, -32.823991116362897 ], [ 20.362548564470199, -32.823993431680897 ], [ 20.3625499406992, -32.8239954726563 ], [ 20.362552060678901, -32.823996993117298 ], [ 20.362554668708501, -32.823997809673699 ], [ 20.362557450221299, -32.823997823836599 ], [ 20.362560069725902, -32.823997033897598 ], [ 20.3625622112713, -32.823995535134898 ], [ 20.3625636165557, -32.823993508321401 ], [ 20.362564116081199, -32.823991197920598 ] ], [ [ 20.361271085319999, -32.826485795993698 ], [ 20.361270618858399, -32.826483480670198 ], [ 20.3612692426235, -32.826481439679398 ], [ 20.3612671226097, -32.826479919194902 ], [ 20.361264514522201, -32.826479102609198 ], [ 20.3612617329347, -32.826479088414601 ], [ 20.361259113347899, -32.826479878323099 ], [ 20.3612569717227, -32.826481377059899 ], [ 20.361255566370701, -32.8264834038551 ], [ 20.3612550667983, -32.826485714247198 ] ], [ [ 20.361255066789401, -32.826485714256201 ], [ 20.361255533252599, -32.826488029577703 ], [ 20.361256909489299, -32.826490070566699 ], [ 20.361259029505099, -32.826491591049397 ], [ 20.361261637595, -32.826492407633197 ], [ 20.361264419184799, -32.826492421825797 ], [ 20.361267038773899, -32.826491631915196 ], [ 20.361269180401301, -32.8264901331763 ], [ 20.361270585755001, -32.826488106378903 ], [ 20.361271085329001, -32.826485795984702 ] ], [ [ 20.361548628363501, -32.828748590831196 ], [ 20.3615481618838, -32.828746275509303 ], [ 20.3615467856085, -32.8287442345218 ], [ 20.361544665536901, -32.828742714041802 ], [ 20.361542057380898, -32.828741897461299 ], [ 20.361539275722699, -32.828741883272102 ], [ 20.3615366560715, -32.828742673185303 ], [ 20.361534514395899, -32.828744171925599 ], [ 20.3615331090136, -32.828746198722797 ], [ 20.3615326094348, -32.828748509115201 ] ], [ [ 20.361532609425801, -32.828748509124203 ], [ 20.361533075907101, -32.8287508244441 ], [ 20.361534452184099, -32.828752865429799 ], [ 20.361536572257901, -32.828754385907999 ], [ 20.361539180416202, -32.828755202486498 ], [ 20.3615419620767, -32.828755216673798 ], [ 20.3615445817303, -32.828754426758501 ], [ 20.361546723408001, -32.828752928016002 ], [ 20.361548128791998, -32.828750901216601 ], [ 20.3615486283725, -32.828748590822201 ] ], [ [ 20.361301521596602, -32.829352770697497 ], [ 20.361301055120499, -32.829350455375 ], [ 20.361299678841799, -32.829348414384903 ], [ 20.361297558760299, -32.829346893900698 ], [ 20.361294950589102, -32.829346077315002 ], [ 20.3612921689122, -32.829346063119999 ], [ 20.3612895492411, -32.829346853027701 ], [ 20.361287407546701, -32.8293483517635 ], [ 20.3612860021491, -32.8293503785575 ], [ 20.3612855025602, -32.829352688948603 ] ], [ [ 20.361285502551201, -32.829352688957599 ], [ 20.361285969029002, -32.829355004278199 ], [ 20.3612873453094, -32.829357045266399 ], [ 20.361289465393, -32.829358565748798 ], [ 20.361292073566599, -32.829359382332498 ], [ 20.361294855245799, -32.829359396525497 ], [ 20.361297474919301, -32.829358606615699 ], [ 20.3612996166157, -32.829357107877797 ], [ 20.361301022015098, -32.829355081081601 ], [ 20.361301521605601, -32.829352770688502 ] ], [ [ 20.361214051451199, -32.829890123559203 ], [ 20.361213584974799, -32.829887808236499 ], [ 20.361212208689999, -32.829885767245599 ], [ 20.361210088597399, -32.829884246759903 ], [ 20.361207480411402, -32.829883430172302 ], [ 20.361204698717799, -32.829883415975097 ], [ 20.3612020790301, -32.829884205880703 ], [ 20.361199937321199, -32.829885704614703 ], [ 20.361198531913001, -32.829887731407403 ], [ 20.361198032318601, -32.829890041797803 ] ], [ [ 20.361198032309598, -32.829890041806799 ], [ 20.361198498787601, -32.829892357127598 ], [ 20.361199875074099, -32.8298943981167 ], [ 20.361201995168901, -32.829895918600499 ], [ 20.361204603357201, -32.829896735186203 ], [ 20.361207385053099, -32.829896749381398 ], [ 20.361210004743199, -32.829895959473703 ], [ 20.3612121464542, -32.829894460737599 ], [ 20.3612135518642, -32.829892433942597 ], [ 20.361214051460198, -32.8298901235502 ] ], [ [ 20.360218704606499, -32.830510400602797 ], [ 20.360218238152999, -32.830508085276897 ], [ 20.360216861881899, -32.830506044275403 ], [ 20.3602147417919, -32.830504523773001 ], [ 20.360212133597301, -32.830503707164603 ], [ 20.360209351885, -32.830503692945101 ], [ 20.3602067321705, -32.830504482829497 ], [ 20.360204590430101, -32.830505981545798 ], [ 20.360203184989501, -32.830508008326902 ], [ 20.3602026853656, -32.830510318712697 ] ], [ [ 20.360202685356601, -32.8305103187217 ], [ 20.360203151811699, -32.830512634045597 ], [ 20.360204528084601, -32.830514675045301 ], [ 20.3602066481766, -32.830516195545897 ], [ 20.360209256373501, -32.830517012152299 ], [ 20.3602120380882, -32.830517026369897 ], [ 20.360214657805098, -32.830516236483398 ], [ 20.360216799547501, -32.830514737764901 ], [ 20.360218204990002, -32.830512710981701 ], [ 20.360218704615502, -32.830510400593802 ] ], [ [ 20.359640937969701, -32.831054561952897 ], [ 20.3596404715286, -32.831052246625198 ], [ 20.359639095262601, -32.831050205617601 ], [ 20.359636975169899, -32.8310486851055 ], [ 20.359634366965, -32.831047868485101 ], [ 20.359631585236102, -32.831047854252503 ], [ 20.359628965500601, -32.831048644124401 ], [ 20.359626823737401, -32.831050142830499 ], [ 20.359625418275002, -32.831052169604597 ], [ 20.3596249186329, -32.831054479987699 ] ], [ [ 20.359624918623901, -32.831054479996702 ], [ 20.3596253850666, -32.831056795322397 ], [ 20.359626761334301, -32.831058836328197 ], [ 20.359628881429099, -32.831060356838499 ], [ 20.3596314896363, -32.831061173457101 ], [ 20.3596342713677, -32.831061187687602 ], [ 20.359636891105499, -32.831060397813602 ], [ 20.3596390328707, -32.831058899105301 ], [ 20.359640438334999, -32.8310568723291 ], [ 20.3596409379787, -32.831054561943901 ] ], [ [ 20.359310964815801, -32.831617929698503 ], [ 20.359310498380601, -32.831615614369902 ], [ 20.3593091221138, -32.831613573358801 ], [ 20.359307002013601, -32.831612052841201 ], [ 20.359304393795501, -32.831611236213703 ], [ 20.359301612049101, -32.831611221973603 ], [ 20.3592989922942, -32.831612011838402 ], [ 20.3592968505119, -32.831613510538403 ], [ 20.359295445032998, -32.831615537308402 ], [ 20.359294945378899, -32.831617847689799 ] ], [ [ 20.3592949453699, -32.831617847698901 ], [ 20.359295411806698, -32.831620163025498 ], [ 20.359296788075302, -32.831622204034801 ], [ 20.3592989081776, -32.831623724550603 ], [ 20.359301516397998, -32.831624541176097 ], [ 20.3593042981468, -32.831624555414201 ], [ 20.359306917904, -32.831623765547398 ], [ 20.3593090596884, -32.831622266845201 ], [ 20.359310465169202, -32.831620240073001 ], [ 20.3593109648248, -32.8316179296895 ] ], [ [ 20.3586942327344, -32.832178734490697 ], [ 20.358693766312602, -32.832176419160099 ], [ 20.358692390051601, -32.832174378142497 ], [ 20.358690269948902, -32.832172857614502 ], [ 20.3586876617203, -32.8321720409742 ], [ 20.358684879956801, -32.832172026720102 ], [ 20.3586822601801, -32.8321728165716 ], [ 20.358680118374, -32.832174315260701 ], [ 20.358678712872099, -32.832176342023303 ], [ 20.3586782131988, -32.832178652401801 ] ], [ [ 20.358678213189801, -32.832178652410803 ], [ 20.358678679613199, -32.832180967739397 ], [ 20.358680055876, -32.832183008755202 ], [ 20.3586821759807, -32.832184529281399 ], [ 20.358684784211601, -32.832185345919797 ], [ 20.358687565977501, -32.832185360171799 ], [ 20.3586901857566, -32.832184570318297 ], [ 20.3586923275647, -32.832183071627 ], [ 20.358693733068399, -32.832181044862303 ], [ 20.3586942327434, -32.832178734481701 ] ], [ [ 20.3555258606183, -32.8339941281424 ], [ 20.355525394270298, -32.8339918128015 ], [ 20.3555240180551, -32.833989771750197 ], [ 20.355521897964699, -32.833988251169202 ], [ 20.355519289713499, -32.833987434462699 ], [ 20.3555165078951, -32.833987420137603 ], [ 20.355513888038001, -32.8339882099215 ], [ 20.355511746135502, -32.833989708554697 ], [ 20.355510340532899, -32.833991735279902 ], [ 20.3555098407667, -32.833994045643998 ] ], [ [ 20.355509840757701, -32.833994045653 ], [ 20.355510307107402, -32.833996360991797 ], [ 20.355511683324298, -32.833998402041303 ], [ 20.355513803416802, -32.833999922620499 ], [ 20.355516411670301, -32.834000739325099 ], [ 20.355519193491102, -32.834000753648297 ], [ 20.355521813350599, -32.833999963862198 ], [ 20.355523955255101, -32.833998465226799 ], [ 20.355525360859598, -32.833996438499497 ], [ 20.355525860627299, -32.833994128133298 ] ] ] } },
{ "type": "Feature", "properties": { "name": "Block Reference [7E34]:1" }, "geometry": { "type": "MultiLineString", "coordinates": [ [ [ 20.355011389988299, -32.806449170311801 ], [ 20.354975201505301, -32.806713249249903 ] ], [ [ 20.354975201504299, -32.806713249250897 ], [ 20.355093927967001, -32.806959457746402 ] ], [ [ 20.355181906271099, -32.807141901448603 ], [ 20.355221496794702, -32.807224001444702 ] ], [ [ 20.3552214967937, -32.807224001445697 ], [ 20.35524321962, -32.807310729293697 ] ], [ [ 20.3552836680994, -32.807472218418603 ], [ 20.355405621709199, -32.807959110365303 ] ], [ [ 20.355405621708201, -32.807959110366298 ], [ 20.3558965675055, -32.808234387913103 ] ], [ [ 20.3563368788896, -32.808481271241902 ], [ 20.356601922811802, -32.8086298804105 ] ], [ [ 20.3566019228108, -32.808629880411502 ], [ 20.3567937949075, -32.808844188820899 ] ], [ [ 20.356940284697899, -32.809007807322402 ], [ 20.357039452875899, -32.809118570566703 ] ], [ [ 20.357039452874901, -32.809118570567698 ], [ 20.357163959174901, -32.809209271991698 ] ], [ [ 20.357552052954698, -32.8094919919373 ], [ 20.3580937723905, -32.8098866206645 ] ], [ [ 20.358093772389498, -32.809886620665502 ], [ 20.357835358128199, -32.810449992982299 ] ], [ [ 20.3575452930476, -32.811082358313698 ], [ 20.357498493339499, -32.811184384536602 ] ], [ [ 20.3574984933385, -32.811184384537597 ], [ 20.357446846866399, -32.811284729410701 ] ], [ [ 20.3567643956269, -32.812610652602601 ], [ 20.356111797101001, -32.813878534136201 ] ], [ [ 20.356111797099999, -32.813878534137203 ], [ 20.357746784799701, -32.813807548855998 ] ], [ [ 20.357857769611101, -32.813802729517299 ], [ 20.358146687314001, -32.813790183258597 ] ], [ [ 20.358146687312999, -32.813790183259599 ], [ 20.3584225465043, -32.813863779946097 ] ], [ [ 20.359263503473699, -32.8140881350241 ], [ 20.359578006884199, -32.814172038218402 ] ], [ [ 20.359578006883201, -32.814172038219397 ], [ 20.359773934227199, -32.814396087784097 ] ], [ [ 20.360060433129899, -32.814723706444298 ], [ 20.360367042319801, -32.815074318348202 ] ], [ [ 20.360367042318799, -32.815074318349197 ], [ 20.3608818573157, -32.815105606786403 ] ], [ [ 20.3611697721072, -32.815123104188601 ], [ 20.361455136065999, -32.8151404459079 ] ], [ [ 20.361455136065, -32.815140445908902 ], [ 20.3616877152031, -32.815281141739298 ] ], [ [ 20.361997523365499, -32.815468554948197 ], [ 20.362392044857899, -32.815707211810398 ] ], [ [ 20.3623920448569, -32.8157072118114 ], [ 20.3624195432376, -32.8161163588804 ] ], [ [ 20.362439723695601, -32.816416620859997 ], [ 20.362455622229, -32.816653171452401 ] ], [ [ 20.362455622228001, -32.816653171453403 ], [ 20.3625216154987, -32.816883456279697 ] ], [ [ 20.363487861548101, -32.820255054418404 ], [ 20.3635289623213, -32.820398464892101 ] ], [ [ 20.363528962320299, -32.820398464893103 ], [ 20.363546126758902, -32.820545301225103 ] ], [ [ 20.363674791590501, -32.821645973736103 ], [ 20.363697350747199, -32.821838955022102 ] ], [ [ 20.3636973507462, -32.821838955023097 ], [ 20.363619271948998, -32.822021323595898 ] ], [ [ 20.3630945520745, -32.823246890124402 ], [ 20.363059956710401, -32.823327691792898 ] ], [ [ 20.3630599567094, -32.823327691793899 ], [ 20.363005029869498, -32.823400019619797 ] ], [ [ 20.362763274429302, -32.823718362187101 ], [ 20.3625561070297, -32.8239911571455 ] ], [ [ 20.362556107028698, -32.823991157146502 ], [ 20.362402231898098, -32.824288031090298 ] ], [ [ 20.361551025269499, -32.8259302386531 ], [ 20.3612630760557, -32.826485755124203 ] ], [ [ 20.361263076054701, -32.826485755125198 ], [ 20.361337055550798, -32.827088917330002 ] ], [ [ 20.361482177882401, -32.828272091894199 ], [ 20.361540618895599, -32.828748549976901 ] ], [ [ 20.361540618894601, -32.828748549977902 ], [ 20.361355437548699, -32.829201321960603 ] ], [ [ 20.361350034325199, -32.829214532870203 ], [ 20.361293512074901, -32.829352729826802 ] ], [ [ 20.3612935120739, -32.829352729827797 ], [ 20.361269934697201, -32.829497572662902 ] ], [ [ 20.3612581777492, -32.829569798894298 ], [ 20.361206041881399, -32.829890082682297 ] ], [ [ 20.361206041880401, -32.829890082683299 ], [ 20.3608979563089, -32.830082076215596 ] ], [ [ 20.360386698936299, -32.830400679319503 ], [ 20.360210694982499, -32.830510359661503 ] ], [ [ 20.3602106949815, -32.830510359662497 ], [ 20.3600646783011, -32.830647884282897 ] ], [ [ 20.359895920096601, -32.830806827070703 ], [ 20.359632928297799, -32.831054520974099 ] ], [ [ 20.359632928296801, -32.831054520975101 ], [ 20.359458280462899, -32.831352700607198 ] ], [ [ 20.3593821953157, -32.831482601537502 ], [ 20.359302955093899, -32.831617888697899 ] ], [ [ 20.3593029550929, -32.831617888698901 ], [ 20.359181322946299, -32.8317284916373 ] ], [ [ 20.358834785334299, -32.832043604159303 ], [ 20.358686222963101, -32.832178693449997 ] ], [ [ 20.358686222962099, -32.832178693450999 ], [ 20.358505559800602, -32.832282212848298 ] ], [ [ 20.356211601966599, -32.833596599099799 ], [ 20.355517850689001, -32.833994086896901 ] ], [ [ 20.355517850687999, -32.833994086897903 ], [ 20.354699242679501, -32.834147097157903 ] ] ] } },
{ "type": "Feature", "properties": { "name": "Block Reference [7E34]:2" }, "geometry": { "type": "MultiLineString", "coordinates": [ [ [ 20.355087070165901, -32.805896902411703 ], [ 20.355011389989301, -32.806449170310799 ] ], [ [ 20.355093927965999, -32.806959457747404 ], [ 20.355181906272101, -32.807141901447601 ] ], [ [ 20.355243219618998, -32.807310729294699 ], [ 20.355283668100402, -32.807472218417601 ] ], [ [ 20.355896567504502, -32.808234387914098 ], [ 20.356336878890598, -32.8084812712409 ] ], [ [ 20.356793794906501, -32.808844188821901 ], [ 20.356940284698901, -32.8090078073214 ] ], [ [ 20.357163959173899, -32.8092092719927 ], [ 20.3575520529557, -32.809491991936298 ] ], [ [ 20.3578353581272, -32.810449992983301 ], [ 20.357545293048599, -32.811082358312703 ] ], [ [ 20.3574468468654, -32.811284729411703 ], [ 20.356764395627899, -32.812610652601599 ] ], [ [ 20.357746784798699, -32.813807548857 ], [ 20.357857769612099, -32.813802729516297 ] ], [ [ 20.358422546503299, -32.813863779947098 ], [ 20.3592635034747, -32.814088135022999 ] ], [ [ 20.359773934226201, -32.814396087785099 ], [ 20.360060433130901, -32.814723706443303 ] ], [ [ 20.360881857314698, -32.815105606787398 ], [ 20.361169772108202, -32.815123104187599 ] ], [ [ 20.361687715202098, -32.8152811417403 ], [ 20.361997523366501, -32.815468554947202 ] ], [ [ 20.362419543236701, -32.816116358881402 ], [ 20.3624397236966, -32.816416620859002 ] ], [ [ 20.362521615497698, -32.816883456280699 ], [ 20.3634878615491, -32.820255054417402 ] ], [ [ 20.3635461267579, -32.820545301226097 ], [ 20.3636747915915, -32.821645973735102 ] ], [ [ 20.363619271948, -32.8220213235969 ], [ 20.363094552075498, -32.8232468901234 ] ], [ [ 20.3630050298685, -32.823400019620799 ], [ 20.3627632744303, -32.823718362186099 ] ], [ [ 20.3624022318971, -32.824288031091299 ], [ 20.361551025270501, -32.825930238652099 ] ], [ [ 20.3613370555498, -32.827088917330997 ], [ 20.361482177883399, -32.828272091893197 ] ], [ [ 20.361355437547701, -32.829201321961598 ], [ 20.3613500343262, -32.829214532869202 ] ], [ [ 20.3612699346962, -32.829497572663897 ], [ 20.361258177750202, -32.829569798893303 ] ], [ [ 20.360897956307898, -32.830082076216598 ], [ 20.360386698937301, -32.830400679318501 ] ], [ [ 20.360064678300098, -32.830647884283898 ], [ 20.3598959200976, -32.830806827069701 ] ], [ [ 20.359458280461901, -32.8313527006082 ], [ 20.359382195316702, -32.8314826015365 ] ], [ [ 20.3591813229453, -32.831728491638302 ], [ 20.358834785335301, -32.832043604158301 ] ], [ [ 20.3585055597996, -32.8322822128493 ], [ 20.356211601967601, -32.833596599098797 ] ], [ [ 20.3546992426785, -32.834147097158898 ], [ 20.3546228671423, -32.834161372604001 ] ], [ [ 20.355011389988299, -32.806449170311801 ], [ 20.355005418177299, -32.80650677277 ], [ 20.3550032577621, -32.806564566789 ], [ 20.355004915468101, -32.806622372649201 ], [ 20.355010386147999, -32.806680010594 ], [ 20.355019652797001, -32.806737301388701 ], [ 20.3550326866063, -32.8067940668777 ], [ 20.355049447052, -32.8068501305384 ], [ 20.3550698820215, -32.806905318030601 ], [ 20.355093927974998, -32.806959457738401 ] ], [ [ 20.355243219618998, -32.807310729294699 ], [ 20.355238179999901, -32.807291549038702 ], [ 20.355232691501602, -32.807272456845602 ], [ 20.355226756277801, -32.807253460206901 ], [ 20.355220376657599, -32.807234566576398 ], [ 20.355213555144601, -32.807215783367504 ], [ 20.355206294415702, -32.807197117950402 ], [ 20.355198597320001, -32.807178577648799 ], [ 20.355190466878, -32.8071601697376 ], [ 20.355181906280102, -32.8071419014396 ] ], [ [ 20.3552836680994, -32.807472218418603 ], [ 20.355314603856201, -32.807573865157799 ], [ 20.355355792754999, -32.807672883670698 ], [ 20.355406928635599, -32.807768537864199 ], [ 20.355467631389502, -32.807860116652797 ], [ 20.355537449784801, -32.807946939245099 ], [ 20.355615864819999, -32.8080283602051 ], [ 20.3557022935818, -32.808103774250398 ], [ 20.355796093578, -32.8081726207526 ], [ 20.355896567513501, -32.808234387905102 ] ], [ [ 20.356793794906501, -32.808844188821901 ], [ 20.356750524884799, -32.808797696436898 ], [ 20.356705222456998, -32.808752605842201 ], [ 20.356657951248199, -32.808708980362397 ], [ 20.356608777648301, -32.808666881264799 ], [ 20.356557770718901, -32.808626367672503 ], [ 20.356505002095499, -32.808587496482197 ], [ 20.3564505458878, -32.8085503222838 ], [ 20.356394478575002, -32.808514897283999 ], [ 20.356336878898599, -32.8084812712329 ] ], [ [ 20.356940284697899, -32.809007807322402 ], [ 20.356962579103101, -32.809032109221398 ], [ 20.356985543959599, -32.809055961738103 ], [ 20.357009166570901, -32.809079351684602 ], [ 20.357033433876602, -32.809102266128903 ], [ 20.357058332460198, -32.809124692401802 ], [ 20.357083848555899, -32.809146618103902 ], [ 20.357109968056399, -32.809168031112598 ], [ 20.357136676520899, -32.809188919588898 ], [ 20.357163959182898, -32.809209271983697 ] ], [ [ 20.3578353581272, -32.810449992983301 ], [ 20.3578764179343, -32.810338417319997 ], [ 20.3578991155544, -32.810223161055298 ], [ 20.357903028757001, -32.810106368594901 ], [ 20.3578880848086, -32.809990212918002 ], [ 20.357854561820201, -32.809876855147998 ], [ 20.357803083567301, -32.809768404343899 ], [ 20.3577346078802, -32.809666878261503 ], [ 20.357650408818401, -32.8095741658137 ], [ 20.357552052963701, -32.809491991928297 ] ], [ [ 20.3574468468654, -32.811284729411703 ], [ 20.357458262945698, -32.811262411893303 ], [ 20.3574695601461, -32.811240051278297 ], [ 20.357480738238401, -32.811217648018101 ], [ 20.357491796997099, -32.811195202565301 ], [ 20.3575027361988, -32.811172715373097 ], [ 20.357513555622901, -32.811150186895503 ], [ 20.357524255050699, -32.811127617587601 ], [ 20.357534834266499, -32.811105007905198 ], [ 20.357545293056599, -32.811082358304702 ] ], [ [ 20.3567643956269, -32.812610652602601 ], [ 20.356697483717902, -32.812795199241002 ], [ 20.356681197951001, -32.812987711538597 ], [ 20.3567163654468, -32.813178416027903 ], [ 20.356801201129102, -32.813357630959601 ], [ 20.3569313982883, -32.813516257834998 ], [ 20.3571003471761, -32.813646243337097 ], [ 20.3572994705467, -32.8137409882086 ], [ 20.357518659112699, -32.813795682310499 ], [ 20.357746784807699, -32.813807548847997 ] ], [ [ 20.358422546503299, -32.813863779947098 ], [ 20.358361533876799, -32.813848620621499 ], [ 20.358299856668701, -32.813835518631699 ], [ 20.358237612123901, -32.813824494635398 ], [ 20.358174898382, -32.813815566013602 ], [ 20.358111814322001, -32.813808746843897 ], [ 20.358048459407001, -32.813804047877703 ], [ 20.357984933526801, -32.8138014765238 ], [ 20.3579213368408, -32.813801036836303 ], [ 20.3578577696201, -32.813802729508303 ] ], [ [ 20.359773934226201, -32.814396087785099 ], [ 20.359729882394198, -32.814349230346103 ], [ 20.359682064733001, -32.814305083741097 ], [ 20.359630714513099, -32.814263863327099 ], [ 20.359576082236501, -32.814225770185899 ], [ 20.359518434414898, -32.814190990143601 ], [ 20.359458052269201, -32.814159692864401 ], [ 20.3593952303581, -32.814132031022197 ], [ 20.359330275140799, -32.814108139556801 ], [ 20.359263503482701, -32.814088135014998 ] ], [ [ 20.360060433129899, -32.814723706444298 ], [ 20.360128331610401, -32.814794030292298 ], [ 20.360203890617601, -32.814858542520597 ], [ 20.3602864161433, -32.814916650571703 ], [ 20.3603751501857, -32.8149678207105 ], [ 20.360469277712301, -32.815011582927298 ], [ 20.360567934145699, -32.815047535255097 ], [ 20.360670213306001, -32.815075347462198 ], [ 20.360775175734499, -32.815094764085799 ], [ 20.360881857323701, -32.815105606778403 ] ], [ [ 20.361687715202098, -32.8152811417403 ], [ 20.3616362687861, -32.815251985484899 ], [ 20.361582810394601, -32.815225535807897 ], [ 20.3615275394625, -32.815201891383197 ], [ 20.3614706621861, -32.815181140419099 ], [ 20.361412390753902, -32.8151633603295 ], [ 20.361352942554799, -32.815148617444898 ], [ 20.361292539367799, -32.815136966765301 ], [ 20.3612314065339, -32.815128451754902 ], [ 20.361169772116199, -32.815123104179598 ] ], [ [ 20.362419543236701, -32.816116358881402 ], [ 20.362408877468798, -32.816031931272498 ], [ 20.3623883656681, -32.815948810059702 ], [ 20.362358209395499, -32.815867811931 ], [ 20.362318704969599, -32.815789732711899 ], [ 20.362270240553499, -32.815715339547403 ], [ 20.362213292341099, -32.815645363363799 ], [ 20.362148419877101, -32.8155804916885 ], [ 20.362076260559, -32.815521361894596 ], [ 20.361997523374502, -32.815468554939201 ] ], [ [ 20.362439723695601, -32.816416620859997 ], [ 20.362443870159399, -32.816469011105497 ], [ 20.362449261597099, -32.816521320482899 ], [ 20.362455895837002, -32.8165735278996 ], [ 20.362463770205999, -32.816625612303703 ], [ 20.362472881531101, -32.8166775526932 ], [ 20.362483226140501, -32.816729328124097 ], [ 20.362494799865001, -32.816780917718702 ], [ 20.362507598040001, -32.816832300674399 ], [ 20.362521615506701, -32.816883456271697 ] ], [ [ 20.3635461267579, -32.820545301226097 ], [ 20.363542020702798, -32.820512749652401 ], [ 20.363537319569001, -32.820480255524899 ], [ 20.363532024479301, -32.820447826599398 ], [ 20.363526136697899, -32.820415470615799 ], [ 20.363519657630999, -32.820383195296898 ], [ 20.3635125888255, -32.820351008346101 ], [ 20.363504931969299, -32.820318917445903 ], [ 20.3634966888905, -32.820286930255399 ], [ 20.3634878615571, -32.820255054409401 ] ], [ [ 20.363619271948, -32.8220213235969 ], [ 20.363635160855299, -32.821981128982102 ], [ 20.363648676102201, -32.8219403200738 ], [ 20.363659784617099, -32.821898996740799 ], [ 20.363668459218101, -32.821857260111102 ], [ 20.363674678679899, -32.8218152123235 ], [ 20.363678427785601, -32.8217729562786 ], [ 20.3636796973638, -32.8217305953862 ], [ 20.363678484310999, -32.821688233312599 ], [ 20.3636747915995, -32.821645973727101 ] ], [ [ 20.3630050298685, -32.823400019620799 ], [ 20.363016948708101, -32.823383887940899 ], [ 20.3630283899377, -32.823367511583001 ], [ 20.363039346515801, -32.823350900625996 ], [ 20.363049811699501, -32.823334065293302 ], [ 20.3630597790482, -32.823317015946202 ], [ 20.363069242427699, -32.823299763077898 ], [ 20.363078196014001, -32.8232823173065 ], [ 20.363086634297002, -32.823264689369303 ], [ 20.363094552083499, -32.823246890115399 ] ], [ [ 20.362763274429302, -32.823718362187101 ], [ 20.362717962586899, -32.823779194352497 ], [ 20.362673919600901, -32.823840687303303 ], [ 20.362631158986598, -32.823902822172997 ], [ 20.362589693866099, -32.8239655798981 ], [ 20.362549536963801, -32.824028941223801 ], [ 20.362510700603099, -32.824092886710297 ], [ 20.3624731967024, -32.8241573967384 ], [ 20.362437036770899, -32.824222451515602 ], [ 20.362402231906099, -32.824288031082297 ] ], [ [ 20.361551025269499, -32.8259302386531 ], [ 20.361492590439099, -32.826052385486001 ], [ 20.3614425367692, -32.826177157446999 ], [ 20.3614010286027, -32.826304144955998 ], [ 20.361368202232502, -32.8264329311586 ], [ 20.3613441654539, -32.826563093293998 ], [ 20.3613289972103, -32.826694204082997 ], [ 20.3613227473333, -32.8268258331304 ], [ 20.361325436378699, -32.826957548337802 ], [ 20.361337055558799, -32.827088917322001 ] ], [ [ 20.361355437547701, -32.829201321961598 ], [ 20.361393082114599, -32.829101513832597 ], [ 20.361424962036399, -32.829000284636201 ], [ 20.361451002637398, -32.828897871554901 ], [ 20.361471142924199, -32.828794514544398 ], [ 20.361485335728201, -32.828690455771003 ], [ 20.3614935478167, -32.8285859390448 ], [ 20.361495759969699, -32.828481209247599 ], [ 20.361491967025302, -32.828376511759799 ], [ 20.3614821778914, -32.828272091885196 ] ], [ [ 20.361350034325199, -32.829214532870203 ], [ 20.361337909655699, -32.829245257645901 ], [ 20.3613265799709, -32.829276197961001 ], [ 20.361316050640099, -32.829307339154703 ], [ 20.361306326653501, -32.829338666471102 ], [ 20.3612974126194, -32.829370165066003 ], [ 20.361289312762601, -32.829401820014098 ], [ 20.361282030921899, -32.829433616315796 ], [ 20.361275570548798, -32.829465538904898 ], [ 20.361269934705199, -32.829497572654901 ] ], [ [ 20.360897956307898, -32.830082076216598 ], [ 20.360960539625701, -32.830039330089498 ], [ 20.361018391451601, -32.829992071065902 ], [ 20.361071056852399, -32.829940670785703 ], [ 20.361118121682601, -32.8298855334547 ], [ 20.361159215840999, -32.829827092665603 ], [ 20.3611940161809, -32.829765807988302 ], [ 20.361222249051199, -32.829702161355797 ], [ 20.361243692447498, -32.829636653273802 ], [ 20.361258177758199, -32.829569798885302 ] ], [ [ 20.360386698936299, -32.830400679319503 ], [ 20.360348052448298, -32.830425339129199 ], [ 20.360310078268601, -32.830450732538999 ], [ 20.360272795929699, -32.830476846487798 ], [ 20.360236224608201, -32.8305036675442 ], [ 20.360200383115, -32.830531181912697 ], [ 20.3601652898856, -32.830559375441503 ], [ 20.360130962970899, -32.8305882336292 ], [ 20.3600974200276, -32.8306177416328 ], [ 20.360064678309101, -32.830647884274903 ] ], [ [ 20.359895920096601, -32.830806827070703 ], [ 20.359838823693799, -32.830862262997101 ], [ 20.359783734388099, -32.830919128130802 ], [ 20.359730702344699, -32.830977370693297 ], [ 20.3596797758562, -32.831036937651497 ], [ 20.359631001297998, -32.831097774766597 ], [ 20.359584423086499, -32.831159826642903 ], [ 20.359540083638301, -32.831223036778603 ], [ 20.359498023332002, -32.831287347617 ], [ 20.3594582804709, -32.831352700599197 ] ], [ [ 20.3591813229453, -32.831728491638302 ], [ 20.359207695005001, -32.831703724913602 ], [ 20.359233111380501, -32.831678255942897 ], [ 20.3592575458533, -32.831652110999698 ], [ 20.359280973217999, -32.831625317054701 ], [ 20.359303369308201, -32.831597901748097 ], [ 20.359324711021401, -32.831569893361298 ], [ 20.3593449763428, -32.831541320787203 ], [ 20.359364144368001, -32.831512213500702 ], [ 20.359382195324699, -32.831482601528499 ] ], [ [ 20.3585055597996, -32.8322822128493 ], [ 20.3585451907635, -32.832258885048297 ], [ 20.358584114834901, -32.832234723796603 ], [ 20.358622307428998, -32.832209744354898 ], [ 20.358659744423299, -32.832183962500999 ], [ 20.358696402172299, -32.832157394518902 ], [ 20.358732257523101, -32.832130057189701 ], [ 20.358767287829298, -32.832101967779998 ], [ 20.358801470966, -32.832073144031703 ], [ 20.358834785343301, -32.8320436041503 ] ], [ [ 20.3546992426785, -32.834147097158898 ], [ 20.354878091076198, -32.834110322653601 ], [ 20.355054950564, -32.834067234472997 ], [ 20.355229508567898, -32.834017908769603 ], [ 20.355401456582801, -32.833962432719503 ], [ 20.355570490718101, -32.833900904368903 ], [ 20.355736312234701, -32.833833432460203 ], [ 20.355898628073302, -32.833760136240201 ], [ 20.3560571513725, -32.833681145248903 ], [ 20.356211601975598, -32.833596599090797 ] ] ] } },
{ "type": "Feature", "properties": { "name": "Block Reference [7E33]:0" }, "geometry": { "type": "MultiLineString", "coordinates": [ [ [ 20.3605559039718, -32.748184045368603 ], [ 20.3605554379022, -32.748181730018899 ], [ 20.3605540628581, -32.748179689010001 ], [ 20.360551944690499, -32.748178168517498 ], [ 20.360549338881501, -32.748177351935098 ], [ 20.360546559730398, -32.748177337754598 ], [ 20.360543942443901, -32.748178127686202 ], [ 20.3605418027052, -32.748179626452398 ], [ 20.3605403985988, -32.748181653279801 ], [ 20.3605398994806, -32.748183963702999 ] ], [ [ 20.3605398994716, -32.748183963712002 ], [ 20.3605403655428, -32.748186279059702 ], [ 20.360541740588602, -32.748188320066802 ], [ 20.360543858758401, -32.748189840557501 ], [ 20.360546464569602, -32.748190657137997 ], [ 20.360549243723099, -32.7481906713165 ], [ 20.360551861011999, -32.7481898813828 ], [ 20.3605540007527, -32.748188382614501 ], [ 20.360555404861, -32.748186355784902 ], [ 20.360555903980799, -32.748184045359601 ] ], [ [ 20.361331679836201, -32.749044052848902 ], [ 20.3613312137424, -32.749041737502097 ], [ 20.361329838667601, -32.749039696501498 ], [ 20.361327720466399, -32.749038176021898 ], [ 20.361325114625199, -32.7490373594554 ], [ 20.361322335446999, -32.749037345291697 ], [ 20.361319718141701, -32.749038135239203 ], [ 20.361317578395099, -32.749039634018402 ], [ 20.361316174292199, -32.749041660854203 ], [ 20.361315675188798, -32.7490439712804 ] ], [ [ 20.361315675179799, -32.749043971289403 ], [ 20.3613161412752, -32.749046286634197 ], [ 20.3613175163518, -32.749048327632899 ], [ 20.361319634554999, -32.749049848110701 ], [ 20.361322240398501, -32.749050664675401 ], [ 20.361325019579201, -32.749050678837001 ], [ 20.361327636886799, -32.749049888887399 ], [ 20.3613297766355, -32.749048390106097 ], [ 20.361331180740201, -32.7490463632681 ], [ 20.3613316798452, -32.749044052839899 ] ], [ [ 20.361766205483399, -32.749807860696201 ], [ 20.3617657393747, -32.749805545351101 ], [ 20.3617643642785, -32.749803504355299 ], [ 20.361762246051899, -32.749801983882897 ], [ 20.361759640184498, -32.749801167325202 ], [ 20.3617568609823, -32.7498011531709 ], [ 20.361754243658201, -32.749801943127103 ], [ 20.361752103900301, -32.7498034419134 ], [ 20.361750699794801, -32.749805468753799 ], [ 20.361750200698001, -32.749807779181502 ] ], [ [ 20.361750200688999, -32.749807779190498 ], [ 20.361750666799399, -32.7498100945337 ], [ 20.361752041897301, -32.749812135527598 ], [ 20.361754160126001, -32.749813655998203 ], [ 20.3617567659957, -32.749814472554 ], [ 20.3617595452003, -32.749814486706299 ], [ 20.361762162526698, -32.749813696747999 ], [ 20.361764302286801, -32.749812197959599 ], [ 20.361765706393999, -32.749810171116998 ], [ 20.361766205492401, -32.749807860687199 ] ], [ [ 20.362361779309001, -32.750845024790998 ], [ 20.3623613131798, -32.7508427094482 ], [ 20.3623599380544, -32.750840668458899 ], [ 20.362357819793299, -32.750839147996402 ], [ 20.362355213890201, -32.750838331450801 ], [ 20.362352434655499, -32.750838317309302 ], [ 20.362349817306001, -32.7508391072775 ], [ 20.3623476775327, -32.750840606073503 ], [ 20.362346273423999, -32.750842632920303 ], [ 20.362345774336202, -32.750844943350103 ] ], [ [ 20.362345774327199, -32.750844943359098 ], [ 20.362346240457999, -32.750847258699899 ], [ 20.3623476155852, -32.750849299687303 ], [ 20.362349733848301, -32.750850820148003 ], [ 20.362352339753699, -32.750851636691699 ], [ 20.362355118990902, -32.750851650831201 ], [ 20.362357736342702, -32.750850860860901 ], [ 20.362359876118099, -32.750849362062802 ], [ 20.362361280228601, -32.750847335213798 ], [ 20.362361779318, -32.750845024782002 ] ], [ [ 20.362832817550299, -32.7524638067407 ], [ 20.362832351401199, -32.752461491399998 ], [ 20.362830976240701, -32.752459450415998 ], [ 20.3628288579337, -32.752457929961302 ], [ 20.3628262519792, -32.752457113425002 ], [ 20.362823472694, -32.752457099293302 ], [ 20.3628208553008, -32.752457889270602 ], [ 20.3628187154961, -32.752459388073902 ], [ 20.362817311372002, -32.7524614149252 ], [ 20.362816812286599, -32.7524637253563 ] ], [ [ 20.3628168122776, -32.752463725365402 ], [ 20.362817278428299, -32.7524660407041 ], [ 20.362818653590502, -32.752468081686203 ], [ 20.362820771899699, -32.752469602139101 ], [ 20.362823377856401, -32.752470418673497 ], [ 20.362826157144099, -32.7524704328032 ], [ 20.362828774539501, -32.752469642823797 ], [ 20.362830914346301, -32.752468144018401 ], [ 20.3628323184723, -32.7524661171649 ], [ 20.362832817559301, -32.752463806731697 ] ], [ [ 20.363293821572402, -32.7537907718757 ], [ 20.363293355405101, -32.753788456537002 ], [ 20.3632919802141, -32.753786415558103 ], [ 20.3632898618681, -32.753784895111004 ], [ 20.363287255870802, -32.753784078583898 ], [ 20.363284476544099, -32.753784064462003 ], [ 20.363281859115901, -32.753784854448298 ], [ 20.363279719286599, -32.753786353258903 ], [ 20.363278315151501, -32.753788380114798 ], [ 20.363277816069999, -32.753790690547298 ] ], [ [ 20.363277816061, -32.753790690556301 ], [ 20.363278282229899, -32.753793005893101 ], [ 20.363279657422702, -32.753795046870103 ], [ 20.363281775770801, -32.753796567315398 ], [ 20.363284381770399, -32.753797383840599 ], [ 20.3632871610995, -32.753797397960497 ], [ 20.36328977853, -32.753796607972099 ], [ 20.363291918361401, -32.753795109159398 ], [ 20.363293322498301, -32.7537930823013 ], [ 20.363293821581401, -32.753790771866697 ] ], [ [ 20.363304732809301, -32.754311027785 ], [ 20.363304266639201, -32.754308712446502 ], [ 20.363302891440199, -32.754306671467802 ], [ 20.3633007730818, -32.754305151020901 ], [ 20.363298167069299, -32.754304334493902 ], [ 20.363295387726399, -32.754304320372 ], [ 20.363292770283, -32.754305110358302 ], [ 20.363290630441401, -32.7543066091688 ], [ 20.3632892262981, -32.754308636024597 ], [ 20.3632887272137, -32.754310946456897 ] ], [ [ 20.363288727204701, -32.7543109464659 ], [ 20.363289193376399, -32.754313261802501 ], [ 20.363290568577199, -32.754315302779403 ], [ 20.363292686937701, -32.7543168232244 ], [ 20.3632952929525, -32.754317639749502 ], [ 20.363298072297699, -32.7543176538694 ], [ 20.3633006897435, -32.754316863881002 ], [ 20.363302829587202, -32.7543153650684 ], [ 20.3633042337323, -32.754313338210402 ], [ 20.3633047328183, -32.754311027775998 ] ], [ [ 20.363656502413502, -32.755329463271799 ], [ 20.363656036229401, -32.7553271479348 ], [ 20.3636546610071, -32.755325106960001 ], [ 20.363652542618802, -32.755323586518898 ], [ 20.363649936573498, -32.755322769998998 ], [ 20.363647157198798, -32.755322755884499 ], [ 20.363644539728401, -32.755323545877701 ], [ 20.363642399867899, -32.755325044693699 ], [ 20.3636409957161, -32.755327071552998 ], [ 20.363640496634702, -32.7553293819864 ] ], [ [ 20.363640496625699, -32.755329381995402 ], [ 20.363640962811399, -32.755331697330497 ], [ 20.363642338035501, -32.755333738303499 ], [ 20.363644456425899, -32.755335258742697 ], [ 20.3636470624735, -32.7553360752608 ], [ 20.363649841850599, -32.755336089373301 ], [ 20.363652459323301, -32.755335299377997 ], [ 20.363654599185899, -32.755333800559796 ], [ 20.3636560033395, -32.755331773698302 ], [ 20.363656502422501, -32.755329463262797 ] ], [ [ 20.363983980359201, -32.756433824121501 ], [ 20.363983514161301, -32.756431508785901 ], [ 20.363982138914899, -32.756429467814797 ], [ 20.363980020495099, -32.756427947379102 ], [ 20.363977414414698, -32.756427130865703 ], [ 20.363974635005601, -32.756427116757997 ], [ 20.3639720175055, -32.756427906757601 ], [ 20.3639698776236, -32.756429405578601 ], [ 20.363968473461401, -32.756431432441097 ], [ 20.363967974381801, -32.756433742875501 ] ], [ [ 20.363967974372802, -32.756433742884496 ], [ 20.3639684405723, -32.7564360582181 ], [ 20.363969815820401, -32.756438099187399 ], [ 20.363971934242301, -32.756439619621297 ], [ 20.363974540325, -32.756440436132799 ], [ 20.363977319736598, -32.7564404502385 ], [ 20.363979937239002, -32.756439660236801 ], [ 20.363982077123001, -32.756438161413598 ], [ 20.363983481286901, -32.756436134548899 ], [ 20.3639839803682, -32.756433824112499 ] ], [ [ 20.364305199493799, -32.756941652426399 ], [ 20.364304733285199, -32.756939337092099 ], [ 20.3643033580238, -32.756937296124498 ], [ 20.364301239586499, -32.756935775694103 ], [ 20.364298633488399, -32.756934959187298 ], [ 20.3642958540633, -32.756934945086499 ], [ 20.364293236550999, -32.756935735092597 ], [ 20.3642910966621, -32.756937233918897 ], [ 20.364289692499, -32.756939260784897 ], [ 20.364289193424501, -32.756941571220402 ] ], [ [ 20.364289193415502, -32.756941571229397 ], [ 20.364289659625701, -32.7569438865617 ], [ 20.3642910348889, -32.756945927527603 ], [ 20.364293153328202, -32.756947447956101 ], [ 20.3642957594287, -32.756948264461002 ], [ 20.3642985388562, -32.756948278559797 ], [ 20.3643011563708, -32.756947488551603 ], [ 20.364303296261799, -32.7569459897231 ], [ 20.3643047004267, -32.756943962854997 ], [ 20.364305199502802, -32.756941652417403 ] ], [ [ 20.364115773977201, -32.757687400634502 ], [ 20.3641153077699, -32.757685085299798 ], [ 20.364113932501699, -32.7576830443302 ], [ 20.3641118140503, -32.757681523896601 ], [ 20.364109207932401, -32.757680707385703 ], [ 20.364106428484199, -32.757680693280498 ], [ 20.364103810948301, -32.757681483282198 ], [ 20.364101671038298, -32.757682982104797 ], [ 20.364100266858902, -32.757685008968203 ], [ 20.364099767775102, -32.757687319402599 ] ], [ [ 20.364099767766099, -32.757687319411602 ], [ 20.364100233975002, -32.757689634744402 ], [ 20.364101609245001, -32.757691675712103 ], [ 20.364103727698399, -32.757693196143798 ], [ 20.3641063338187, -32.757694012652898 ], [ 20.364109113269301, -32.757694026756099 ], [ 20.364111730807501, -32.757693236752303 ], [ 20.364113870719599, -32.757691737927502 ], [ 20.364115274900801, -32.7576897110619 ], [ 20.3641157739862, -32.7576874006255 ] ], [ [ 20.364150288091299, -32.760255854862898 ], [ 20.3641498218709, -32.760253539529103 ], [ 20.364148446563402, -32.760251498560201 ], [ 20.364146328051401, -32.760249978127099 ], [ 20.364143721858699, -32.760249161616301 ], [ 20.3641409423307, -32.760249147510898 ], [ 20.364138324719601, -32.760249937512 ], [ 20.364136184747899, -32.760251436333903 ], [ 20.364134780528001, -32.760253463196399 ], [ 20.3641342814296, -32.760255773629801 ] ], [ [ 20.364134281420601, -32.760255773638796 ], [ 20.364134747642598, -32.760258088970701 ], [ 20.364136122951901, -32.760260129937699 ], [ 20.364138241466001, -32.760261650369003 ], [ 20.364140847661002, -32.760262466877897 ], [ 20.3641436271914, -32.760262480981297 ], [ 20.3641462448048, -32.760261690977998 ], [ 20.364148384778598, -32.760260192154 ], [ 20.364149789000301, -32.7602581652894 ], [ 20.364150288100301, -32.760255854853902 ] ], [ [ 20.363837288605499, -32.761167075079896 ], [ 20.363836822388901, -32.761164759745299 ], [ 20.363835447074901, -32.7611627187732 ], [ 20.363833328546999, -32.761161198334797 ], [ 20.3638307223308, -32.761160381817298 ], [ 20.363827942774702, -32.761160367704598 ], [ 20.363825325134201, -32.761161157698801 ], [ 20.363823185135299, -32.761162656514699 ], [ 20.363821780893701, -32.761164683373103 ], [ 20.363821281781799, -32.7611669938048 ] ], [ [ 20.3638212817728, -32.761166993813802 ], [ 20.363821747990901, -32.761169309146503 ], [ 20.363823123306702, -32.761171350116697 ], [ 20.3638252418367, -32.761172870553303 ], [ 20.363827848055099, -32.761173687068897 ], [ 20.363830627613702, -32.761173701179601 ], [ 20.3638332452566, -32.761172911183301 ], [ 20.363835385257499, -32.761171412365201 ], [ 20.363836789500901, -32.761169385504601 ], [ 20.363837288614501, -32.761167075070901 ] ], [ [ 20.363228051884501, -32.7622624482036 ], [ 20.363227585678501, -32.762260132867198 ], [ 20.3632262103622, -32.762258091888803 ], [ 20.363224091819198, -32.762256571440197 ], [ 20.3632214855771, -32.762255754909802 ], [ 20.363218705987201, -32.762255740783097 ], [ 20.363216088309301, -32.762256530763999 ], [ 20.363213948273899, -32.762258029568898 ], [ 20.363212544001001, -32.762260056419699 ], [ 20.3632120448667, -32.762262366848297 ] ], [ [ 20.363212044857701, -32.7622623668573 ], [ 20.363212511065299, -32.762264682191699 ], [ 20.363213886383399, -32.762266723168302 ], [ 20.363216004928599, -32.762268243615097 ], [ 20.363218611173, -32.762269060143602 ], [ 20.363221390765201, -32.762269074268197 ], [ 20.363224008445499, -32.762268284285199 ], [ 20.363226148483001, -32.762266785478197 ], [ 20.363227552757699, -32.7622647586252 ], [ 20.3632280518935, -32.762262448194598 ] ], [ [ 20.3634168205466, -32.763065929683002 ], [ 20.3634163543319, -32.763063614347601 ], [ 20.363414978999199, -32.763061573371203 ], [ 20.363412860434099, -32.763060052925702 ], [ 20.363410254166901, -32.763059236399101 ], [ 20.363407474552002, -32.763059222276297 ], [ 20.363404856852, -32.763060012260702 ], [ 20.363402716800302, -32.7630615110685 ], [ 20.3634013125187, -32.763063537920999 ], [ 20.363400813384501, -32.763065848350102 ] ], [ [ 20.363400813375499, -32.763065848359098 ], [ 20.363401279591798, -32.763068163692601 ], [ 20.363402654926301, -32.763070204667102 ], [ 20.3634047734935, -32.763071725110699 ], [ 20.363407379762901, -32.763072541635502 ], [ 20.363410159380301, -32.763072555756303 ], [ 20.363412777082601, -32.763071765769702 ], [ 20.363414917136399, -32.7630702669599 ], [ 20.363416321419798, -32.763068240105099 ], [ 20.363416820555599, -32.763065929673999 ] ], [ [ 20.363089842144799, -32.763698241071801 ], [ 20.363089375935498, -32.763695925735398 ], [ 20.3630880006009, -32.763693884755703 ], [ 20.363085882026599, -32.763692364304703 ], [ 20.363083275744199, -32.763691547771103 ], [ 20.363080496109902, -32.763691533640902 ], [ 20.363077878388498, -32.763692323618102 ], [ 20.363075738315999, -32.763693822419803 ], [ 20.3630743340169, -32.763695849268402 ], [ 20.363073834870502, -32.7636981596957 ] ], [ [ 20.363073834861499, -32.763698159704703 ], [ 20.363074301072299, -32.763700475039101 ], [ 20.363075676408801, -32.763702516016998 ], [ 20.363077794985099, -32.763704036466201 ], [ 20.363080401269801, -32.763704852997897 ], [ 20.3630831809066, -32.763704867126101 ], [ 20.363085798630198, -32.763704077146798 ], [ 20.363087938704801, -32.763702578342901 ], [ 20.363089343005701, -32.7637005514922 ], [ 20.363089842153801, -32.763698241062798 ] ], [ [ 20.3624683651765, -32.764114828851298 ], [ 20.3624678989814, -32.764112513512899 ], [ 20.362466523654799, -32.764110472526497 ], [ 20.3624644050815, -32.764108952065101 ], [ 20.362461798792999, -32.764108135518597 ], [ 20.362459019146002, -32.764108121374399 ], [ 20.362456401407101, -32.764108911338397 ], [ 20.362454261314301, -32.764110410129199 ], [ 20.362452856994501, -32.764112436970301 ], [ 20.3624523578296, -32.7641147473948 ] ], [ [ 20.362452357820601, -32.764114747403802 ], [ 20.3624528240173, -32.764117062740297 ], [ 20.362454199345699, -32.764119103724802 ], [ 20.362456317921001, -32.764120624184301 ], [ 20.3624589242119, -32.7641214407289 ], [ 20.3624617038613, -32.764121454871102 ], [ 20.362464321602499, -32.764120664905001 ], [ 20.362466461697299, -32.764119166112103 ], [ 20.3624678660189, -32.764117139268798 ], [ 20.362468365185499, -32.764114828842303 ] ], [ [ 20.361920546085599, -32.764990054769399 ], [ 20.361920079900599, -32.7649877394295 ], [ 20.361918704573501, -32.7649856984374 ], [ 20.361916585989199, -32.764984177966802 ], [ 20.361913979680502, -32.764983361408802 ], [ 20.361911200006599, -32.764983347252098 ], [ 20.361908582237302, -32.764984137204102 ], [ 20.3619064421143, -32.7649856359849 ], [ 20.361905037768199, -32.764987662819301 ], [ 20.361904538583801, -32.7649899732411 ] ], [ [ 20.361904538574802, -32.764989973250103 ], [ 20.3619050047615, -32.764992288588097 ], [ 20.361906380090399, -32.7649943295784 ], [ 20.361908498676701, -32.7649958500471 ], [ 20.361911104987701, -32.764996666603302 ], [ 20.361913884663998, -32.764996680758003 ], [ 20.361916502435601, -32.764995890803803 ], [ 20.361918642560699, -32.764994392020803 ], [ 20.3619200469087, -32.764992365184199 ], [ 20.361920546094598, -32.764990054760403 ] ], [ [ 20.361608017218899, -32.765716739296103 ], [ 20.3616075510385, -32.765714423955302 ], [ 20.361606175707699, -32.765712382959997 ], [ 20.361604057111801, -32.765710862484099 ], [ 20.361601450784999, -32.765710045919398 ], [ 20.3615986710887, -32.765710031755603 ], [ 20.361596053295401, -32.765710821700701 ], [ 20.361593913149701, -32.7657123204757 ], [ 20.361592508784799, -32.765714347306201 ], [ 20.361592009588001, -32.765716657726301 ] ], [ [ 20.361592009578999, -32.765716657735297 ], [ 20.361592475761, -32.765718973074101 ], [ 20.361593851093598, -32.765721014067601 ], [ 20.3615959696915, -32.765722534541602 ], [ 20.3615985760207, -32.765723351104398 ], [ 20.361601355719401, -32.765723365266297 ], [ 20.361603973514999, -32.765722575319003 ], [ 20.361606113662798, -32.765721076541901 ], [ 20.361607518029501, -32.765719049709297 ], [ 20.361608017227901, -32.7657167392871 ] ], [ [ 20.360997697526699, -32.766530491648297 ], [ 20.360997231358301, -32.766528176305599 ], [ 20.360995856029302, -32.766526135303899 ], [ 20.360993737425002, -32.766524614817797 ], [ 20.3609911310804, -32.7665237982403 ], [ 20.360988351359101, -32.766523784062599 ], [ 20.360985733536701, -32.766524573994502 ], [ 20.360983593361201, -32.766526072758502 ], [ 20.360982188969501, -32.7665280995815 ], [ 20.360981689752101, -32.766530409998602 ] ], [ [ 20.360981689743099, -32.766530410007597 ], [ 20.360982155913199, -32.766532725348299 ], [ 20.3609835312439, -32.766534766348201 ], [ 20.360985649850299, -32.766536286832498 ], [ 20.360988256197199, -32.766537103408098 ], [ 20.3609910359209, -32.766537117583802 ], [ 20.360993653745599, -32.766536327649803 ], [ 20.360995793923198, -32.7665348288836 ], [ 20.360997198316699, -32.7665328020584 ], [ 20.360997697535701, -32.766530491639301 ] ], [ [ 20.360828198495401, -32.767326820183698 ], [ 20.3608277323275, -32.767324504840801 ], [ 20.3608263569906, -32.767322463837303 ], [ 20.360824238370501, -32.767320943348402 ], [ 20.360821632004399, -32.767320126767203 ], [ 20.3608188522585, -32.767320112585402 ], [ 20.360816234411299, -32.767320902513397 ], [ 20.360814094213701, -32.7673224012741 ], [ 20.3608126898054, -32.767324428094703 ], [ 20.360812190578802, -32.767326738510697 ] ], [ [ 20.360812190569799, -32.767326738519699 ], [ 20.360812656739199, -32.767329053860699 ], [ 20.360814032078, -32.7673310948623 ], [ 20.360816150700099, -32.767332615349503 ], [ 20.3608187570685, -32.767333431928797 ], [ 20.3608215368168, -32.767333446108601 ], [ 20.3608241546664, -32.767332656178503 ], [ 20.360826294866001, -32.767331157415597 ], [ 20.3608276992762, -32.767329130592799 ], [ 20.3608281985044, -32.767326820174702 ] ], [ [ 20.360934206905299, -32.768987262426201 ], [ 20.3609337407268, -32.768984947084 ], [ 20.360932365362501, -32.768982906081902 ], [ 20.360930246701798, -32.768981385594699 ], [ 20.360927640286501, -32.768980569015298 ], [ 20.360924860489, -32.768980554835203 ], [ 20.360922242593698, -32.768981344764597 ], [ 20.360920102357699, -32.768982843526302 ], [ 20.360918697925001, -32.768984870347303 ], [ 20.360918198691099, -32.768987180762998 ] ], [ [ 20.3609181986821, -32.768987180772001 ], [ 20.3609186648623, -32.768989496112198 ], [ 20.360920040228301, -32.768991537112399 ], [ 20.3609221588911, -32.768993057597903 ], [ 20.360924765308599, -32.768993874175401 ], [ 20.360927545108598, -32.768993888353499 ], [ 20.360930163006199, -32.768993098421902 ], [ 20.360932303244301, -32.7689915996582 ], [ 20.3609337076788, -32.768989572834997 ], [ 20.360934206914301, -32.768987262417198 ] ], [ [ 20.361261695695902, -32.770622741734499 ], [ 20.3612612295011, -32.770620426393997 ], [ 20.361259854104699, -32.770618385395601 ], [ 20.361257735400098, -32.770616864913698 ], [ 20.3612551289343, -32.770616048340699 ], [ 20.361252349085799, -32.770616034167297 ], [ 20.3612497311452, -32.770616824102802 ], [ 20.3612475908749, -32.770618322869197 ], [ 20.361246186423301, -32.770620349693097 ], [ 20.361245687187999, -32.770622660109602 ] ], [ [ 20.361245687179, -32.770622660118597 ], [ 20.361246153375401, -32.770624975457103 ], [ 20.3612475287735, -32.770627016453702 ], [ 20.3612496474802, -32.7706285369337 ], [ 20.361252253948301, -32.770629353504802 ], [ 20.361255033799299, -32.7706293676762 ], [ 20.3612576517422, -32.770628577738698 ], [ 20.361259792014501, -32.770627078970101 ], [ 20.361261196468, -32.770625052143998 ], [ 20.361261695704901, -32.770622741725496 ] ], [ [ 20.3619933378999, -32.771647213157102 ], [ 20.361992871681199, -32.7716448978193 ], [ 20.3619914962526, -32.771642856828898 ], [ 20.361989377511399, -32.771641336359203 ], [ 20.361986771009001, -32.771640519801203 ], [ 20.361983991128199, -32.771640505643497 ], [ 20.361981373163601, -32.771641295593902 ], [ 20.3619792328806, -32.771642794372397 ], [ 20.361977828428898, -32.771644821204198 ], [ 20.361977329206301, -32.771647131623403 ] ], [ [ 20.361977329197298, -32.771647131632399 ], [ 20.361977795417602, -32.771649446968098 ], [ 20.361979170847899, -32.771651487956703 ], [ 20.361981289591199, -32.7716530084246 ], [ 20.3619838960959, -32.771653824980802 ], [ 20.3619866759791, -32.771653839136398 ], [ 20.361989293945999, -32.771653049183897 ], [ 20.361991434231101, -32.771651550403199 ], [ 20.3619928386846, -32.771649523569302 ], [ 20.361993337908899, -32.7716472131481 ] ], [ [ 20.3625588056303, -32.7736526730381 ], [ 20.362558339387402, -32.773650357702898 ], [ 20.3625569639158, -32.773648316718798 ], [ 20.362554845117799, -32.773646796258497 ], [ 20.362552238551899, -32.773645979711603 ], [ 20.362549458608498, -32.773645965565798 ], [ 20.362546840589701, -32.773646755527103 ], [ 20.362544700267399, -32.773648254314303 ], [ 20.362543295796101, -32.773650281151603 ], [ 20.362542796576001, -32.773652591572301 ] ], [ [ 20.362542796566999, -32.773652591581303 ], [ 20.362543262811499, -32.773654906914501 ], [ 20.362544638284898, -32.773656947896797 ], [ 20.3625467570849, -32.7736584683553 ], [ 20.362549363653098, -32.773659284900198 ], [ 20.362552143599, -32.773659299044098 ], [ 20.3625547616201, -32.773658509080697 ], [ 20.362556901944501, -32.773657010291302 ], [ 20.362558306417601, -32.773654983451898 ], [ 20.362558805639299, -32.773652673029098 ] ], [ [ 20.363336703017801, -32.774941188011098 ], [ 20.363336236748601, -32.774938872679002 ], [ 20.3633348612398, -32.7749368317034 ], [ 20.3633327423982, -32.774935311255902 ], [ 20.3633301357875, -32.774934494724903 ], [ 20.363327355803602, -32.774934480595903 ], [ 20.363324737753501, -32.774935270572797 ], [ 20.363322597412701, -32.7749367693728 ], [ 20.363321192938201, -32.7749387962184 ], [ 20.363320693730401, -32.774941106641897 ] ], [ [ 20.363320693721398, -32.7749411066509 ], [ 20.3633211599922, -32.774943421981 ], [ 20.3633225355028, -32.774945462954797 ], [ 20.363324654346499, -32.774946983400397 ], [ 20.363327260959402, -32.7749477999295 ], [ 20.363330040945801, -32.774947814056603 ], [ 20.3633326589982, -32.774947024077498 ], [ 20.363334799341001, -32.774945525275399 ], [ 20.363336203817401, -32.774943498427703 ], [ 20.3633367030268, -32.774941188002103 ] ], [ [ 20.362764092341202, -32.7768489130289 ], [ 20.362763626077701, -32.776846597695403 ], [ 20.362762250553502, -32.776844556714003 ], [ 20.362760131677199, -32.776843036256899 ], [ 20.362757525016601, -32.7768422197136 ], [ 20.362754744973699, -32.7768422055711 ], [ 20.3627521268625, -32.776842995535098 ], [ 20.362749986466198, -32.776844494324202 ], [ 20.362748581948001, -32.776846521162099 ], [ 20.3627480827139, -32.776848831582299 ] ], [ [ 20.362748082704901, -32.776848831591302 ], [ 20.36274854897, -32.776851146922901 ], [ 20.3627499244961, -32.776853187902503 ], [ 20.3627520433744, -32.776854708357803 ], [ 20.362754650037299, -32.776855524899197 ], [ 20.362757430082699, -32.776855539039701 ], [ 20.362760048196101, -32.7768547490736 ], [ 20.362762188594601, -32.776853250282301 ], [ 20.362763593114501, -32.7768512234422 ], [ 20.362764092350201, -32.776848913019897 ] ], [ [ 20.36210109648, -32.778009755777603 ], [ 20.362100630228198, -32.778007440442202 ], [ 20.3620992547018, -32.778005399453697 ], [ 20.362097135809801, -32.778003878985501 ], [ 20.362094529121901, -32.778003062428198 ], [ 20.362091749043199, -32.778003048270598 ], [ 20.362089130892301, -32.778003838220101 ], [ 20.362086990456799, -32.778005336997097 ], [ 20.362085585905099, -32.778007363826802 ], [ 20.3620850866469, -32.778009674243698 ] ], [ [ 20.362085086637901, -32.778009674252701 ], [ 20.362085552891301, -32.778011989586098 ], [ 20.362086928419501, -32.778014030572699 ], [ 20.362089047313599, -32.778015551039097 ], [ 20.362091654003802, -32.778016367594503 ], [ 20.362094434084899, -32.778016381750099 ], [ 20.362097052238202, -32.7780155917985 ], [ 20.3620991926757, -32.778014093019401 ], [ 20.362100597229201, -32.7780120661875 ], [ 20.362101096488999, -32.778009755768601 ] ] ] } },
{ "type": "Feature", "properties": { "name": "Block Reference [7E33]:1" }, "geometry": { "type": "MultiLineString", "coordinates": [ [ [ 20.360512736741899, -32.748008670307897 ], [ 20.3605479017227, -32.748184004539503 ] ], [ [ 20.360547901721699, -32.748184004540498 ], [ 20.360675477562499, -32.7483254336926 ] ], [ [ 20.361251134119701, -32.748963593004703 ], [ 20.361323677508999, -32.749044012068403 ] ], [ [ 20.361323677508, -32.749044012069398 ], [ 20.361375523718198, -32.749135147949403 ] ], [ [ 20.361757528184299, -32.749806633614099 ], [ 20.361758203087199, -32.749807819942497 ] ], [ [ 20.3617582030862, -32.749807819943499 ], [ 20.361758883107999, -32.749809004182602 ] ], [ [ 20.362255272394101, -32.750673445008502 ], [ 20.362353776819099, -32.750844984074298 ] ], [ [ 20.3623537768181, -32.7508449840753 ], [ 20.362407652526301, -32.751030137738098 ] ], [ [ 20.362813491329199, -32.752424851813601 ], [ 20.362824814914902, -32.752463766052301 ] ], [ [ 20.3628248149139, -32.752463766053303 ], [ 20.362838172984901, -32.752502216821398 ] ], [ [ 20.363204832405099, -32.7535576208194 ], [ 20.363285818817701, -32.753790731215297 ] ], [ [ 20.363285818816699, -32.753790731216299 ], [ 20.3632909132935, -32.754033641103597 ] ], [ [ 20.363291665801299, -32.754069521439803 ], [ 20.363296730007999, -32.754310987124697 ] ], [ [ 20.363296730007001, -32.754310987125699 ], [ 20.3633768041969, -32.754542818273897 ] ], [ [ 20.363636997306202, -32.755296122048499 ], [ 20.3636484995206, -32.755329422632897 ] ], [ [ 20.363648499519599, -32.755329422633899 ], [ 20.3636584776104, -32.755363072374301 ] ], [ [ 20.363912026082101, -32.756218121316003 ], [ 20.363975977367001, -32.756433783502203 ] ], [ [ 20.363975977366, -32.756433783503198 ], [ 20.364100003890101, -32.756629862851902 ] ], [ [ 20.364103724949398, -32.7566357456367 ], [ 20.364297196455599, -32.756941611827202 ] ], [ [ 20.364297196454601, -32.756941611828204 ], [ 20.364211065103799, -32.757280703360102 ] ], [ [ 20.364157865612299, -32.757490143692898 ], [ 20.3641077708726, -32.757687360022302 ] ], [ [ 20.364107770871598, -32.757687360023297 ], [ 20.364110481141399, -32.757889054752297 ] ], [ [ 20.3641386990275, -32.759988974017801 ], [ 20.364142284757001, -32.760255814250101 ] ], [ [ 20.364142284755999, -32.760255814251103 ], [ 20.364054253995, -32.760512095883698 ] ], [ [ 20.363876032282999, -32.761030943208503 ], [ 20.3638292851901, -32.761167034446103 ] ], [ [ 20.363829285189102, -32.761167034447098 ], [ 20.363757953828699, -32.761295285745199 ] ], [ [ 20.363361811223701, -32.762007528721298 ], [ 20.363220048372099, -32.762262407529697 ] ], [ [ 20.363220048371101, -32.762262407530699 ], [ 20.363284945318899, -32.762538638863703 ] ], [ [ 20.363340384695199, -32.762774613085199 ], [ 20.363408816962, -32.763065889020297 ] ], [ [ 20.363408816961002, -32.763065889021298 ], [ 20.363268100306001, -32.763338008302703 ] ], [ [ 20.363193575301999, -32.763482124750098 ], [ 20.363081838504101, -32.763698200387502 ] ], [ [ 20.363081838503099, -32.763698200388497 ], [ 20.362863206584699, -32.763844754283902 ] ], [ [ 20.3627761328767, -32.763903121507603 ], [ 20.362460361499501, -32.764114788126797 ] ], [ [ 20.362460361498499, -32.764114788127799 ], [ 20.362271925037799, -32.7644158467808 ] ], [ [ 20.3619814621321, -32.7648799050599 ], [ 20.361912542331201, -32.764990014009001 ] ], [ [ 20.361912542330199, -32.764990014010003 ], [ 20.3618621941588, -32.765107083202999 ] ], [ [ 20.361679147593101, -32.7655326988775 ], [ 20.3616000134, -32.7657166985149 ] ], [ [ 20.361600013398998, -32.765716698515902 ], [ 20.3614759892893, -32.765882063964902 ] ], [ [ 20.3612134931432, -32.766232056292097 ], [ 20.360989693635901, -32.766530450827197 ] ], [ [ 20.360989693634899, -32.766530450828199 ], [ 20.3609156894445, -32.766878133868701 ] ], [ [ 20.3608641808808, -32.767120127297602 ], [ 20.360820194533598, -32.767326779351002 ] ], [ [ 20.3608201945326, -32.767326779351997 ], [ 20.360833579897101, -32.767536441668803 ] ], [ [ 20.360919660002001, -32.768884741259797 ], [ 20.360926202794701, -32.768987221598401 ] ], [ [ 20.360926202793699, -32.768987221599403 ], [ 20.3609464650572, -32.769088413097499 ] ], [ [ 20.3612165078092, -32.770437008710502 ], [ 20.361253691438399, -32.770622700925799 ] ], [ [ 20.361253691437401, -32.770622700926801 ], [ 20.361368851504299, -32.770783953996599 ] ], [ [ 20.361895158902399, -32.771520908115399 ], [ 20.361985333549601, -32.771647172393997 ] ], [ [ 20.361985333548599, -32.771647172394999 ], [ 20.362025781365599, -32.771790625662 ] ], [ [ 20.3624917142903, -32.7734430821099 ], [ 20.362550801099701, -32.773652632309002 ] ], [ [ 20.362550801098699, -32.773652632309997 ], [ 20.362666650371398, -32.773844528567501 ] ], [ [ 20.3631096727451, -32.774578355806398 ], [ 20.363328698370601, -32.774941147330303 ] ], [ [ 20.3633286983696, -32.774941147331297 ], [ 20.363210211599199, -32.775335908042898 ] ], [ [ 20.362936154014101, -32.776248967560399 ], [ 20.362756087524101, -32.776848872309401 ] ], [ [ 20.362756087523099, -32.776848872310403 ], [ 20.3624377384117, -32.777406275542297 ] ], [ [ 20.362243149982699, -32.777746980040803 ], [ 20.362093091559998, -32.778009715014399 ] ], [ [ 20.362093091559, -32.778009715015401 ], [ 20.3620140063896, -32.7782936796428 ] ] ] } },
{ "type": "Feature", "properties": { "name": "Block Reference [7E33]:2" }, "geometry": { "type": "MultiLineString", "coordinates": [ [ [ 20.360472673710699, -32.747808913343803 ], [ 20.360512736742901, -32.748008670306902 ] ], [ [ 20.3606754775615, -32.748325433693601 ], [ 20.3612511341207, -32.748963593003701 ] ], [ [ 20.3613755237172, -32.749135147950398 ], [ 20.361757528185301, -32.749806633613098 ] ], [ [ 20.3617588831071, -32.749809004183597 ], [ 20.3622552723951, -32.7506734450075 ] ], [ [ 20.362407652525299, -32.7510301377391 ], [ 20.362813491330201, -32.752424851812599 ] ], [ [ 20.362838172983899, -32.7525022168224 ], [ 20.363204832406101, -32.753557620818398 ] ], [ [ 20.363290913292499, -32.754033641104598 ], [ 20.363291665802301, -32.754069521438801 ] ], [ [ 20.363376804195902, -32.754542818274899 ], [ 20.3636369973072, -32.755296122047497 ] ], [ [ 20.363658477609398, -32.755363072375303 ], [ 20.363912026083099, -32.756218121315001 ] ], [ [ 20.364100003889099, -32.756629862852897 ], [ 20.3641037249504, -32.756635745635698 ] ], [ [ 20.364211065102801, -32.757280703361097 ], [ 20.364157865613301, -32.757490143691903 ] ], [ [ 20.364110481140401, -32.757889054753299 ], [ 20.364138699028501, -32.7599889740168 ] ], [ [ 20.364054253993999, -32.7605120958847 ], [ 20.363876032284001, -32.761030943207501 ] ], [ [ 20.363757953827701, -32.761295285746201 ], [ 20.363361811224699, -32.762007528720297 ] ], [ [ 20.363284945317901, -32.762538638864697 ], [ 20.363340384696201, -32.762774613084197 ] ], [ [ 20.363268100305, -32.763338008303698 ], [ 20.363193575303001, -32.763482124749103 ] ], [ [ 20.3628632065837, -32.763844754284897 ], [ 20.362776132877698, -32.763903121506601 ] ], [ [ 20.362271925036801, -32.764415846781802 ], [ 20.361981462133102, -32.764879905058898 ] ], [ [ 20.361862194157801, -32.765107083204001 ], [ 20.361679147594099, -32.765532698876498 ] ], [ [ 20.361475989288301, -32.765882063965897 ], [ 20.361213493144199, -32.766232056291102 ] ], [ [ 20.360915689443502, -32.766878133869703 ], [ 20.360864180881801, -32.7671201272966 ] ], [ [ 20.360833579896099, -32.767536441669797 ], [ 20.360919660002999, -32.768884741258802 ] ], [ [ 20.360946465056202, -32.769088413098501 ], [ 20.361216507810202, -32.7704370087095 ] ], [ [ 20.3613688515033, -32.770783953997601 ], [ 20.361895158903401, -32.771520908114397 ] ], [ [ 20.362025781364601, -32.771790625663002 ], [ 20.362491714291298, -32.773443082108898 ] ], [ [ 20.3626666503704, -32.773844528568503 ], [ 20.363109672746099, -32.774578355805403 ] ], [ [ 20.363210211598201, -32.7753359080439 ], [ 20.362936154015099, -32.776248967559397 ] ], [ [ 20.362437738410701, -32.777406275543299 ], [ 20.362243149983701, -32.777746980039801 ] ], [ [ 20.362014006388598, -32.778293679643802 ], [ 20.361881723542901, -32.778768652495998 ] ], [ [ 20.360512736741899, -32.748008670307897 ], [ 20.360521608491801, -32.748046679467102 ], [ 20.360532882235301, -32.748084231291898 ], [ 20.3605465254557, -32.748121217462597 ], [ 20.360562498801599, -32.748157531290701 ], [ 20.360580756199798, -32.748193068027199 ], [ 20.360601244988601, -32.748227725164597 ], [ 20.360623906069399, -32.748261402732297 ], [ 20.360648674077598, -32.7482940035854 ], [ 20.360675477570499, -32.748325433684599 ] ], [ [ 20.3613755237172, -32.749135147950398 ], [ 20.3613637733697, -32.749115076512503 ], [ 20.361351489803901, -32.749095234363402 ], [ 20.361338679281499, -32.749075631617501 ], [ 20.361325348332699, -32.749056278266899 ], [ 20.361311503753399, -32.749037184176899 ], [ 20.361297152600802, -32.749018359080402 ], [ 20.361282302190599, -32.748999812573302 ], [ 20.361266960093001, -32.748981554109399 ], [ 20.3612511341287, -32.7489635929957 ] ], [ [ 20.361757528184299, -32.749806633614099 ], [ 20.361757678226599, -32.749806897215798 ], [ 20.361757828395302, -32.749807160766203 ], [ 20.361757978690498, -32.749807424265001 ], [ 20.3617581291122, -32.749807687712398 ], [ 20.361758279660201, -32.749807951108103 ], [ 20.361758430334699, -32.749808214452301 ], [ 20.361758581135501, -32.7498084777448 ], [ 20.361758732062601, -32.7498087409856 ], [ 20.361758883116, -32.749809004174601 ] ], [ [ 20.362407652525299, -32.7510301377391 ], [ 20.362395157779702, -32.750989266496198 ], [ 20.362381534384198, -32.750948653588701 ], [ 20.3623667898053, -32.750908321269698 ], [ 20.362350932123299, -32.750868291638497 ], [ 20.3623339700287, -32.750828586628899 ], [ 20.362315912817198, -32.7507892279963 ], [ 20.362296770384201, -32.750750237306697 ], [ 20.3622765532198, -32.750711635924098 ], [ 20.3622552724031, -32.750673444999499 ] ], [ [ 20.362813491329199, -32.752424851813601 ], [ 20.362816032516299, -32.7524334927149 ], [ 20.362818624160099, -32.752442122908697 ], [ 20.3628212661974, -32.752450742184401 ], [ 20.362823958563801, -32.752459350332003 ], [ 20.362826701193601, -32.752467947141596 ], [ 20.3628294940202, -32.752476532403698 ], [ 20.362832336975298, -32.752485105909003 ], [ 20.362835229989699, -32.752493667448498 ], [ 20.362838172992902, -32.752502216813397 ] ], [ [ 20.363290913292499, -32.754033641104598 ], [ 20.3632888433788, -32.753980006258502 ], [ 20.3632848858031, -32.753926447202502 ], [ 20.363279044073, -32.753873011364099 ], [ 20.363271323365101, -32.753819746061403 ], [ 20.363261730519302, -32.753766698461497 ], [ 20.3632502740336, -32.753713915538803 ], [ 20.363236964056199, -32.7536614440329 ], [ 20.363221812376299, -32.753609330407798 ], [ 20.363204832414102, -32.753557620810398 ] ], [ [ 20.363291665801299, -32.754069521439803 ], [ 20.363293718043401, -32.754122841343801 ], [ 20.363297635858199, -32.754176086620099 ], [ 20.363303415820301, -32.754229210671298 ], [ 20.363311052874799, -32.754282167005897 ], [ 20.363320540341299, -32.754334909279301 ], [ 20.363331869920199, -32.7543873913339 ], [ 20.363345031699598, -32.754439567239899 ], [ 20.363360014164101, -32.7544913913353 ], [ 20.363376804204901, -32.754542818265897 ] ], [ [ 20.363658477609398, -32.755363072375303 ], [ 20.363656241626799, -32.755355599602701 ], [ 20.363653967865599, -32.755348134974099 ], [ 20.363651656367502, -32.7553406786257 ], [ 20.363649307174601, -32.7553332306939 ], [ 20.363646920329799, -32.755325791314696 ], [ 20.363644495876901, -32.755318360624003 ], [ 20.36364203386, -32.755310938757503 ], [ 20.3636395343242, -32.755303525850898 ], [ 20.363636997315201, -32.755296122039503 ] ], [ [ 20.363912026082101, -32.756218121316003 ], [ 20.3639269334566, -32.756265636878197 ], [ 20.3639433679852, -32.756312791450803 ], [ 20.363961317458699, -32.756359549995601 ], [ 20.363980768542199, -32.7564058777686 ], [ 20.364001706784698, -32.756451740345902 ], [ 20.3640241166304, -32.756497103648996 ], [ 20.3640479814296, -32.756541933970603 ], [ 20.364073283451798, -32.756586197999098 ], [ 20.364100003898098, -32.756629862843901 ] ], [ [ 20.364211065102801, -32.757280703361097 ], [ 20.364226060223501, -32.757207941157901 ], [ 20.364234297207499, -32.757134412668798 ], [ 20.364235725943502, -32.757060565365897 ], [ 20.3642303377537, -32.756986848660503 ], [ 20.364218165445401, -32.756913711168103 ], [ 20.364199283111802, -32.756841597978003 ], [ 20.36417380568, -32.7567709479451 ], [ 20.364141888211599, -32.756702191019102 ], [ 20.364103724958401, -32.756635745627698 ] ], [ [ 20.364157865612299, -32.757490143692898 ], [ 20.364147419916701, -32.7575338996132 ], [ 20.364138259085799, -32.757577860585798 ], [ 20.364130388734001, -32.757621999676701 ], [ 20.3641238136853, -32.757666289842902 ], [ 20.3641185379701, -32.757710703948703 ], [ 20.364114564822501, -32.7577552147823 ], [ 20.364111896678899, -32.757799795072799 ], [ 20.364110535175801, -32.757844417506597 ], [ 20.3641104811494, -32.757889054744297 ] ], [ [ 20.364054253993999, -32.7605120958847 ], [ 20.364072579807999, -32.760455296936797 ], [ 20.3640887016109, -32.760398022819402 ], [ 20.364102602224602, -32.760340334573698 ], [ 20.3641142668389, -32.760282293681797 ], [ 20.364123683026101, -32.760223962001703 ], [ 20.364130840755401, -32.760165401701201 ], [ 20.364135732402701, -32.760106675191601 ], [ 20.364138352759099, -32.760047845061301 ], [ 20.364138699036499, -32.759988974008799 ] ], [ [ 20.363757953827701, -32.761295285746201 ], [ 20.363773478661098, -32.761266728886802 ], [ 20.3637884121861, -32.761237947780003 ], [ 20.363802749868199, -32.761208951166303 ], [ 20.363816487353901, -32.761179747851202 ], [ 20.3638296204719, -32.761150346703303 ], [ 20.363842145234599, -32.761120756651302 ], [ 20.363854057838999, -32.761090986680898 ], [ 20.3638653546681, -32.761061045832797 ], [ 20.363876032292001, -32.761030943199501 ] ], [ [ 20.363361811223701, -32.762007528721298 ], [ 20.363333685194899, -32.762063112468198 ], [ 20.363310268826801, -32.7621202338606 ], [ 20.363291678749398, -32.762178608415802 ], [ 20.3632780075569, -32.762237945409296 ], [ 20.363269323346099, -32.762297949323099 ], [ 20.363265669377601, -32.762358321316903 ], [ 20.363267063859599, -32.762418760716599 ], [ 20.3632734998572, -32.762478966512099 ], [ 20.3632849453269, -32.762538638855702 ] ], [ [ 20.363268100305, -32.763338008303698 ], [ 20.363296037582, -32.763278591292298 ], [ 20.363319164971202, -32.7632177166386 ], [ 20.363337377014702, -32.763155661949497 ], [ 20.3633505906705, -32.763092710212703 ], [ 20.363358745690899, -32.763029148506099 ], [ 20.363361804897799, -32.762965266688603 ], [ 20.363359754351201, -32.762901356078302 ], [ 20.363352603412999, -32.762837708124003 ], [ 20.363340384704198, -32.762774613076203 ] ], [ [ 20.3628632065837, -32.763844754284897 ], [ 20.362909775067099, -32.763811760954297 ], [ 20.362954157900599, -32.763776682898303 ], [ 20.362996224526501, -32.763739623305497 ], [ 20.3630358512012, -32.7637006911932 ], [ 20.3630729213588, -32.763660001087203 ], [ 20.363107325954701, -32.763617672684397 ], [ 20.363138963785801, -32.763573830500903 ], [ 20.3631677417881, -32.763528603505598 ], [ 20.363193575311001, -32.763482124741103 ] ], [ [ 20.3627761328767, -32.763903121507603 ], [ 20.3627082503554, -32.763950812432803 ], [ 20.3626430329249, -32.764001088251597 ], [ 20.362580618339798, -32.764053842772903 ], [ 20.362521138435699, -32.7641089645698 ], [ 20.362464718850202, -32.764166337215002 ], [ 20.3624114787577, -32.7642258395271 ], [ 20.362361530617498, -32.764287345825899 ], [ 20.3623149799364, -32.764350726198501 ], [ 20.3622719250458, -32.764415846772799 ] ], [ [ 20.3619814621321, -32.7648799050599 ], [ 20.361966393068801, -32.764904432954403 ], [ 20.361951770631599, -32.764929153072899 ], [ 20.361937598254801, -32.764954059610197 ], [ 20.361923879266801, -32.764979146717302 ], [ 20.36191061689, -32.765004408502797 ], [ 20.361897814239001, -32.765029839034398 ], [ 20.3618854743208, -32.765055432339899 ], [ 20.3618736000338, -32.765081182409098 ], [ 20.3618621941668, -32.765107083194998 ] ], [ [ 20.361475989288301, -32.765882063965897 ], [ 20.361502919565801, -32.765845184288203 ], [ 20.361528793224998, -32.765807768535801 ], [ 20.361553595326299, -32.765769838314299 ], [ 20.3615773115495, -32.765731415526403 ], [ 20.361599928200899, -32.765692522358997 ], [ 20.3616214322223, -32.7656531812708 ], [ 20.3616418111977, -32.7656134149791 ], [ 20.361661053360798, -32.765573246446699 ], [ 20.3616791476021, -32.765532698868498 ] ], [ [ 20.3612134931432, -32.766232056292097 ], [ 20.361166062605001, -32.766298408595702 ], [ 20.361122050710001, -32.766366421712398 ], [ 20.361081538780802, -32.766435969983398 ], [ 20.361044601674202, -32.766506924913799 ], [ 20.361011307642499, -32.766579155408998 ], [ 20.360981718207999, -32.766652528017801 ], [ 20.360955888048501, -32.766726907178203 ], [ 20.3609338648969, -32.766802155468497 ], [ 20.360915689452501, -32.7668781338607 ] ], [ [ 20.3608641808808, -32.767120127297602 ], [ 20.3608551478892, -32.767165944955799 ], [ 20.360847514566899, -32.767211943972697 ], [ 20.3608412859803, -32.767258093831103 ], [ 20.360836466263599, -32.767304363914299 ], [ 20.360833058616599, -32.767350723525297 ], [ 20.3608310653023, -32.767397141908098 ], [ 20.360830487645199, -32.767443588267099 ], [ 20.360831326030802, -32.767490031788697 ], [ 20.360833579905101, -32.767536441660802 ] ], [ [ 20.360919660002001, -32.768884741259797 ], [ 20.3609212824284, -32.768907481773198 ], [ 20.3609232447529, -32.768930203155499 ], [ 20.3609255466626, -32.768952901780601 ], [ 20.3609281877903, -32.768975574025802 ], [ 20.360931167714899, -32.768998216272699 ], [ 20.3609344859609, -32.769020824907798 ], [ 20.3609381419991, -32.7690433963228 ], [ 20.360942135246201, -32.769065926915303 ], [ 20.360946465065201, -32.769088413089499 ] ], [ [ 20.3612165078092, -32.770437008710502 ], [ 20.361225677475499, -32.7704776325401 ], [ 20.361236843665001, -32.770517898103499 ], [ 20.3612499869669, -32.7705577353953 ], [ 20.361265084532999, -32.770597075154598 ], [ 20.361282110117401, -32.770635848985499 ], [ 20.361301034121801, -32.770673989476002 ], [ 20.361321823647501, -32.770711430314897 ], [ 20.361344442551999, -32.770748106407503 ], [ 20.361368851512299, -32.770783953988598 ] ], [ [ 20.362025781364601, -32.771790625663002 ], [ 20.362016223747499, -32.771759136814403 ], [ 20.362005392192899, -32.7717279437367 ], [ 20.3619932994721, -32.771697083204799 ], [ 20.361979959842799, -32.771666591601402 ], [ 20.361965389033099, -32.771636504874401 ], [ 20.3619496042223, -32.771606858494401 ], [ 20.361932624020898, -32.771577687412602 ], [ 20.361914468448798, -32.771549026019898 ], [ 20.361895158911398, -32.771520908106403 ] ], [ [ 20.3624917142903, -32.7734430821099 ], [ 20.3625055058824, -32.7734892779863 ], [ 20.3625207371744, -32.773535149945097 ], [ 20.362537397537299, -32.773580665968801 ], [ 20.362555475344699, -32.773625794288002 ], [ 20.3625749579809, -32.773670503404198 ], [ 20.362595831849401, -32.773714762111197 ], [ 20.3626180823826, -32.773758539517097 ], [ 20.362641694052201, -32.7738018050661 ], [ 20.362666650379399, -32.773844528559501 ] ], [ [ 20.363210211598201, -32.7753359080439 ], [ 20.363231397541899, -32.7752512449892 ], [ 20.363244507251, -32.775165422425097 ], [ 20.363249456896799, -32.7750789892876 ], [ 20.363246214844398, -32.7749924984169 ], [ 20.363234801853899, -32.774906503020397 ], [ 20.3632152909477, -32.774821553135098 ], [ 20.363187806942602, -32.774738192108998 ], [ 20.363152525650499, -32.774656953126502 ], [ 20.363109672754099, -32.774578355797402 ] ], [ [ 20.362437738410701, -32.777406275543299 ], [ 20.362506605014701, -32.777282170910702 ], [ 20.362572170386098, -32.777156796790202 ], [ 20.362634401771, -32.777030215840298 ], [ 20.362693268082001, -32.776902491322197 ], [ 20.3627487399141, -32.776773687068697 ], [ 20.362800789558801, -32.776643867451597 ], [ 20.362849391018699, -32.776513097350097 ], [ 20.362894520019601, -32.776381442118002 ], [ 20.3629361540231, -32.776248967551403 ] ], [ [ 20.362243149982699, -32.777746980040803 ], [ 20.362210775205799, -32.777805468018599 ], [ 20.3621800903862, -32.777864602588402 ], [ 20.3621511136067, -32.7779243489084 ], [ 20.362123861943601, -32.777984671775997 ], [ 20.362098351457298, -32.778045535648999 ], [ 20.362074597182101, -32.778106904666203 ], [ 20.362052613117701, -32.778168742668903 ], [ 20.362032412220799, -32.778231013221799 ], [ 20.362014006397601, -32.7782936796348 ] ] ] } },
{ "type": "Feature", "properties": { "name": "Block Reference [7E32]:0" }, "geometry": { "type": "MultiLineString", "coordinates": [ [ [ 20.355060555271798, -32.805894311025398 ], [ 20.354984874934001, -32.806446578906701 ] ], [ [ 20.3550692070671, -32.8069679595636 ], [ 20.355157185330601, -32.807150403280403 ] ], [ [ 20.3552171051493, -32.807315394142499 ], [ 20.3552575535853, -32.807476883273097 ] ], [ [ 20.355881802879001, -32.808253167118799 ], [ 20.356322114315098, -32.8085000504974 ] ], [ [ 20.3567725029665, -32.808857783605603 ], [ 20.356918992741399, -32.809021402129503 ] ], [ [ 20.357146523666199, -32.809226340364198 ], [ 20.357534617465099, -32.8095090603613 ] ], [ [ 20.357810467028401, -32.810441850897902 ], [ 20.357520401801999, -32.811074216168599 ] ], [ [ 20.357496500295799, -32.811125541382701 ], [ 20.357458469802399, -32.811156929282902 ] ], [ [ 20.357458469801401, -32.811156929283896 ], [ 20.3574202184511, -32.811187943211202 ] ], [ [ 20.357383196016201, -32.811261367422397 ], [ 20.357257450053901, -32.8115056801525 ] ], [ [ 20.357257450052899, -32.811505680153502 ], [ 20.357247501870798, -32.811615488226401 ] ], [ [ 20.3572475018698, -32.811615488227403 ], [ 20.356739914237799, -32.812601667089602 ] ], [ [ 20.357748155669402, -32.813830060705598 ], [ 20.357859140510701, -32.8138252413641 ] ], [ [ 20.358414504587898, -32.813885274303999 ], [ 20.3592554617396, -32.8141096294354 ] ], [ [ 20.3597524601484, -32.814409478235902 ], [ 20.360038959015601, -32.814737096941997 ] ], [ [ 20.360879941033101, -32.815128090230402 ], [ 20.3611678558986, -32.815145587635797 ] ], [ [ 20.361672169009999, -32.815299466341401 ], [ 20.361981977204099, -32.815486879586601 ] ], [ [ 20.362392891181798, -32.816117636115898 ], [ 20.362413071552201, -32.816417898096603 ] ], [ [ 20.362495669180898, -32.816888757976997 ], [ 20.363045747102301, -32.818808221335303 ] ], [ [ 20.3630457471013, -32.818808221336297 ], [ 20.363029271997899, -32.818904077425501 ] ], [ [ 20.363029271996901, -32.818904077426502 ], [ 20.363132149665599, -32.819263053446399 ] ], [ [ 20.363132149664601, -32.819263053447401 ], [ 20.363197187157098, -32.819336647613603 ] ], [ [ 20.3631971871561, -32.819336647614598 ], [ 20.3634619143027, -32.820260356299897 ] ], [ [ 20.363519559586301, -32.820547515387503 ], [ 20.3636482240946, -32.821648187919401 ] ], [ [ 20.363594165390399, -32.822013660141003 ], [ 20.3630694452219, -32.823239226560098 ] ], [ [ 20.362982555991501, -32.823387852232102 ], [ 20.362740800507598, -32.823706194754003 ] ], [ [ 20.362661313158501, -32.823814508625702 ], [ 20.3626236793129, -32.823832727966803 ] ], [ [ 20.362623679311898, -32.823832727967797 ], [ 20.362586130036, -32.823851311955501 ] ], [ [ 20.362386160950098, -32.824175701789002 ], [ 20.362385588642798, -32.824219908041997 ] ], [ [ 20.3623855886418, -32.824219908042998 ], [ 20.362385610237801, -32.824263956933997 ] ], [ [ 20.3623777741191, -32.824278993639801 ], [ 20.361526567134401, -32.825921201032102 ] ], [ [ 20.361310499346502, -32.8270912392585 ], [ 20.36143177604, -32.828080006031499 ] ], [ [ 20.361431776039002, -32.828080006032501 ], [ 20.3613989394069, -32.828162427513597 ] ], [ [ 20.361398939405898, -32.828162427514599 ], [ 20.361413130843601, -32.828278128960598 ] ], [ [ 20.361426277657198, -32.828515470248199 ], [ 20.3614461073077, -32.828571836708299 ] ], [ [ 20.361446107306701, -32.828571836709301 ], [ 20.361464135102899, -32.828629103287199 ] ], [ [ 20.361330200944298, -32.8291939644065 ], [ 20.3613247977196, -32.829207175312902 ] ], [ [ 20.3612434843809, -32.829494503571901 ], [ 20.361231727414001, -32.829566729798501 ] ], [ [ 20.3608821006457, -32.830063940082603 ], [ 20.360370843324699, -32.830382543121203 ] ], [ [ 20.360044797441599, -32.830632838103 ], [ 20.3598760392331, -32.830791780862199 ] ], [ [ 20.3594343473079, -32.831342708708199 ], [ 20.359358262136901, -32.831472609621798 ] ], [ [ 20.3591617565266, -32.831713154252597 ], [ 20.358815218908902, -32.832028266719099 ] ], [ [ 20.358490565967902, -32.832263561356498 ], [ 20.356196608404201, -32.833577947338298 ] ], [ [ 20.354693471101299, -32.834125088583498 ], [ 20.354617095583102, -32.834139364025297 ] ], [ [ 20.354984874932999, -32.806446578907703 ], [ 20.3549787732826, -32.806505433591802 ], [ 20.354976565884201, -32.806564484001797 ], [ 20.354978259609702, -32.806623546511297 ], [ 20.3549838491999, -32.806682437455898 ], [ 20.354993317280801, -32.8067409737044 ], [ 20.3550066344173, -32.806798973228297 ], [ 20.355023759204801, -32.806856255667597 ], [ 20.355044638397999, -32.806912642892001 ], [ 20.355069207076099, -32.806967959554598 ] ], [ [ 20.3552171051493, -32.807315394142499 ], [ 20.3552121800723, -32.8072966498003 ], [ 20.3552068163177, -32.807277991519697 ], [ 20.355201015990399, -32.807259426621599 ], [ 20.3551947813665, -32.807240962390601 ], [ 20.355188114892801, -32.807222606071598 ], [ 20.3551810191851, -32.807204364867097 ], [ 20.355173497027899, -32.807186245934602 ], [ 20.355165551373101, -32.807168256383399 ], [ 20.355157185338602, -32.807150403272402 ] ], [ [ 20.355257553584298, -32.807476883274099 ], [ 20.355289062197201, -32.807580412366399 ], [ 20.355331013828199, -32.807681264563499 ], [ 20.355383096648101, -32.807778690140601 ], [ 20.3554449235099, -32.807871964843898 ], [ 20.355516034826302, -32.8079603952742 ], [ 20.355595901984799, -32.8080433240427 ], [ 20.355683931277699, -32.808120134657699 ], [ 20.3557794683148, -32.808190256108396 ], [ 20.355881802888, -32.808253167109797 ] ], [ [ 20.3567725029665, -32.808857783605603 ], [ 20.3567298510924, -32.808811955390503 ], [ 20.356685195845198, -32.808767508940001 ], [ 20.356638599941199, -32.808724506674203 ], [ 20.3565901288219, -32.808683008985 ], [ 20.356539850562001, -32.808643074151 ], [ 20.356487835774001, -32.808604758256202 ], [ 20.356434157508701, -32.808568115110603 ], [ 20.3563788911529, -32.808533196175297 ], [ 20.356322114323099, -32.8085000504894 ] ], [ [ 20.3569189927404, -32.809021402130497 ], [ 20.356941671529398, -32.809046123031401 ], [ 20.356965032329601, -32.809070386802198 ], [ 20.356989062225601, -32.8090941800276 ], [ 20.357013747932001, -32.809117489552399 ], [ 20.357039075800799, -32.809140302488998 ], [ 20.3570650318288, -32.809162606224298 ], [ 20.357091601665701, -32.8091843884268 ], [ 20.357118770621501, -32.809205637053203 ], [ 20.357146523675201, -32.809226340355202 ] ], [ [ 20.357810467028401, -32.810441850897902 ], [ 20.357850446341999, -32.8103332114446 ], [ 20.357872546688199, -32.810220988244403 ], [ 20.357876356945699, -32.810107269270901 ], [ 20.357861806292401, -32.809994170319797 ], [ 20.357829165518101, -32.809883795642698 ], [ 20.357779041981001, -32.809778198797602 ], [ 20.3577123683034, -32.809679344442301 ], [ 20.3576303850157, -32.809589071782199 ], [ 20.3575346174731, -32.8095090603533 ] ], [ [ 20.357496500295799, -32.811125541382701 ], [ 20.3574991867306, -32.811119848818599 ], [ 20.357501865495699, -32.8111141536777 ], [ 20.357504536587602, -32.8111084559674 ], [ 20.3575072000029, -32.811102755695003 ], [ 20.357509855738101, -32.811097052868 ], [ 20.357512503789899, -32.811091347493601 ], [ 20.3575151441547, -32.811085639579296 ], [ 20.357517776829201, -32.811079929132497 ], [ 20.35752040181, -32.811074216160598 ] ], [ [ 20.357383196016201, -32.811261367422397 ], [ 20.357387373602901, -32.8112532323049 ], [ 20.3573915352206, -32.811245091352902 ], [ 20.357395680857898, -32.811236944588799 ], [ 20.357399810503399, -32.811228792035003 ], [ 20.3574039241458, -32.811220633713702 ], [ 20.3574080217738, -32.811212469647501 ], [ 20.357412103376198, -32.811204299858701 ], [ 20.3574161689417, -32.8111961243698 ], [ 20.357420218459101, -32.811187943203201 ] ], [ [ 20.356739914236801, -32.812601667090597 ], [ 20.356671241439798, -32.8127910702053 ], [ 20.356654527042, -32.8129886486118 ], [ 20.356690619941801, -32.813184371646997 ], [ 20.356777688098799, -32.813368302777597 ], [ 20.3569113114775, -32.813531104067103 ], [ 20.357084706393199, -32.8136645102649 ], [ 20.357289069882299, -32.813761748443802 ], [ 20.357514026617299, -32.813817881878101 ], [ 20.357748155678401, -32.813830060696603 ] ], [ [ 20.358414504587898, -32.813885274303999 ], [ 20.3583545088254, -32.813870367630102 ], [ 20.358293859556898, -32.813857484003499 ], [ 20.358232652406901, -32.813846643737598 ], [ 20.358170983879099, -32.813837863923801 ], [ 20.358108951205001, -32.813831158405002 ], [ 20.358046652189699, -32.813826537753599 ], [ 20.357984185058498, -32.813824009254802 ], [ 20.357921648301499, -32.813823576895103 ], [ 20.357859140518698, -32.813825241356099 ] ], [ [ 20.3597524601484, -32.814409478235902 ], [ 20.359709567579401, -32.814363853880302 ], [ 20.3596630082796, -32.814320869020897 ], [ 20.359613009380599, -32.814280733347303 ], [ 20.359559814792501, -32.814243642649899 ], [ 20.359503684013401, -32.814209777865003 ], [ 20.359444890864001, -32.814179304191804 ], [ 20.3593837221513, -32.814152370286799 ], [ 20.359320476270199, -32.814129107538598 ], [ 20.359255461747601, -32.814109629427399 ] ], [ [ 20.360038959014599, -32.814737096942999 ], [ 20.3601084741195, -32.814809095179598 ], [ 20.360185832150002, -32.814875143424899 ], [ 20.360270322573701, -32.814934635012499 ], [ 20.3603611693412, -32.814987023498801 ], [ 20.360457538013801, -32.8150318276831 ], [ 20.360558543428599, -32.815068636027398 ], [ 20.360663257829302, -32.815097110437002 ], [ 20.360770719388299, -32.815116989366302 ], [ 20.3608799410421, -32.8151280902214 ] ], [ [ 20.361672169009999, -32.815299466341401 ], [ 20.361622076441598, -32.815271077349898 ], [ 20.361570024842699, -32.815245323711501 ], [ 20.361516208400001, -32.815222301503198 ], [ 20.3614608278838, -32.815202096612403 ], [ 20.361404089898699, -32.815184784415599 ], [ 20.3613462061133, -32.815170429497996 ], [ 20.361287392470199, -32.815159085412397 ], [ 20.361227868380801, -32.815150794478903 ], [ 20.361167855906601, -32.815145587627804 ] ], [ [ 20.362392891181798, -32.816117636115898 ], [ 20.362382506116301, -32.816035430284202 ], [ 20.3623625341226, -32.815954496468002 ], [ 20.362333171456701, -32.815875629863299 ], [ 20.362294706638199, -32.815799605353298 ], [ 20.362247517615099, -32.815727169894998 ], [ 20.362192068049101, -32.815659035180502 ], [ 20.362128902759601, -32.815595870644401 ], [ 20.362058642370599, -32.815538296887397 ], [ 20.3619819772121, -32.8154868795786 ] ], [ [ 20.362413071551199, -32.816417898097598 ], [ 20.362417253744699, -32.816470739983899 ], [ 20.362422691644699, -32.816523500305202 ], [ 20.3624293830607, -32.816576157786997 ], [ 20.362437325296799, -32.816628691196101 ], [ 20.362446515152602, -32.816681079349301 ], [ 20.362456948924599, -32.816733301122099 ], [ 20.3624686224078, -32.8167853354568 ], [ 20.362481530897298, -32.816837161371502 ], [ 20.362495669189901, -32.816888757968002 ] ], [ [ 20.363519559586301, -32.820547515387503 ], [ 20.363515497222199, -32.820515310106302 ], [ 20.3635108461099, -32.820483161660199 ], [ 20.363505607360299, -32.820451077722197 ], [ 20.363499782224199, -32.820419065950098 ], [ 20.363493372092702, -32.820387133984497 ], [ 20.3634863784964, -32.820355289446802 ], [ 20.363478803105, -32.820323539937597 ], [ 20.3634706477275, -32.820291893034799 ], [ 20.363461914310701, -32.820260356291897 ] ], [ [ 20.363594165390399, -32.822013660141003 ], [ 20.363609636178399, -32.8219745232824 ], [ 20.363622795771501, -32.821934788295501 ], [ 20.363633611968002, -32.821894552421 ], [ 20.3636420583016, -32.821853914125398 ], [ 20.363648114105299, -32.821812972860002 ], [ 20.363651764562501, -32.821771828817099 ], [ 20.363653000743099, -32.821730582685497 ], [ 20.363651819625201, -32.8216893354032 ], [ 20.363648224102601, -32.8216481879114 ] ], [ [ 20.362982555991501, -32.823387852232102 ], [ 20.362994124279499, -32.823372195015402 ], [ 20.363005229004902, -32.823356300317101 ], [ 20.363015863333601, -32.823340177919697 ], [ 20.363026020720898, -32.823323837745697 ], [ 20.363035694915499, -32.823307289851897 ], [ 20.363044879963901, -32.823290544422498 ], [ 20.3630535702132, -32.823273611763803 ], [ 20.363061760315301, -32.823256502296999 ], [ 20.3630694452299, -32.823239226552097 ] ], [ [ 20.3627408005066, -32.823706194754998 ], [ 20.362731773385001, -32.823718126588702 ], [ 20.362722794817401, -32.8237300845121 ], [ 20.362713864909399, -32.823742068384298 ], [ 20.362704983766399, -32.823754078064198 ], [ 20.362696151493001, -32.823766113410301 ], [ 20.3626873681932, -32.823778174280797 ], [ 20.3626786339705, -32.823790260533698 ], [ 20.362669948927799, -32.823802372026499 ], [ 20.3626613131675, -32.823814508616699 ] ], [ [ 20.362586130035101, -32.823851311956503 ], [ 20.362562253196401, -32.823886606191898 ], [ 20.362538785783698, -32.823922095660301 ], [ 20.362515730036399, -32.823957776975803 ], [ 20.362493088154501, -32.823993646734202 ], [ 20.362470862298899, -32.824029701513197 ], [ 20.362449054590499, -32.824065937873002 ], [ 20.362427667110399, -32.824102352356299 ], [ 20.362406701899701, -32.824138941488897 ], [ 20.362386160959101, -32.82417570178 ] ], [ [ 20.362385610236799, -32.824263956934999 ], [ 20.362384736056601, -32.824265626376302 ], [ 20.3623838627514, -32.824267296144001 ], [ 20.362382990321301, -32.824268966237902 ], [ 20.3623821187666, -32.824270636657502 ], [ 20.3623812480872, -32.824272307402502 ], [ 20.3623803782836, -32.824273978472696 ], [ 20.362379509355701, -32.824275649867701 ], [ 20.362378641303799, -32.824277321587203 ], [ 20.362377774128099, -32.824278993630799 ] ], [ [ 20.361526567133399, -32.825921201033097 ], [ 20.361467559384199, -32.826044545372199 ], [ 20.3614170149608, -32.826170540577202 ], [ 20.3613750998176, -32.826298773052898 ], [ 20.361341951584301, -32.826428821858002 ], [ 20.361317679113299, -32.826560260087298 ], [ 20.361302362122501, -32.826692656272598 ], [ 20.361296050932499, -32.826825575798999 ], [ 20.361298766301299, -32.826958582331997 ], [ 20.361310499355501, -32.827091239249498 ] ], [ [ 20.361426277657198, -32.828515470248199 ], [ 20.361426385613498, -32.828489056470701 ], [ 20.361426101070201, -32.828462643628299 ], [ 20.3614254240725, -32.828436235878499 ], [ 20.361424354727301, -32.828409837377798 ], [ 20.361422893203301, -32.828383452281301 ], [ 20.3614210397308, -32.828357084742102 ], [ 20.361418794601899, -32.828330738910402 ], [ 20.3614161581704, -32.828304418933001 ], [ 20.361413130851599, -32.828278128952597 ] ], [ [ 20.361330200944298, -32.8291939644065 ], [ 20.3613539402049, -32.829132973416002 ], [ 20.361375503297701, -32.829071409020699 ], [ 20.3613948708464, -32.829009326554697 ], [ 20.3614120254481, -32.8289467818174 ], [ 20.361426951688902, -32.828883831023496 ], [ 20.361439636158099, -32.8288205307529 ], [ 20.3614500674597, -32.828756937899001 ], [ 20.361458236223001, -32.828693109618499 ], [ 20.3614641351109, -32.828629103279198 ] ], [ [ 20.361324797718598, -32.829207175313897 ], [ 20.3613124893341, -32.829238365614003 ], [ 20.361300987979401, -32.8292697747194 ], [ 20.361290299105001, -32.829301387747101 ], [ 20.361280427776698, -32.829333189717701 ], [ 20.3612713786728, -32.829365165562102 ], [ 20.3612631560819, -32.829397300128797 ], [ 20.361255763901301, -32.829429578191103 ], [ 20.3612492056345, -32.829461984454298 ], [ 20.361243484389899, -32.829494503562898 ] ], [ [ 20.3608821006457, -32.830063940082603 ], [ 20.3609428432733, -32.830022451202503 ], [ 20.360998993574, -32.829976582158302 ], [ 20.361050109994999, -32.829926693659203 ], [ 20.3610957905715, -32.829873178022197 ], [ 20.3611356760874, -32.829816456087201 ], [ 20.3611694529001, -32.829756973906903 ], [ 20.361196855406501, -32.829695199239701 ], [ 20.361217668131498, -32.829631617870298 ], [ 20.361231727421998, -32.8295667297905 ] ], [ [ 20.3603708433237, -32.830382543122198 ], [ 20.3603317137581, -32.830407511174599 ], [ 20.3602932649042, -32.830433221996998 ], [ 20.360255516538501, -32.8304596623652 ], [ 20.360218488077301, -32.830486818679702 ], [ 20.360182198566701, -32.830514676972697 ], [ 20.360146666672801, -32.830543222915502 ], [ 20.3601119106719, -32.830572441825403 ], [ 20.360077948441401, -32.830602318673897 ], [ 20.360044797450598, -32.830632838093898 ] ], [ [ 20.359876039232098, -32.830791780863201 ], [ 20.359818414156098, -32.830847730076002 ], [ 20.359762814760099, -32.8309051217296 ], [ 20.359709291673902, -32.830963903566101 ], [ 20.359657893637099, -32.831024022061499 ], [ 20.359608667454701, -32.831085422474501 ], [ 20.359561657954298, -32.8311480488968 ], [ 20.359516907945299, -32.831211844303297 ], [ 20.359474458180099, -32.831276750604502 ], [ 20.359434347316899, -32.831342708699196 ] ], [ [ 20.3591617565266, -32.831713154252597 ], [ 20.359187555281501, -32.831688925938998 ], [ 20.3592124191286, -32.831664010645603 ], [ 20.359236322419399, -32.831638434074598 ], [ 20.359259240496399, -32.831612222610502 ], [ 20.359281149718399, -32.831585403292799 ], [ 20.359302027485199, -32.831558003787599 ], [ 20.359321852260599, -32.831530052360002 ], [ 20.359340603594699, -32.8315015778442 ], [ 20.359358262144902, -32.831472609613797 ] ], [ [ 20.358490565967902, -32.832263561356498 ], [ 20.358529646497399, -32.832240557557299 ], [ 20.358568029952998, -32.8322167318833 ], [ 20.358605692091199, -32.832192099383199 ], [ 20.358642609124701, -32.832166675615397 ], [ 20.3586787577363, -32.832140476638003 ], [ 20.358714115094699, -32.832113518998803 ], [ 20.358748658868102, -32.832085819724803 ], [ 20.358782367238899, -32.832057396311299 ], [ 20.358815218916899, -32.832028266711099 ] ], [ [ 20.354693471101299, -32.834125088583498 ], [ 20.354871228918601, -32.834088538321303 ], [ 20.355047009955499, -32.834045712883302 ], [ 20.355220503544, -32.833996687957402 ], [ 20.355391403060501, -32.8339415501883 ], [ 20.355559406467599, -32.833880397024103 ], [ 20.355724216848099, -32.833813336544203 ], [ 20.355885542929698, -32.833740487268102 ], [ 20.356043099600502, -32.833661977945702 ], [ 20.356196608412201, -32.833577947330298 ] ] ] } },
{ "type": "Feature", "properties": { "name": "Block Reference [7E31]:0" }, "geometry": { "type": "MultiLineString", "coordinates": [ [ [ 20.355113585061599, -32.805899493792403 ], [ 20.355037905046199, -32.806451761709297 ] ], [ [ 20.355118648860099, -32.806950955926197 ], [ 20.3552066272091, -32.807133399609903 ] ], [ [ 20.355269334086099, -32.807306064441498 ], [ 20.355309782612899, -32.807467553556599 ] ], [ [ 20.3559113321237, -32.808215608707599 ], [ 20.356351643459799, -32.808462491982503 ] ], [ [ 20.356815086840001, -32.808830594034497 ], [ 20.356961576650001, -32.808994212509603 ] ], [ [ 20.3571813946749, -32.8091922036187 ], [ 20.357569488439601, -32.809474923508802 ] ], [ [ 20.357860249230601, -32.810458135063897 ], [ 20.357570184299799, -32.811090500452003 ] ], [ [ 20.357471327970199, -32.811293714783602 ], [ 20.356788877023, -32.8126196381087 ] ], [ [ 20.357745413928601, -32.813785037008202 ], [ 20.357856398713999, -32.813780217668501 ] ], [ [ 20.358430588414802, -32.813842285589601 ], [ 20.3592715452058, -32.814066640610001 ] ], [ [ 20.359795408297501, -32.814382697330601 ], [ 20.359895614164401, -32.814436570917501 ] ], [ [ 20.359895614163399, -32.814436570918502 ], [ 20.360116265800698, -32.814688891128903 ] ], [ [ 20.360145437289201, -32.814720714425803 ], [ 20.3601570156783, -32.814760211922902 ] ], [ [ 20.360157015677299, -32.814760211923897 ], [ 20.3601710728908, -32.814799819606399 ] ], [ [ 20.360883773595202, -32.815083123344401 ], [ 20.361171688316801, -32.8151006207394 ] ], [ [ 20.361703261387699, -32.815262817137103 ], [ 20.362013069522501, -32.8154502303057 ] ], [ [ 20.362446195290801, -32.8161150816412 ], [ 20.362466375840299, -32.816415343615702 ] ], [ [ 20.362547561811599, -32.816878154578902 ], [ 20.3635138087926, -32.820249752529598 ] ], [ [ 20.363572693928202, -32.8205430870591 ], [ 20.363701359087301, -32.821643759545097 ] ], [ [ 20.3636443785099, -32.822028987047801 ], [ 20.363119658933499, -32.8232545536817 ] ], [ [ 20.363027503751599, -32.823412187005502 ], [ 20.362785748359101, -32.823730529614203 ] ], [ [ 20.362426689680099, -32.824297068538201 ], [ 20.361575483411698, -32.825939276267398 ] ], [ [ 20.361363611751798, -32.827086595397901 ], [ 20.3615087344348, -32.828269769934003 ] ], [ [ 20.361380674155299, -32.829208679511801 ], [ 20.361375270937099, -32.829221890420399 ] ], [ [ 20.3612963850134, -32.8295006417504 ], [ 20.361284628088299, -32.829572867982499 ] ], [ [ 20.360913811976602, -32.830100212348597 ], [ 20.360402554556401, -32.830418815513802 ] ], [ [ 20.360084559165301, -32.830662930461799 ], [ 20.3599158009688, -32.830821873274097 ] ], [ [ 20.359482213621298, -32.831362692503703 ], [ 20.359406128501899, -32.831492593446697 ] ], [ [ 20.359200889370801, -32.831743829021001 ], [ 20.3588543517684, -32.832058941594497 ] ], [ [ 20.358520553637501, -32.832300864340297 ], [ 20.356226595537301, -32.833615250857498 ] ], [ [ 20.354705014258499, -32.834169105734098 ], [ 20.354628638704199, -32.834183381182399 ] ], [ [ 20.355037905045201, -32.806451761710299 ], [ 20.355032063072802, -32.806508111942598 ], [ 20.355029949639999, -32.806564649570497 ], [ 20.355031571325899, -32.8066211987814 ], [ 20.355036923094701, -32.806677583726497 ], [ 20.3550459883112, -32.806733629067402 ], [ 20.3550587387926, -32.806789160521497 ], [ 20.355075134895799, -32.806844005403903 ], [ 20.355095125640901, -32.806897993164199 ], [ 20.355118648869201, -32.806950955917202 ] ], [ [ 20.355269334086099, -32.807306064441498 ], [ 20.355264179924699, -32.807286448271498 ], [ 20.355258566682402, -32.8072669221661 ], [ 20.3552524965618, -32.807247493786797 ], [ 20.355245971945099, -32.8072281707569 ], [ 20.3552389953927, -32.807208960658301 ], [ 20.355231569642299, -32.807189871028598 ], [ 20.355223697607801, -32.807170909358 ], [ 20.3552153823784, -32.807152083086798 ], [ 20.3552066272171, -32.807133399601902 ] ], [ [ 20.355309782611901, -32.807467553557601 ], [ 20.355340145511502, -32.807567317943899 ], [ 20.355380571677198, -32.807664502772901 ], [ 20.3554307606178, -32.807758385583099 ], [ 20.355490339263099, -32.807848268457498 ], [ 20.355558864736899, -32.807933483212203 ], [ 20.355635827648602, -32.808013396364203 ], [ 20.355720655879299, -32.808087413840298 ], [ 20.355812718834599, -32.808154985394602 ], [ 20.355911332132699, -32.808215608698603 ] ], [ [ 20.356815086840001, -32.808830594034497 ], [ 20.3567711986707, -32.808783437479804 ], [ 20.356725249062102, -32.808737702740999 ], [ 20.356677302548398, -32.808693454047599 ], [ 20.356627426468101, -32.808650753541698 ], [ 20.356575690869001, -32.808609661191298 ], [ 20.356522168410301, -32.808570234705698 ], [ 20.3564669342603, -32.808532529454702 ], [ 20.356410065990602, -32.808496598390697 ], [ 20.3563516434678, -32.808462491974502 ] ], [ [ 20.356961576648999, -32.808994212510598 ], [ 20.356983486670401, -32.809018095407701 ], [ 20.357006055583, -32.809041536670399 ], [ 20.357029270909401, -32.8090645233383 ], [ 20.357053119814498, -32.809087042702302 ], [ 20.357077589112901, -32.809109082311501 ], [ 20.357102665276201, -32.809130629980402 ], [ 20.3571283344404, -32.809151673795597 ], [ 20.3571545824136, -32.809172202121999 ], [ 20.357181394683899, -32.809192203609697 ] ], [ [ 20.357860249230601, -32.810458135063897 ], [ 20.357902389529801, -32.8103436231901 ], [ 20.3579256844219, -32.8102253338606 ], [ 20.357929700567901, -32.810105467913097 ], [ 20.3579143633226, -32.809986255510701 ], [ 20.357879958118399, -32.809869914648097 ], [ 20.3578271251484, -32.809758609885399 ], [ 20.357756847450801, -32.809654412076597 ], [ 20.357670432614398, -32.809559259841897 ], [ 20.357569488447599, -32.809474923500801 ] ], [ [ 20.357471327970199, -32.811293714783602 ], [ 20.3574827916126, -32.811271304273298 ], [ 20.357494135879701, -32.811248850486798 ], [ 20.357505360542401, -32.811226353877501 ], [ 20.357516465374101, -32.811203814899798 ], [ 20.357527450150801, -32.8111812340087 ], [ 20.357538314650601, -32.811158611660296 ], [ 20.3575490586542, -32.811135948311502 ], [ 20.3575596819447, -32.8111132444199 ], [ 20.3575701843078, -32.811090500444003 ] ], [ [ 20.356788877022002, -32.812619638109702 ], [ 20.356723725998499, -32.812799328271304 ], [ 20.356707868859701, -32.812986774459702 ], [ 20.356742110948399, -32.813172460403401 ], [ 20.356824714153898, -32.813346959137199 ], [ 20.356951485092399, -32.813501411599503 ], [ 20.357115987952501, -32.813627976407297 ], [ 20.357309871206201, -32.813720227972503 ], [ 20.357523291605698, -32.813773482742697 ], [ 20.3577454139376, -32.813785036999199 ] ], [ [ 20.358430588414802, -32.813842285589601 ], [ 20.358368558924798, -32.813826873612399 ], [ 20.358305853777399, -32.8138135532595 ], [ 20.358242571838399, -32.8138023455328 ], [ 20.358178812882802, -32.813793268103097 ], [ 20.358114677437499, -32.813786335282501 ], [ 20.358050266623302, -32.8137815580017 ], [ 20.357985681994599, -32.813778943792698 ], [ 20.3579210253802, -32.813778496777402 ], [ 20.357856398721999, -32.813780217660501 ] ], [ [ 20.359795408297501, -32.814382697330601 ], [ 20.359750197202398, -32.814334606808501 ], [ 20.3597011211798, -32.814289298458398 ], [ 20.359648419638901, -32.814246993304302 ], [ 20.359592349673999, -32.814207897719498 ], [ 20.3595331848101, -32.814172202420401 ], [ 20.359471213668598, -32.814140081535399 ], [ 20.3594067385595, -32.814111691756501 ], [ 20.359340074006798, -32.814087171574002 ], [ 20.359271545213801, -32.814066640602 ] ], [ [ 20.3601162657997, -32.814688891129897 ], [ 20.3601194223566, -32.8146924817582 ], [ 20.360122600283599, -32.814696058919999 ], [ 20.3601257995, -32.8146996225246 ], [ 20.360129019924798, -32.8147031724817 ], [ 20.360132261476299, -32.814706708701301 ], [ 20.360135524072401, -32.814710231093699 ], [ 20.3601388076303, -32.814713739569697 ], [ 20.3601421120668, -32.814717234040202 ], [ 20.3601454372982, -32.814720714416801 ] ], [ [ 20.360171072889798, -32.814799819607401 ], [ 20.360235506374998, -32.814852282667701 ], [ 20.360304801173001, -32.814900124300401 ], [ 20.360378493824001, -32.814943024524403 ], [ 20.360456091451301, -32.814980696407602 ], [ 20.360537075058499, -32.815012887986597 ], [ 20.360620903000601, -32.815039383951998 ], [ 20.360707014606799, -32.815060007088597 ], [ 20.360794833930999, -32.815074619460901 ], [ 20.360883773604201, -32.815083123335398 ] ], [ [ 20.361703261387699, -32.815262817137103 ], [ 20.361650461124501, -32.815232893618102 ], [ 20.361595595940901, -32.815205747903001 ], [ 20.361538870519901, -32.815181481262101 ], [ 20.3614804964838, -32.815160184225 ], [ 20.361420691605002, -32.815141936242703 ], [ 20.361359678993001, -32.815126805391301 ], [ 20.361297686262699, -32.815114848118 ], [ 20.361234944685201, -32.815106109030701 ], [ 20.361171688324799, -32.8151006207314 ] ], [ [ 20.362446195290801, -32.8161150816412 ], [ 20.362435248819299, -32.816028432255102 ], [ 20.362414197210299, -32.8159431236461 ], [ 20.362383247330101, -32.815859993993598 ], [ 20.362342703295699, -32.815779860065902 ], [ 20.362292963485999, -32.815703509195501 ], [ 20.3622345166267, -32.815631691543402 ], [ 20.362167936987799, -32.815565112729402 ], [ 20.362093878740598, -32.815504426899203 ], [ 20.362013069530501, -32.815450230297699 ] ], [ [ 20.362466375839301, -32.816415343616697 ], [ 20.362470486573201, -32.816467282221502 ], [ 20.362475831548402, -32.816519140655103 ], [ 20.3624824086118, -32.816570898006503 ], [ 20.3624902151134, -32.816622533405699 ], [ 20.3624992479076, -32.816674026031599 ], [ 20.362509503354101, -32.816725355120603 ], [ 20.3625209773198, -32.816776499975099 ], [ 20.3625336651799, -32.816827439971803 ], [ 20.362547561820602, -32.816878154569899 ] ], [ [ 20.363572693928202, -32.8205430870591 ], [ 20.363568544182002, -32.820510189192802 ], [ 20.363563793026501, -32.820477349383999 ], [ 20.3635584415964, -32.820444575470901 ], [ 20.3635524911696, -32.820411875275802 ], [ 20.3635459431671, -32.8203792566038 ], [ 20.363538799152199, -32.82034672724 ], [ 20.363531060830901, -32.820314294948602 ], [ 20.3635227300507, -32.8202819674705 ], [ 20.363513808800601, -32.820249752521597 ] ], [ [ 20.3636443785099, -32.822028987047801 ], [ 20.363660685536001, -32.821987734676703 ], [ 20.363674556436301, -32.821945851846799 ], [ 20.3636859572688, -32.821903441055198 ], [ 20.363694860136601, -32.8218606060911 ], [ 20.3637012432559, -32.821817451781399 ], [ 20.3637050910094, -32.821774083734297 ], [ 20.363706393984501, -32.821730608081197 ], [ 20.363705148996299, -32.8216871312164 ], [ 20.363701359095302, -32.821643759537103 ] ], [ [ 20.363027503751599, -32.823412187005502 ], [ 20.363039773142901, -32.823395580862197 ], [ 20.363051550876399, -32.823378722844602 ], [ 20.3630628297038, -32.823361623327997 ], [ 20.363073602683698, -32.823344292836403 ], [ 20.363083863186102, -32.823326742036002 ], [ 20.363093604896601, -32.823308981728502 ], [ 20.363102821819702, -32.823291022844401 ], [ 20.3631115082833, -32.823272876436803 ], [ 20.3631196589415, -32.823254553673699 ] ], [ [ 20.3627857483581, -32.823730529615197 ], [ 20.362740685490898, -32.823791027546001 ], [ 20.362696884508999, -32.823852182631498 ], [ 20.362654358853501, -32.823913976108699 ], [ 20.362613121574199, -32.823976389018803 ], [ 20.3625731853259, -32.824039402212897 ], [ 20.362534562364001, -32.824102996358 ], [ 20.362497264541499, -32.824167151942497 ], [ 20.3624613033044, -32.824231849282903 ], [ 20.362426689689102, -32.824297068529198 ] ], [ [ 20.3615754834107, -32.8259392762684 ], [ 20.3615176214984, -32.826060225594901 ], [ 20.361468058581401, -32.826183774311602 ], [ 20.361426957390901, -32.826309516853797 ], [ 20.3613944528832, -32.826437040453598 ], [ 20.361370651796399, -32.8265659264951 ], [ 20.361355632299201, -32.826695751887797 ], [ 20.361349443734301, -32.826826090456102 ], [ 20.361352106455598, -32.826956514337802 ], [ 20.361363611760801, -32.827086595388899 ] ], [ [ 20.361380674155299, -32.829208679511801 ], [ 20.3614187108275, -32.8291078317068 ], [ 20.3614509228046, -32.829005548032697 ], [ 20.361477234633199, -32.828902068142703 ], [ 20.361497584684699, -32.828797634492098 ], [ 20.361511925299801, -32.8286924917698 ], [ 20.3615202228995, -32.828586886325603 ], [ 20.361522458064101, -32.828481065592101 ], [ 20.361518625578199, -32.828375277505899 ], [ 20.361508734442801, -32.828269769926003 ] ], [ [ 20.361375270936101, -32.829221890421401 ], [ 20.361363329981199, -32.829252149672698 ], [ 20.3613521719661, -32.8292826211975 ], [ 20.3613418021787, -32.829313290557103 ], [ 20.361332225533499, -32.829344143219203 ], [ 20.361323446568999, -32.829375164564503 ], [ 20.361315469445898, -32.8294063398939 ], [ 20.361308297945001, -32.829437654435097 ], [ 20.361301935465299, -32.829469093349999 ], [ 20.361296385022399, -32.829500641741397 ] ], [ [ 20.360913811976602, -32.830100212348597 ], [ 20.360978235984799, -32.830056208974099 ], [ 20.361037789335999, -32.830007559970603 ], [ 20.361092003716401, -32.829954647908799 ], [ 20.361140452800001, -32.829897888883302 ], [ 20.3611827556003, -32.829837729239699 ], [ 20.361218579466801, -32.829774642064997 ], [ 20.361247642699901, -32.829709123466799 ], [ 20.3612697167665, -32.829641688671799 ], [ 20.3612846280963, -32.829572867974498 ] ], [ [ 20.360402554555399, -32.830418815514797 ], [ 20.360364391145001, -32.830443167081697 ], [ 20.360326891639701, -32.830468243078698 ], [ 20.360290075327601, -32.830494030608101 ], [ 20.360253961145801, -32.830520516406203 ], [ 20.3602185676699, -32.830547686849997 ], [ 20.3601839131051, -32.830575527964697 ], [ 20.360150015276599, -32.830604025430098 ], [ 20.3601168916204, -32.830633164588797 ], [ 20.3600845591743, -32.830662930452803 ] ], [ [ 20.359915800967801, -32.830821873275099 ], [ 20.3598592332382, -32.830876795914797 ], [ 20.3598046540226, -32.8309331345285 ], [ 20.359752113022001, -32.830990837816799 ], [ 20.359701658081601, -32.831049853237801 ], [ 20.359653335147499, -32.831110127054799 ], [ 20.3596071882247, -32.831171604384998 ], [ 20.3595632593372, -32.831234229249702 ], [ 20.3595215884895, -32.831297944625199 ], [ 20.359482213630301, -32.8313626924947 ] ], [ [ 20.359200889370801, -32.831743829021001 ], [ 20.359227834735201, -32.831718523885002 ], [ 20.3592538036389, -32.831692501236901 ], [ 20.359278769293699, -32.831665787921203 ], [ 20.359302705946099, -32.831638411495 ], [ 20.359325588904301, -32.831610400199601 ], [ 20.359347394563699, -32.831581782930897 ], [ 20.3593681004308, -32.831552589210098 ], [ 20.359387685146899, -32.831522849152897 ], [ 20.3594061285099, -32.831492593438703 ] ], [ [ 20.358520553637501, -32.832300864340297 ], [ 20.358560735035901, -32.832277212537299 ], [ 20.358600199723199, -32.832252715707803 ], [ 20.358638922773299, -32.832227389324601 ], [ 20.358676879728499, -32.832201249384298 ], [ 20.358714046614999, -32.832174312397399 ], [ 20.358750399958101, -32.8321465953779 ], [ 20.358785916797199, -32.8321181158325 ], [ 20.358820574699902, -32.832088891749102 ], [ 20.358854351776401, -32.832058941586503 ] ], [ [ 20.354705014258499, -32.834169105734098 ], [ 20.354884953237001, -32.8341321069855 ], [ 20.355062891176299, -32.8340887560623 ], [ 20.355238513596099, -32.8340391295811 ], [ 20.3554115101098, -32.833983315249903 ], [ 20.355581574973598, -32.833921411712602 ], [ 20.355748407626699, -32.833853528375002 ], [ 20.3559117132226, -32.833779785210901 ], [ 20.3560712031504, -32.833700312550498 ], [ 20.356226595545301, -32.833615250849498 ] ] ] } },
{ "type": "Feature", "properties": { "name": "Block Reference [7E30]:0" }, "geometry": { "type": "MultiLineString", "coordinates": [ [ [ 20.3619530891037, -32.7784124502151 ], [ 20.361636863686801, -32.779576898537201 ] ], [ [ 20.361636863685799, -32.779576898538203 ], [ 20.3615752378251, -32.779642525219799 ] ], [ [ 20.361575237824098, -32.779642525220801 ], [ 20.361481686464, -32.779987005390801 ] ], [ [ 20.361481686463001, -32.779987005391803 ], [ 20.361485147813202, -32.780024757209603 ] ], [ [ 20.3614851478122, -32.780024757210597 ], [ 20.361488697818402, -32.780065452897702 ] ], [ [ 20.3614886978174, -32.780065452898697 ], [ 20.361491276951799, -32.780106421963303 ] ], [ [ 20.360598709788, -32.7812291826883 ], [ 20.3585367555212, -32.782555963614101 ] ], [ [ 20.358536755520198, -32.782555963615103 ], [ 20.358424387534999, -32.782582927628503 ] ], [ [ 20.358424387534001, -32.782582927629498 ], [ 20.358086849659099, -32.782800111452801 ] ], [ [ 20.3580868496581, -32.782800111453803 ], [ 20.358021720122601, -32.782887355667903 ] ], [ [ 20.358021720121599, -32.782887355668898 ], [ 20.3579150836756, -32.782955968763801 ] ], [ [ 20.357486131865599, -32.783632752300399 ], [ 20.357452065793701, -32.784086934427997 ] ], [ [ 20.357202521192001, -32.784902077595703 ], [ 20.356871975751499, -32.785490828147502 ] ], [ [ 20.3570221900268, -32.786884006894297 ], [ 20.357029339862699, -32.7868923867183 ] ], [ [ 20.356891585921701, -32.789596889323697 ], [ 20.356302149878701, -32.790175560990598 ] ], [ [ 20.355575761539299, -32.791202792870202 ], [ 20.355539663932401, -32.791232513559997 ] ], [ [ 20.355539663931399, -32.791232513560999 ], [ 20.355503875354401, -32.791262754700398 ] ], [ [ 20.355377057006699, -32.791619739143698 ], [ 20.3553858684086, -32.791666577398601 ] ], [ [ 20.355385868407598, -32.791666577399603 ], [ 20.355395427984401, -32.791713100065003 ] ], [ [ 20.3553261828079, -32.792071410906303 ], [ 20.355277771592998, -32.792442225446798 ] ], [ [ 20.355305016683499, -32.793480311748901 ], [ 20.355345562779899, -32.793700702974398 ] ], [ [ 20.355423857959799, -32.794021971880298 ], [ 20.355551547997798, -32.794441102555403 ] ], [ [ 20.355516225993298, -32.795613222182297 ], [ 20.3548206955086, -32.797493921193301 ] ], [ [ 20.354757441251198, -32.798095069151003 ], [ 20.354898013826102, -32.799036242014303 ] ], [ [ 20.3549824484843, -32.799302438871301 ], [ 20.355439638821299, -32.800220819769898 ] ], [ [ 20.355608883973101, -32.800461272181501 ], [ 20.355755358200799, -32.800615931659003 ] ], [ [ 20.355957723794699, -32.801359136188204 ], [ 20.3558125127119, -32.801900959581197 ] ], [ [ 20.355758746473601, -32.802215829360101 ], [ 20.355699330766701, -32.8030005685182 ] ], [ [ 20.355748351375201, -32.8033880356042 ], [ 20.3557706835742, -32.803454437696601 ] ], [ [ 20.355593754030899, -32.804261140012201 ], [ 20.355314098051199, -32.804576340597798 ] ], [ [ 20.3551335385852, -32.804862676198901 ], [ 20.355098637392, -32.804894665205602 ] ], [ [ 20.355098637390999, -32.804894665206596 ], [ 20.355064944531801, -32.804928366124798 ] ], [ [ 20.355025761502201, -32.805307064953801 ], [ 20.355036574758699, -32.805325187468704 ] ], [ [ 20.355036574757701, -32.805325187469698 ], [ 20.3550477410638, -32.805343022483399 ] ], [ [ 20.355047741062801, -32.805343022484401 ], [ 20.355080348350601, -32.8053921919429 ] ], [ [ 20.355080348349599, -32.805392191943902 ], [ 20.355081975961401, -32.805403415097999 ] ], [ [ 20.355083256931401, -32.805728647045697 ], [ 20.355047112571899, -32.805992408004201 ] ], [ [ 20.360598709788, -32.7812291826883 ], [ 20.360738664855901, -32.781132108683202 ], [ 20.360869867224299, -32.781026671640802 ], [ 20.3609916182772, -32.7809134330086 ], [ 20.3611032697337, -32.780792995775201 ], [ 20.361204227099901, -32.780666001258702 ], [ 20.361293952834099, -32.780533125691697 ], [ 20.3613719692082, -32.780395076620003 ], [ 20.361437860851201, -32.780252589134101 ], [ 20.3614912769598, -32.780106421955303 ] ], [ [ 20.357915083674602, -32.782955968764803 ], [ 20.357835371971898, -32.783012515518699 ], [ 20.357762382420901, -32.783075205303199 ], [ 20.357696775693501, -32.783143470687698 ], [ 20.3576391456407, -32.783216693773703 ], [ 20.357590013917399, -32.783294211786597 ], [ 20.357549825259898, -32.783375323075099 ], [ 20.357518943459599, -32.783459293461497 ], [ 20.357497648069899, -32.783545362887097 ], [ 20.357486131874602, -32.783632752291403 ] ], [ [ 20.357202521192001, -32.784902077595703 ], [ 20.357248126697499, -32.7848162160263 ], [ 20.357289406120699, -32.784728806603503 ], [ 20.357326286064701, -32.784640004772903 ], [ 20.357358700956699, -32.7845499684556 ], [ 20.357386593165302, -32.784458857767902 ], [ 20.357409913102298, -32.784366834736097 ], [ 20.357428619311101, -32.784274063008503 ], [ 20.35744267854, -32.784180707564197 ], [ 20.357452065801699, -32.784086934420003 ] ], [ [ 20.356871975750501, -32.785490828148497 ], [ 20.3567997779097, -32.785641960858001 ], [ 20.3567492554232, -32.785799247531003 ], [ 20.356721118116599, -32.785960478695898 ], [ 20.356715761369799, -32.786123389459298 ], [ 20.356733260556201, -32.786285691321801 ], [ 20.356773369976899, -32.786445104324997 ], [ 20.356835526305499, -32.786599389080301 ], [ 20.3569188564949, -32.786746378228102 ], [ 20.357022190035799, -32.786884006885302 ] ], [ [ 20.356891585921701, -32.789596889323697 ], [ 20.357119548983199, -32.789336272670702 ], [ 20.3572994089715, -32.789050060519102 ], [ 20.3574272162016, -32.788744538773201 ], [ 20.357500164287501, -32.788426417358103 ], [ 20.357516651733999, -32.788102682844702 ], [ 20.357476317059099, -32.787780445003897 ], [ 20.357380046679001, -32.787466780661902 ], [ 20.3572299553887, -32.787168578285502 ], [ 20.357029339870699, -32.786892386710299 ] ], [ [ 20.356302149877699, -32.790175560991599 ], [ 20.3562013044385, -32.790278479850201 ], [ 20.356105190590402, -32.790384579789503 ], [ 20.3560139488606, -32.7904937057002 ], [ 20.355927712654999, -32.790605698048601 ], [ 20.355846608063601, -32.790720393109801 ], [ 20.355770753675401, -32.790837623207501 ], [ 20.355700260405602, -32.790957216958297 ], [ 20.355635231332698, -32.791078999522902 ], [ 20.355575761548302, -32.791202792861199 ] ], [ [ 20.355503875353399, -32.7912627547014 ], [ 20.355487588683001, -32.791301835326998 ], [ 20.355471846151602, -32.791341074713699 ], [ 20.355456649928101, -32.7913804674563 ], [ 20.355442002106699, -32.791420008128803 ], [ 20.355427904705799, -32.791459691284402 ], [ 20.355414359667801, -32.791499511456898 ], [ 20.3554013688595, -32.7915394631612 ], [ 20.355388934070898, -32.791579540893999 ], [ 20.355377057015701, -32.791619739134703 ] ], [ [ 20.3553954279834, -32.791713100065998 ], [ 20.3553855609576, -32.791752587310903 ], [ 20.355376234560101, -32.791792168183498 ], [ 20.3553674500357, -32.791831837402903 ], [ 20.3553592085571, -32.791871589677001 ], [ 20.355351511224601, -32.791911419702302 ], [ 20.355344359065899, -32.791951322164799 ], [ 20.355337753035801, -32.791991291741198 ], [ 20.3553316940164, -32.792031323098897 ], [ 20.3553261828168, -32.7920714108973 ] ], [ [ 20.355277771592, -32.7924422254478 ], [ 20.355264755512099, -32.792557404749502 ], [ 20.355255744223602, -32.792672856927403 ], [ 20.3552507454942, -32.7927884826615 ], [ 20.355249763639598, -32.792904182481799 ], [ 20.355252799520098, -32.793019856854499 ], [ 20.355259850539699, -32.793135406267197 ], [ 20.355270910647999, -32.793250731314401 ], [ 20.355285970345701, -32.793365732783499 ], [ 20.355305016692501, -32.793480311739899 ] ], [ [ 20.355345562778901, -32.7937007029754 ], [ 20.355352422196201, -32.793736698961297 ], [ 20.355359743827201, -32.793772629935702 ], [ 20.3553675268098, -32.793808491664599 ], [ 20.355375770227401, -32.793844279922297 ], [ 20.355384473109101, -32.793879990491497 ], [ 20.355393634430001, -32.793915619164302 ], [ 20.355403253111199, -32.7939511617422 ], [ 20.355413328019701, -32.793986614037102 ], [ 20.355423857968798, -32.794021971871302 ] ], [ [ 20.355516225993298, -32.795613222182297 ], [ 20.3555581853315, -32.795486129198203 ], [ 20.355590798109201, -32.795357094944997 ], [ 20.355613940561799, -32.7952266092651 ], [ 20.3556275248772, -32.795095167508698 ], [ 20.355631499529199, -32.794963268653497 ], [ 20.3556258494717, -32.794831413410002 ], [ 20.355610596195799, -32.794700102321201 ], [ 20.355585797647201, -32.794569833861999 ], [ 20.355551548005799, -32.794441102547403 ] ], [ [ 20.354820695507598, -32.797493921194302 ], [ 20.354798666981999, -32.797558875382798 ], [ 20.354780321332701, -32.797624640990598 ], [ 20.354765700095498, -32.7976910691497 ], [ 20.354754836375601, -32.797758009492 ], [ 20.354747754772699, -32.797825310489699 ], [ 20.3547444713255, -32.7978928197983 ], [ 20.3547449934753, -32.797960384601403 ], [ 20.354749320048601, -32.798027851956697 ], [ 20.354757441260201, -32.798095069142001 ] ], [ [ 20.3548980138251, -32.799036242015298 ], [ 20.3549031109502, -32.799066652971199 ], [ 20.354909295878901, -32.799096919652797 ], [ 20.354916562942002, -32.799127014310898 ], [ 20.354924905478001, -32.799156909354302 ], [ 20.354934315839198, -32.799186577374499 ], [ 20.354944785399301, -32.799215991171302 ], [ 20.3549563045604, -32.799245123777403 ], [ 20.3549688627627, -32.799273948483503 ], [ 20.354982448493299, -32.799302438862298 ] ], [ [ 20.3554396388203, -32.8002208197709 ], [ 20.355454468754999, -32.800249372718199 ], [ 20.355470330735098, -32.800277527238499 ], [ 20.355487209775301, -32.800305256731598 ], [ 20.355505089929, -32.800332534998603 ], [ 20.355523954304001, -32.800359336266901 ], [ 20.355543785078002, -32.800385635214397 ], [ 20.355564563515699, -32.800411406993902 ], [ 20.355586269986301, -32.800436627255998 ], [ 20.3556088839821, -32.800461272172498 ] ], [ [ 20.355957723794699, -32.801359136188204 ], [ 20.355975554075702, -32.801272832203701 ], [ 20.355983124990701, -32.801185457964301 ], [ 20.355980361383999, -32.801097881173 ], [ 20.355967290730899, -32.801010971541302 ], [ 20.355944042863499, -32.800925592153199 ], [ 20.355910848680299, -32.800842590893502 ], [ 20.355868037852201, -32.800762792027903 ], [ 20.355816035547502, -32.800686988017901 ], [ 20.3557553582088, -32.800615931651002 ] ], [ [ 20.355812512710902, -32.801900959582198 ], [ 20.355803624227299, -32.801935538271898 ], [ 20.355795459222701, -32.801970243977102 ], [ 20.3557880202377, -32.802005065901596 ], [ 20.3557813095873, -32.802039993213498 ], [ 20.355775329359801, -32.802075015047699 ], [ 20.355770081416502, -32.802110120509901 ], [ 20.355765567390598, -32.802145298679697 ], [ 20.3557617886872, -32.802180538614202 ], [ 20.3557587464826, -32.802215829351098 ] ], [ [ 20.355699330765699, -32.803000568519202 ], [ 20.355697016836199, -32.803044028952897 ], [ 20.355696651594901, -32.803087532206199 ], [ 20.3556982355679, -32.803131015980902 ], [ 20.355701766489499, -32.8031744180064 ], [ 20.355707239306302, -32.8032176761294 ], [ 20.355714646183699, -32.8032607284023 ], [ 20.355723976517499, -32.803303513172303 ], [ 20.3557352169491, -32.803345969169598 ], [ 20.3557483513842, -32.803388035595198 ] ], [ [ 20.355593754030899, -32.804261140012201 ], [ 20.355656131444, -32.804182791952002 ], [ 20.355708718671199, -32.804099478254201 ], [ 20.355750966958901, -32.804012068350502 ], [ 20.355782435450902, -32.803921474416697 ], [ 20.355802795788399, -32.803828641852903 ], [ 20.355811835534801, -32.803734539418102 ], [ 20.355809460391299, -32.803640149119701 ], [ 20.3557956951799, -32.803546455966398 ], [ 20.3557706835822, -32.8034544376886 ] ], [ [ 20.355314098050201, -32.8045763405988 ], [ 20.355288994348498, -32.804605665434202 ], [ 20.355265091084402, -32.8046356971671 ], [ 20.355242416143401, -32.804666400763999 ], [ 20.3552209959783, -32.804697740407597 ], [ 20.355200855578001, -32.804729679538603 ], [ 20.355182018438899, -32.804762180898301 ], [ 20.355164506536699, -32.804795206572102 ], [ 20.3551483403017, -32.804828718033598 ], [ 20.355133538594199, -32.804862676189899 ] ], [ [ 20.355064944530799, -32.8049283661258 ], [ 20.355052890722501, -32.804969577641799 ], [ 20.355042736485899, -32.805011152594503 ], [ 20.3550344970696, -32.805053028561197 ], [ 20.355028184847701, -32.805095142666801 ], [ 20.355023809300199, -32.805137431678602 ], [ 20.355021376999801, -32.805179832101302 ], [ 20.3550208916011, -32.805222280272297 ], [ 20.355022353835899, -32.805264712457003 ], [ 20.3550257615112, -32.805307064944799 ] ], [ [ 20.355083256931401, -32.805728647045697 ], [ 20.3550876259355, -32.805692614656003 ], [ 20.355090869614202, -32.805656497583001 ], [ 20.355092985717999, -32.805620320887897 ], [ 20.355093972779901, -32.805584109673099 ], [ 20.355093830116498, -32.805547889065203 ], [ 20.355092557828002, -32.805511684196901 ], [ 20.355090156798799, -32.8054755201902 ], [ 20.3550866286961, -32.805439422138598 ], [ 20.355081975969401, -32.805403415089998 ] ] ] } },
{ "type": "Feature", "properties": { "name": "Block Reference [7E2F]:0" }, "geometry": { "type": "MultiLineString", "coordinates": [ [ [ 20.3620051052335, -32.778422530930598 ], [ 20.3615657503614, -32.7800403780072 ] ], [ [ 20.360631049204098, -32.7812650463948 ], [ 20.357947422615698, -32.782991833147697 ] ], [ [ 20.357539395499199, -32.783635602993499 ], [ 20.357505329696401, -32.784089785138697 ] ], [ [ 20.357250744226601, -32.784921395952303 ], [ 20.356920199027901, -32.785510146632603 ] ], [ [ 20.356976933065301, -32.786741599916397 ], [ 20.357018743233699, -32.7867657992565 ] ], [ [ 20.3570187432327, -32.786765799257502 ], [ 20.357061041546899, -32.786788502285198 ] ], [ [ 20.357100128036201, -32.786836559692603 ], [ 20.357107277875699, -32.7868449395122 ] ], [ [ 20.3572953441812, -32.787099266722002 ], [ 20.357303915631, -32.787152109017299 ] ], [ [ 20.357303915629998, -32.787152109018301 ], [ 20.357310884679599, -32.7872047398454 ] ], [ [ 20.356932045830099, -32.789626292773598 ], [ 20.3563426098486, -32.790204964629098 ] ], [ [ 20.355379236682801, -32.792076352329701 ], [ 20.3553308256847, -32.792447166893098 ] ], [ [ 20.355357760010499, -32.793473389348101 ], [ 20.355398306234399, -32.793693780558399 ] ], [ [ 20.355475550650802, -32.7940107371004 ], [ 20.355603240917201, -32.7944298677264 ] ], [ [ 20.355567175977999, -32.7956266635791 ], [ 20.355558684636001, -32.795649624532999 ] ], [ [ 20.355558684635, -32.795649624534001 ], [ 20.355572484323201, -32.795733279506003 ] ], [ [ 20.355572484322199, -32.795733279506997 ], [ 20.355445445658098, -32.796076795783797 ] ], [ [ 20.3554454456571, -32.796076795784799 ], [ 20.355363140981101, -32.796178379413099 ] ], [ [ 20.355363140980099, -32.796178379414101 ], [ 20.3548716464514, -32.797507362881099 ] ], [ [ 20.354810400600702, -32.798089426805902 ], [ 20.354950973726702, -32.799030599617403 ] ], [ [ 20.355031655869698, -32.799284965472303 ], [ 20.3553696812696, -32.799963975053402 ] ], [ [ 20.355369681268598, -32.799963975054403 ], [ 20.355447147251301, -32.8000265286218 ] ], [ [ 20.355447147250299, -32.800026528622801 ], [ 20.3555282128622, -32.800189367328201 ] ], [ [ 20.355624698789899, -32.800341857178303 ], [ 20.355625072649101, -32.8003743537557 ] ], [ [ 20.355625072648099, -32.800374353756702 ], [ 20.355626909587201, -32.800407247049797 ] ], [ [ 20.355650569852099, -32.800433111779903 ], [ 20.355797044107401, -32.800587771209599 ] ], [ [ 20.356009787815299, -32.801369088717898 ], [ 20.355864577030101, -32.801910912174101 ] ], [ [ 20.355812019198801, -32.802218706251701 ], [ 20.3557526039571, -32.803003445440503 ] ], [ [ 20.355799702405101, -32.803375717722098 ], [ 20.355822034639498, -32.803442119806 ] ], [ [ 20.355636474814698, -32.8042881735281 ], [ 20.3553568188978, -32.804603374208497 ] ], [ [ 20.355125828631898, -32.805334945759597 ], [ 20.355134963456099, -32.805397934509898 ] ], [ [ 20.355136286624401, -32.805733829802001 ], [ 20.355100142419001, -32.805997590777501 ] ], [ [ 20.360631049204098, -32.7812650463948 ], [ 20.360781897160599, -32.781159972626497 ], [ 20.360922709971799, -32.781045390455901 ], [ 20.361052650022, -32.780921981498601 ], [ 20.3611709443839, -32.780790479875499 ], [ 20.3612768894162, -32.780651667844801 ], [ 20.3613698549484, -32.780506371148498 ], [ 20.361449288028702, -32.780355454099499 ], [ 20.361514716212099, -32.780199814439698 ], [ 20.361565750369401, -32.7800403779992 ] ], [ [ 20.3579474226147, -32.782991833148699 ], [ 20.357871599278401, -32.783045621544701 ], [ 20.357802170193501, -32.783105253311597 ], [ 20.357739763803799, -32.783170188697902 ], [ 20.357684944991799, -32.783239839945303 ], [ 20.357638209965, -32.783313576609302 ], [ 20.357599981764299, -32.783390731264802 ], [ 20.357570606433999, -32.783470605547002 ], [ 20.357550349889301, -32.783552476472899 ], [ 20.357539395508201, -32.783635602984504 ] ], [ [ 20.357250744226601, -32.784921395952303 ], [ 20.357297271017899, -32.784833799787499 ], [ 20.357339384327901, -32.784744624500902 ], [ 20.357377009276899, -32.784654028678403 ], [ 20.357410078968101, -32.784562173431802 ], [ 20.357438534606001, -32.784469222112001 ], [ 20.3574623256008, -32.784375340018599 ], [ 20.357481409658899, -32.784280694106101 ], [ 20.3574957528574, -32.7841854526866 ], [ 20.357505329704399, -32.784089785130803 ] ], [ [ 20.356920199026899, -32.785510146633598 ], [ 20.356856256257, -32.785641804825097 ], [ 20.3568093329249, -32.785778480459697 ], [ 20.356779966337101, -32.785918608729503 ], [ 20.356768492797901, -32.786060585290301 ], [ 20.356775043754801, -32.786202784628998 ], [ 20.356799544290201, -32.786343578674199 ], [ 20.356841713974699, -32.786481355436301 ], [ 20.3569010700744, -32.786614537464501 ], [ 20.3569769330743, -32.786741599907401 ] ], [ [ 20.357061041545901, -32.7867885022862 ], [ 20.357065257362599, -32.786793914851302 ], [ 20.3570695052125, -32.786799309516901 ], [ 20.357073784989101, -32.786804686147597 ], [ 20.357078096585099, -32.786810044608799 ], [ 20.357082439892501, -32.786815384765902 ], [ 20.357086814802202, -32.786820706485202 ], [ 20.357091221204701, -32.786826009633103 ], [ 20.3570956589895, -32.786831294076798 ], [ 20.3571001280452, -32.7868365596836 ] ], [ [ 20.3572953441812, -32.787099266722002 ], [ 20.357276436794599, -32.787069998418197 ], [ 20.3572570220194, -32.787040968091802 ], [ 20.357237104052999, -32.787012182018401 ], [ 20.357216687201699, -32.7869836464209 ], [ 20.3571957758795, -32.786955367467797 ], [ 20.3571743746074, -32.786927351272503 ], [ 20.357152488012201, -32.786899603891101 ], [ 20.357130120825801, -32.786872131322099 ], [ 20.357107277883699, -32.786844939504199 ] ], [ [ 20.356932045830099, -32.789626292773598 ], [ 20.357136619713401, -32.789397158507803 ], [ 20.3573046878025, -32.789147742937303 ], [ 20.357433470807401, -32.788882171031098 ], [ 20.3575208392175, -32.7886048349242 ], [ 20.357565348499801, -32.788320321272003 ], [ 20.357566262964902, -32.788033335391098 ], [ 20.357523567907101, -32.787748623439597 ], [ 20.357437969820399, -32.787470893924798 ], [ 20.3573108846876, -32.787204739837399 ] ], [ [ 20.356342609847601, -32.790204964630099 ], [ 20.356171896721001, -32.790384331441203 ], [ 20.356015725258001, -32.790572915339503 ], [ 20.3558747909013, -32.790769876658601 ], [ 20.3557497212634, -32.790974338426302 ], [ 20.355641073330801, -32.791185390268801 ], [ 20.355549330982502, -32.791402092463301 ], [ 20.355474902833802, -32.791623480121899 ], [ 20.355418120414701, -32.791848567487101 ], [ 20.3553792366918, -32.792076352320699 ] ], [ [ 20.355330825683701, -32.7924471668941 ], [ 20.355317958425999, -32.792561029867102 ], [ 20.355309050191199, -32.792675162596097 ], [ 20.355304108658199, -32.792789466896203 ], [ 20.355303138093099, -32.7929038444341 ], [ 20.355306139346201, -32.793018196813598 ], [ 20.355313109850801, -32.793132425659401 ], [ 20.355324043625501, -32.793246432702297 ], [ 20.355338931279199, -32.7933601198636 ], [ 20.355357760019501, -32.793473389339098 ] ], [ [ 20.355398306233401, -32.793693780559401 ], [ 20.355405073598501, -32.793729293375101 ], [ 20.355412296973, -32.793764742051799 ], [ 20.355419975506202, -32.7938001224123 ], [ 20.3554281082939, -32.793835430287601 ], [ 20.355436694378302, -32.793870661516898 ], [ 20.355445732748201, -32.793905811949003 ], [ 20.355455222339099, -32.793940877441699 ], [ 20.355465162033202, -32.793975853863003 ], [ 20.355475550659801, -32.794010737091398 ] ], [ [ 20.355567175977999, -32.7956266635791 ], [ 20.355610018602398, -32.795496894935098 ], [ 20.355643317892, -32.795365144156698 ], [ 20.355666947477498, -32.795231911399 ], [ 20.355680817699501, -32.795097702440998 ], [ 20.355684875948, -32.794963026765103 ], [ 20.355679106861601, -32.794828395623199 ], [ 20.355663532384899, -32.794694320095999 ], [ 20.355638211684798, -32.794561309152499 ], [ 20.355603240925198, -32.794429867718399 ] ], [ [ 20.354871646450501, -32.797507362882101 ], [ 20.354850317276, -32.797570255041897 ], [ 20.354832554063101, -32.7976339328603 ], [ 20.354818397028399, -32.797698252195197 ], [ 20.354807878225898, -32.797763067452102 ], [ 20.354801021474199, -32.797828231913499 ], [ 20.3547978423024, -32.797893598071198 ], [ 20.3547983479151, -32.797959017960203 ], [ 20.3548025371758, -32.798024343493402 ], [ 20.354810400609701, -32.798089426796899 ] ], [ [ 20.3549509737257, -32.799030599618398 ], [ 20.354955844328899, -32.7990596589745 ], [ 20.354961754388601, -32.799088580467902 ], [ 20.354968698487401, -32.799117337582999 ], [ 20.354976670259799, -32.799145903954603 ], [ 20.3549856623982, -32.7991742533926 ], [ 20.354995666659299, -32.799202359905699 ], [ 20.355006673871902, -32.799230197725102 ], [ 20.355018673945398, -32.799257741328503 ], [ 20.355031655878701, -32.799284965463301 ] ], [ [ 20.355528212861199, -32.800189367329203 ], [ 20.355537257482101, -32.8002070238512 ], [ 20.355546731131898, -32.800224519158199 ], [ 20.3555566297848, -32.800241845815201 ], [ 20.3555669492345, -32.800258996458801 ], [ 20.3555776850956, -32.800275963800502 ], [ 20.355588832806198, -32.8002927406298 ], [ 20.3556003876289, -32.800309319817003 ], [ 20.355612344653501, -32.8003256943163 ], [ 20.355624698798898, -32.8003418571693 ] ], [ [ 20.355626909586199, -32.800407247050799 ], [ 20.355629487333299, -32.800410153997397 ], [ 20.355632077959001, -32.800413052766402 ], [ 20.355634681426899, -32.800415943316999 ], [ 20.355637297700401, -32.800418825608702 ], [ 20.355639926742899, -32.800421699601003 ], [ 20.3556425685173, -32.8004245652535 ], [ 20.355645222986698, -32.800427422525999 ], [ 20.355647890113801, -32.800430271378502 ], [ 20.355650569861101, -32.8004331117709 ] ], [ [ 20.356009787815299, -32.801369088717898 ], [ 20.3560285324182, -32.8012783588796 ], [ 20.356036491530901, -32.801186503906102 ], [ 20.356033586145799, -32.801094435997797 ], [ 20.356019845149302, -32.8010030694671 ], [ 20.355995405033699, -32.800913311658299 ], [ 20.355960508540502, -32.800826053937101 ], [ 20.355915502248401, -32.800742162838802 ], [ 20.355860833130802, -32.800662471463198 ], [ 20.355797044115398, -32.800587771201599 ] ], [ [ 20.355864577029099, -32.801910912175103 ], [ 20.355855888305399, -32.801944713819402 ], [ 20.355847906803, -32.8019786396246 ], [ 20.355840635005499, -32.802012679037198 ], [ 20.3558340751758, -32.802046821468601 ], [ 20.3558282293552, -32.802081056297901 ], [ 20.355823099363199, -32.802115372875697 ], [ 20.355818686796201, -32.802149760527001 ], [ 20.355814993027799, -32.8021842085546 ], [ 20.3558120192078, -32.802218706242698 ] ], [ [ 20.355752603956098, -32.803003445441497 ], [ 20.355750380793801, -32.8030452015457 ], [ 20.355750029900801, -32.803086998789503 ], [ 20.355751551782099, -32.803128777317703 ], [ 20.355754944261101, -32.803170477301897 ], [ 20.355760202482099, -32.803212039025901 ], [ 20.355767318917799, -32.803253402971698 ], [ 20.355776283379701, -32.803294509904099 ], [ 20.355787083032901, -32.803335300956199 ], [ 20.3557997024141, -32.803375717713102 ] ], [ [ 20.355636474814698, -32.8042881735281 ], [ 20.355701895006799, -32.804206003588199 ], [ 20.355757047432402, -32.804118625786799 ], [ 20.355801356570499, -32.8040269519677 ], [ 20.3558343600616, -32.8039319388037 ], [ 20.355855713531401, -32.803834577812701 ], [ 20.355865194182702, -32.803735885010603 ], [ 20.355862703119499, -32.8036368903078 ], [ 20.3558482663767, -32.803538626762197 ], [ 20.355822034647499, -32.803442119798 ] ], [ [ 20.355356818896801, -32.804603374209499 ], [ 20.355299148715201, -32.804674480083797 ], [ 20.355248833919301, -32.804749463680302 ], [ 20.3552062377493, -32.804827783693497 ], [ 20.3551716677275, -32.804908874731098 ], [ 20.355145373437601, -32.804992151395098 ], [ 20.3551275447225, -32.805077012508001 ], [ 20.3551183103129, -32.805162845452202 ], [ 20.355117736897501, -32.805249030592798 ], [ 20.355125828640801, -32.805334945750602 ] ], [ [ 20.355136286624401, -32.805733829802001 ], [ 20.355140798852801, -32.805696616020398 ], [ 20.355144148859502, -32.805659314779398 ], [ 20.3551463343214, -32.805621951962003 ], [ 20.355147353723702, -32.805584553493603 ], [ 20.3551472063604, -32.805547145324503 ], [ 20.355145892335202, -32.805509753411698 ], [ 20.3551434125614, -32.805472403700598 ], [ 20.355139768761099, -32.805435122107703 ], [ 20.355134963464099, -32.805397934501897 ] ] ] } },
{ "type": "Feature", "properties": { "name": "Block Reference [7E2E]:0" }, "geometry": { "type": "MultiLineString", "coordinates": [ [ [ 20.3604463742261, -32.747812680143603 ], [ 20.360486437201001, -32.748012437114298 ] ], [ [ 20.3606542635987, -32.748339099387302 ], [ 20.361229920091201, -32.748977258792699 ] ], [ [ 20.361351482624201, -32.749144914784701 ], [ 20.361733486951, -32.749816400517901 ] ], [ [ 20.3617348842136, -32.749818845169003 ], [ 20.3622312733212, -32.750683286084403 ] ], [ [ 20.362381748613299, -32.751035520185297 ], [ 20.362709273663199, -32.7521611041076 ] ], [ [ 20.362709273662201, -32.752161104108602 ], [ 20.362686729207901, -32.752234675657398 ] ], [ [ 20.362686729206899, -32.7522346756584 ], [ 20.362746140158801, -32.752438846364299 ] ], [ [ 20.362771623910401, -32.752518725749702 ], [ 20.362795394210501, -32.752587147843798 ] ], [ [ 20.362795394209499, -32.7525871478448 ], [ 20.3628697366075, -32.752673097687499 ] ], [ [ 20.362869736606498, -32.752673097688501 ], [ 20.363179236333, -32.753563970480499 ] ], [ [ 20.363264241073502, -32.754034040529 ], [ 20.363264993572699, -32.754069920863202 ] ], [ [ 20.363351196058801, -32.7545491339257 ], [ 20.363611388971002, -32.755302437748298 ] ], [ [ 20.3636326007517, -32.755368551201101 ], [ 20.363713800007702, -32.755642383886197 ] ], [ [ 20.3637138000067, -32.755642383887199 ], [ 20.363698237636999, -32.755729019419299 ] ], [ [ 20.363698237636001, -32.755729019420301 ], [ 20.363802185367099, -32.756079565461697 ] ], [ [ 20.363802185366101, -32.756079565462699 ], [ 20.363869301872199, -32.756166786609697 ] ], [ [ 20.363869301871201, -32.756166786610699 ], [ 20.363886148991899, -32.7562236001896 ] ], [ [ 20.3640764764212, -32.756640488532497 ], [ 20.3640801974813, -32.756646371316002 ] ], [ [ 20.3641849817439, -32.757275972923303 ], [ 20.364131782196601, -32.757485413242598 ] ], [ [ 20.3640838053003, -32.757889310680802 ], [ 20.364112022562001, -32.759989229942498 ] ], [ [ 20.364028632942901, -32.760505812768102 ], [ 20.3640021385377, -32.760582944859202 ] ], [ [ 20.364002138536701, -32.760582944860197 ], [ 20.363931610205501, -32.760658874531003 ] ], [ [ 20.363931610204499, -32.760658874531998 ], [ 20.363810497541898, -32.761011461904502 ] ], [ [ 20.3638104975409, -32.761011461905497 ], [ 20.3638108762512, -32.761014964801603 ] ], [ [ 20.363810876250199, -32.761014964802598 ], [ 20.363815726035298, -32.761061326255202 ] ], [ [ 20.3638157260343, -32.761061326256197 ], [ 20.363819065506299, -32.761108180734198 ] ], [ [ 20.363733808561001, -32.761285698286599 ], [ 20.3633376658108, -32.761997941183601 ] ], [ [ 20.3632587769666, -32.762543027893301 ], [ 20.363314216278098, -32.762779002123402 ] ], [ [ 20.363243652790601, -32.763328983155098 ], [ 20.3631691277572, -32.763473099585802 ] ], [ [ 20.362846624928501, -32.763827095032497 ], [ 20.3627595512292, -32.763885462243003 ] ], [ [ 20.362248340468401, -32.764405308621399 ], [ 20.362213093706401, -32.764461620913302 ] ], [ [ 20.3622130937054, -32.764461620914297 ], [ 20.3621325698665, -32.764513121134797 ] ], [ [ 20.362132569865501, -32.764513121135799 ], [ 20.361931992825902, -32.764833572407099 ] ], [ [ 20.3619319928249, -32.764833572408101 ], [ 20.3619295347047, -32.764856702571798 ] ], [ [ 20.361929534703702, -32.7648567025728 ], [ 20.3619257781131, -32.7648923088448 ] ], [ [ 20.361925778112099, -32.764892308845802 ], [ 20.361922904664201, -32.764927748747297 ] ], [ [ 20.361837118604001, -32.765099384691602 ], [ 20.361654071937998, -32.765525000326697 ] ], [ [ 20.361453453042699, -32.765869998314102 ], [ 20.361190956847501, -32.766219990592099 ] ], [ [ 20.360889430451198, -32.766874144080603 ], [ 20.360837921821101, -32.767116137495996 ] ], [ [ 20.3608069381992, -32.767537655790903 ], [ 20.3608930179049, -32.768885955393003 ] ], [ [ 20.3609166987235, -32.769074362600797 ], [ 20.360914014260999, -32.769083879821501 ] ], [ [ 20.36091401426, -32.769083879822503 ], [ 20.360911389117799, -32.769093426452201 ] ], [ [ 20.360911389116801, -32.769093426453203 ], [ 20.360891440701401, -32.769164980716901 ] ], [ [ 20.360891440700399, -32.769164980717903 ], [ 20.3609619503186, -32.769517110961701 ] ], [ [ 20.360961950317598, -32.769517110962703 ], [ 20.361019713533199, -32.769589359790302 ] ], [ [ 20.361019713532201, -32.769589359791297 ], [ 20.3611902003274, -32.770440768797698 ] ], [ [ 20.361346006291999, -32.7707955992351 ], [ 20.361872313569101, -32.771532553444999 ] ], [ [ 20.3619998259109, -32.771795849170999 ], [ 20.362465758381902, -32.773448305706502 ] ], [ [ 20.362642881063099, -32.773854770280302 ], [ 20.363085903291498, -32.774588597598303 ] ], [ [ 20.363184347380201, -32.775330367515203 ], [ 20.363061827995701, -32.775738559317404 ] ], [ [ 20.363061827994699, -32.775738559318398 ], [ 20.3630044412667, -32.775783013153301 ] ], [ [ 20.363004441265701, -32.775783013154303 ], [ 20.362901009883402, -32.776127606326597 ] ], [ [ 20.3629010098824, -32.776127606327599 ], [ 20.362915677521801, -32.776225476438498 ] ], [ [ 20.3629156775208, -32.7762254764395 ], [ 20.362910289551898, -32.776243426971803 ] ], [ [ 20.362413706082101, -32.777396480046001 ], [ 20.3622191175861, -32.777737184504801 ] ], [ [ 20.361988031962898, -32.778288517109303 ], [ 20.361855748987701, -32.7787634899327 ] ], [ [ 20.360486437199999, -32.7480124371153 ], [ 20.360495586180999, -32.748051634062499 ], [ 20.360507212218401, -32.7480903593842 ], [ 20.360521281779501, -32.748128501375398 ], [ 20.3605377542833, -32.7481659500137 ], [ 20.360556582216901, -32.748202597276901 ], [ 20.360577711272999, -32.748238337453699 ], [ 20.360601080506399, -32.748273067449603 ], [ 20.360626622509699, -32.748306687083797 ], [ 20.360654263607699, -32.748339099378299 ] ], [ [ 20.361351482624201, -32.749144914784701 ], [ 20.361339999334099, -32.7491252995137 ], [ 20.361327994944102, -32.749105908320303 ], [ 20.361315475573399, -32.749086751089003 ], [ 20.3613024476041, -32.749067837585002 ], [ 20.361288917677399, -32.749049177449201 ], [ 20.361274892690201, -32.749030780193301 ], [ 20.361260379791901, -32.749012655195202 ], [ 20.361245386380599, -32.748994811693798 ], [ 20.361229920099198, -32.748977258784699 ] ], [ [ 20.361733486950101, -32.749816400518903 ], [ 20.361733641681099, -32.7498166723583 ], [ 20.361733796542499, -32.749816944144598 ], [ 20.361733951534301, -32.749817215877897 ], [ 20.361734106656598, -32.749817487557998 ], [ 20.361734261909199, -32.7498177591849 ], [ 20.361734417292102, -32.749818030758597 ], [ 20.3617345728053, -32.749818302279103 ], [ 20.361734728448798, -32.749818573746197 ], [ 20.361734884222599, -32.74981884516 ] ], [ [ 20.362381748613299, -32.751035520185297 ], [ 20.3623694100629, -32.750995159830602 ], [ 20.3623559569706, -32.750955054581802 ], [ 20.362341396709201, -32.750915226414001 ], [ 20.362325737258299, -32.7508756971502 ], [ 20.362308987199601, -32.750836488449998 ], [ 20.362291155712601, -32.750797621796899 ], [ 20.3622722525689, -32.750759118487302 ], [ 20.3622522881276, -32.750720999618302 ], [ 20.362231273329201, -32.750683286076402 ] ], [ [ 20.3627461401578, -32.752438846365401 ], [ 20.362748763927101, -32.752447768097298 ], [ 20.362751439793001, -32.752456678773697 ], [ 20.362754167690099, -32.752465578177301 ], [ 20.3627569475521, -32.752474466091101 ], [ 20.3627597793113, -32.752483342298497 ], [ 20.362762662898401, -32.752492206583199 ], [ 20.362765598243399, -32.752501058728903 ], [ 20.362768585274701, -32.752509898519897 ], [ 20.3627716239194, -32.7525187257407 ] ], [ [ 20.363264241073502, -32.754034040529 ], [ 20.3632621970496, -32.753981076118201 ], [ 20.363258288959301, -32.7539281865498 ], [ 20.3632525202664, -32.753875418658303 ], [ 20.363244896082701, -32.753822819170402 ], [ 20.363235423162699, -32.753770434663799 ], [ 20.363224109897899, -32.753718311525397 ], [ 20.363210966309701, -32.7536664959107 ], [ 20.363196004039899, -32.753615033703099 ], [ 20.363179236341001, -32.753563970472499 ] ], [ [ 20.363264993571701, -32.754069920864197 ], [ 20.3632670714507, -32.7541239072672 ], [ 20.363271038222202, -32.754177818110101 ], [ 20.3632768904179, -32.754231606212898 ], [ 20.363284622919899, -32.754285224503199 ], [ 20.3632942289643, -32.7543386260568 ], [ 20.363305700147802, -32.754391764139299 ], [ 20.363319026434599, -32.754444592246699 ], [ 20.3633341961655, -32.7544970641462 ], [ 20.3633511960678, -32.754549133916697 ] ], [ [ 20.3636326007517, -32.755368551201101 ], [ 20.3636303927209, -32.755361171837698 ], [ 20.3636281473838, -32.755353800516502 ], [ 20.363625864781401, -32.755346437372097 ], [ 20.363623544955399, -32.755339082538903 ], [ 20.363621187948201, -32.755331736151497 ], [ 20.3636187938028, -32.755324398343902 ], [ 20.3636163625631, -32.755317069250303 ], [ 20.363613894273499, -32.755309749004603 ], [ 20.363611388978999, -32.755302437740298 ] ], [ [ 20.3638861489909, -32.756223600190602 ], [ 20.3639012426944, -32.756271709700201 ], [ 20.363917882642099, -32.756319453708201 ], [ 20.3639360564719, -32.756366796738298 ], [ 20.363955750682202, -32.756413703612203 ], [ 20.3639769506417, -32.756460139475699 ], [ 20.363999640599801, -32.756506069824397 ], [ 20.364023803698998, -32.756551460529501 ], [ 20.364049421987001, -32.756596277863203 ], [ 20.3640764764301, -32.756640488523502 ] ], [ [ 20.3641849817439, -32.757275972923303 ], [ 20.364199619858098, -32.7572049431569 ], [ 20.364207660744501, -32.757133165348002 ], [ 20.364209055484501, -32.757061076314699 ], [ 20.364203795606201, -32.756989114768103 ], [ 20.364191913135599, -32.756917718642299 ], [ 20.364173480401, -32.756847322429401 ], [ 20.364148609592799, -32.756778354535399 ], [ 20.364117452079999, -32.756711234673098 ], [ 20.364080197489301, -32.756646371308001 ] ], [ [ 20.364131782195599, -32.7574854132436 ], [ 20.364121205916401, -32.757529716110497 ], [ 20.364111930562501, -32.757574226593199 ], [ 20.3641039618185, -32.757618917420899 ], [ 20.364097304568698, -32.757663761212697 ], [ 20.364091962893902, -32.757708730493498 ], [ 20.3640879400686, -32.757753797711601 ], [ 20.364085238559799, -32.757798935255003 ], [ 20.364083860024401, -32.757844115468799 ], [ 20.364083805309299, -32.7578893106718 ] ], [ [ 20.364028632942901, -32.760505812768102 ], [ 20.364046729699101, -32.7604497238109 ], [ 20.3640626499947, -32.760393165623398 ], [ 20.364076376866699, -32.760336198483699 ], [ 20.3640878956896, -32.760278883105499 ], [ 20.3640971941911, -32.760221280573603 ], [ 20.364104262465698, -32.760163452278498 ], [ 20.364109092984499, -32.760105459851502 ], [ 20.364111680603799, -32.760047365098501 ], [ 20.364112022570001, -32.759989229934497 ] ], [ [ 20.363733808561001, -32.761285698286599 ], [ 20.363744392032999, -32.761266370206499 ], [ 20.363754701186899, -32.761246936567701 ], [ 20.363764734548301, -32.761227400149799 ], [ 20.363774490682601, -32.761207763746697 ], [ 20.363783968194401, -32.761188030166899 ], [ 20.363793165728602, -32.761168202232597 ], [ 20.36380208197, -32.7611482827798 ], [ 20.3638107156434, -32.761128274657104 ], [ 20.363819065514299, -32.761108180726197 ] ], [ [ 20.363337665809802, -32.761997941184603 ], [ 20.363308799609701, -32.7620549876561 ], [ 20.363284767006999, -32.762113612238103 ], [ 20.363265687701201, -32.762173522961703 ], [ 20.363251656723399, -32.762234421452099 ], [ 20.3632427439629, -32.762296004414097 ], [ 20.3632389938189, -32.7623579651436 ], [ 20.363240424979299, -32.762419995054003 ], [ 20.363247030326999, -32.762481785213602 ], [ 20.363258776975599, -32.762543027884298 ] ], [ [ 20.363243652790601, -32.763328983155098 ], [ 20.363270924907699, -32.763270980839899 ], [ 20.3632935016598, -32.763211555587397 ], [ 20.363311280099602, -32.763150978394698 ], [ 20.3633241791618, -32.763089525511603 ], [ 20.3633321400333, -32.763027477180799 ], [ 20.363335126420399, -32.762965116359801 ], [ 20.363333124714998, -32.7629027274305 ], [ 20.363326144055598, -32.762840594902499 ], [ 20.363314216286099, -32.762779002115401 ] ], [ [ 20.362846624928501, -32.763827095032497 ], [ 20.3628920846357, -32.763794887263501 ], [ 20.3629354107339, -32.763760644405501 ], [ 20.362976475773898, -32.763724467190201 ], [ 20.363015158958301, -32.763686462039097 ], [ 20.3630513464968, -32.763646740751199 ], [ 20.3630849319409, -32.763605420173299 ], [ 20.363115816496901, -32.763562621856899 ], [ 20.363143909316801, -32.763518471700202 ], [ 20.3631691277652, -32.763473099577801 ] ], [ [ 20.362759551228201, -32.763885462243998 ], [ 20.362690725898599, -32.763933815533903 ], [ 20.362624602672799, -32.763984789618704 ], [ 20.362561321218799, -32.764038276832302 ], [ 20.3625010152032, -32.764094164200301 ], [ 20.3624438120085, -32.764152333678602 ], [ 20.362389832464402, -32.764212662402599 ], [ 20.362339190592198, -32.764275022946698 ], [ 20.362291993364099, -32.764339283593699 ], [ 20.3622483404774, -32.764405308612403 ] ], [ [ 20.361922904663199, -32.764927748748299 ], [ 20.361912354454802, -32.764946442537102 ], [ 20.361902055875198, -32.764965236228001 ], [ 20.361892010249601, -32.764984127403103 ], [ 20.361882218870502, -32.765003113631998 ], [ 20.361872682997799, -32.765022192472202 ], [ 20.361863403858301, -32.765041361469102 ], [ 20.361854382646101, -32.765060618156497 ], [ 20.361845620521802, -32.7650799600572 ], [ 20.361837118613, -32.7650993846826 ] ], [ [ 20.361453453042699, -32.765869998314102 ], [ 20.361480046697299, -32.765833579637203 ], [ 20.3615055969418, -32.765796631586397 ], [ 20.361530089023599, -32.765759175497202 ], [ 20.361553508801101, -32.765721232998501 ], [ 20.361575842752099, -32.765682826 ], [ 20.361597077981301, -32.765643976679598 ], [ 20.3616172022281, -32.765604707470501 ], [ 20.361636203873299, -32.765565041048603 ], [ 20.361654071945999, -32.765525000318704 ] ], [ [ 20.361190956846499, -32.7662199905931 ], [ 20.361142933415898, -32.766287172291698 ], [ 20.361098371359901, -32.766356035564002 ], [ 20.3610573530176, -32.7664264531806 ], [ 20.361019954181501, -32.766498295040101 ], [ 20.360986243957498, -32.766571428409797 ], [ 20.3609562846366, -32.766645718169997 ], [ 20.360930131580599, -32.766721027064399 ], [ 20.360907833119001, -32.766797215953602 ], [ 20.360889430460201, -32.7668741440716 ] ], [ [ 20.360837921820099, -32.767116137496998 ], [ 20.360828775902899, -32.767162527874 ], [ 20.360821047150601, -32.767209101876702 ], [ 20.360814740693002, -32.767255828606999 ], [ 20.360809860716099, -32.767302677064997 ], [ 20.360806410459599, -32.7673496161703 ], [ 20.360804392214899, -32.7673966147822 ], [ 20.360803807322998, -32.767443641720497 ], [ 20.360804656174398, -32.767490665786099 ], [ 20.3608069382081, -32.767537655781901 ] ], [ [ 20.360893017903901, -32.768885955393998 ], [ 20.360894504123799, -32.768906979103903 ], [ 20.360896277272801, -32.768927986931502 ], [ 20.360898337115401, -32.768948976081802 ], [ 20.360900683377601, -32.768969943762102 ], [ 20.3609033157474, -32.768990887182603 ], [ 20.3609062338749, -32.769011803556801 ], [ 20.360909437371902, -32.769032690101703 ], [ 20.3609129258124, -32.7690535440383 ], [ 20.360916698732499, -32.769074362591802 ] ], [ [ 20.361190200326401, -32.7704407687987 ], [ 20.361199578382401, -32.770482315899002 ], [ 20.361210998337501, -32.770523496591103 ], [ 20.3612244403399, -32.7705642392784 ], [ 20.3612398810222, -32.770604473126198 ], [ 20.3612572935419, -32.770644128183797 ], [ 20.361276647628401, -32.770683135507298 ], [ 20.361297909634999, -32.770721427278303 ], [ 20.361321042598199, -32.770758936922697 ], [ 20.361346006301002, -32.770795599226098 ] ], [ [ 20.3619998259109, -32.771795849170999 ], [ 20.3619904958646, -32.7717651100551 ], [ 20.3619799222122, -32.7717346596677 ], [ 20.361968117421, -32.771704533908 ], [ 20.3619550954093, -32.771674768292698 ], [ 20.3619408715304, -32.771645397913602 ], [ 20.3619254625549, -32.771616457396902 ], [ 20.3619088866499, -32.771587980861597 ], [ 20.361891163358798, -32.771560001879799 ], [ 20.361872313577098, -32.771532553436998 ] ], [ [ 20.3624657583809, -32.773448305707497 ], [ 20.362479722355101, -32.773495079035001 ], [ 20.3624951440258, -32.7735415243963 ], [ 20.362512012631299, -32.7735876093735 ], [ 20.362530316399699, -32.773633301800302 ], [ 20.3625500425577, -32.773678569784202 ], [ 20.3625711773389, -32.773723381728999 ], [ 20.362593705993799, -32.7737677063568 ], [ 20.362617612799699, -32.773811512729601 ], [ 20.362642881072102, -32.773854770271299 ] ], [ [ 20.363184347380201, -32.775330367515203 ], [ 20.363205091973001, -32.7752474682786 ], [ 20.363217928587598, -32.775163433687503 ], [ 20.363222775140901, -32.775078801241797 ], [ 20.3632196006565, -32.774994112263798 ], [ 20.363208425461401, -32.774909908436001 ], [ 20.363189321056002, -32.774826728336301 ], [ 20.363162409656201, -32.774745103993098 ], [ 20.3631278634106, -32.774665557482798 ], [ 20.363085903299499, -32.774588597590302 ] ], [ [ 20.362413706082101, -32.777396480046001 ], [ 20.3624823195257, -32.777272831693899 ], [ 20.362547643874901, -32.777147918520498 ], [ 20.3626096464962, -32.777021802954103 ], [ 20.362668296416601, -32.7768945480233 ], [ 20.362723564338999, -32.776766217326099 ], [ 20.362775422656799, -32.776636874997699 ], [ 20.362823845467901, -32.776506585678703 ], [ 20.3628688085874, -32.7763754144828 ], [ 20.362910289559899, -32.776243426963802 ] ], [ [ 20.362219117585099, -32.777737184505803 ], [ 20.3621864684334, -32.777796168138103 ], [ 20.362155523559998, -32.7778558038423 ], [ 20.362126301200799, -32.777916056481203 ], [ 20.362098818577199, -32.777976890554001 ], [ 20.362073091885399, -32.778038270217202 ], [ 20.3620491362873, -32.7781001593059 ], [ 20.362026965901102, -32.778162521354702 ], [ 20.362006593793598, -32.778225319619899 ], [ 20.361988031971901, -32.7782885171003 ] ] ] } },
{ "type": "Feature", "properties": { "name": "Block Reference [7E2D]:0" }, "geometry": { "type": "MultiLineString", "coordinates": [ [ [ 20.360498973193099, -32.747805146538397 ], [ 20.360539036282699, -32.7480049034939 ] ], [ [ 20.360696691517798, -32.748311767996199 ], [ 20.3612723481437, -32.748949927211001 ] ], [ [ 20.361399564805001, -32.749125381111497 ], [ 20.361781569414401, -32.749796866703598 ] ], [ [ 20.3617828819953, -32.7497991631936 ], [ 20.362279271463901, -32.750663603926 ] ], [ [ 20.362433556434301, -32.751024755287503 ], [ 20.3628393956214, -32.752419469282898 ] ], [ [ 20.362863768775, -32.752495867225498 ], [ 20.363230428475699, -32.753551271151103 ] ], [ [ 20.3633175855113, -32.754033241674598 ], [ 20.363318338031799, -32.754069122008801 ] ], [ [ 20.3634024123294, -32.754536502618798 ], [ 20.363662605639799, -32.755289806341402 ] ], [ [ 20.363684354464102, -32.755357593544097 ], [ 20.363937903171301, -32.756212642435102 ] ], [ [ 20.364123531351499, -32.756619237168898 ], [ 20.364127252414001, -32.756625119951003 ] ], [ [ 20.3642371484645, -32.757285433793399 ], [ 20.364183949032899, -32.757494874135901 ] ], [ [ 20.364137156980501, -32.757888798820098 ], [ 20.3641653754948, -32.759988718085403 ] ], [ [ 20.364079875048802, -32.760518378996103 ], [ 20.363901653473601, -32.7610372263565 ] ], [ [ 20.363782099099598, -32.761304873201098 ], [ 20.3633859566438, -32.762017116252302 ] ], [ [ 20.3633111136668, -32.762534249830601 ], [ 20.3633665531117, -32.7627702240395 ] ], [ [ 20.3632925478245, -32.763347033447602 ], [ 20.3632180228538, -32.7634911499078 ] ], [ [ 20.362879788245401, -32.763862413535001 ], [ 20.362792714532599, -32.763920780767997 ] ], [ [ 20.362295509610799, -32.764426384937899 ], [ 20.362005046793399, -32.764890443269998 ] ], [ [ 20.361887269716, -32.765114781711397 ], [ 20.361704223254499, -32.765540397421297 ] ], [ [ 20.36149852554, -32.765894129613699 ], [ 20.361236029447099, -32.766244121986098 ] ], [ [ 20.360941948438299, -32.766882123653303 ], [ 20.360890439944999, -32.767124117091598 ] ], [ [ 20.3608602215925, -32.767535227543 ], [ 20.360946302100501, -32.768883527119002 ] ], [ [ 20.360972772149498, -32.769084653055899 ], [ 20.3612428152909, -32.770433248615703 ] ], [ [ 20.361391696708601, -32.770772308755902 ], [ 20.3619180042318, -32.771509262779503 ] ], [ [ 20.3620517368152, -32.771785402149597 ], [ 20.3625176701978, -32.773437858505901 ] ], [ [ 20.362690419672301, -32.7738342868522 ], [ 20.363133442195299, -32.774568114007998 ] ], [ [ 20.363236075819501, -32.775341448567403 ], [ 20.3629620184816, -32.776254508141598 ] ], [ [ 20.362461770744702, -32.777416071036001 ], [ 20.362267182386699, -32.777756775570097 ] ], [ [ 20.362039980817499, -32.778298842173001 ], [ 20.361907698101199, -32.778773815053803 ] ], [ [ 20.3605390362817, -32.748004903494902 ], [ 20.3605476307998, -32.748041724866198 ], [ 20.360558552248701, -32.748078103194402 ], [ 20.360571769127901, -32.748113933544602 ], [ 20.360587243315301, -32.748149112562601 ], [ 20.360604930177601, -32.7481835387728 ], [ 20.3606247786986, -32.748217112870996 ], [ 20.360646731626598, -32.748249738010699 ], [ 20.360670725639299, -32.748281320082903 ], [ 20.360696691526801, -32.748311767987197 ] ], [ [ 20.361399564805001, -32.749125381111497 ], [ 20.3613875474, -32.749104853506701 ], [ 20.361374984658202, -32.749084560401997 ], [ 20.3613618829838, -32.749064512141501 ], [ 20.361348249055499, -32.749044718944504 ], [ 20.361334089823401, -32.749025190900397 ], [ 20.361319412505299, -32.749005937963403 ], [ 20.361304224583201, -32.748986969947403 ], [ 20.3612885337992, -32.748968296521099 ], [ 20.361272348151701, -32.748949927203 ] ], [ [ 20.361781569413399, -32.7497968667046 ], [ 20.361781714766899, -32.749797122068699 ], [ 20.361781860242999, -32.749797377383103 ], [ 20.361782005841601, -32.7497976326475 ], [ 20.361782151562601, -32.749797887862101 ], [ 20.361782297406101, -32.749798143026702 ], [ 20.3617824433721, -32.749798398141301 ], [ 20.3617825894604, -32.749798653205801 ], [ 20.361782735671198, -32.749798908220299 ], [ 20.361782882004299, -32.749799163184598 ] ], [ [ 20.362433556434301, -32.751024755287503 ], [ 20.362420905493099, -32.750983373156501 ], [ 20.362407111794301, -32.750942252590299 ], [ 20.362392182897398, -32.750901416120101 ], [ 20.362376126984099, -32.7508608861217 ], [ 20.362358952853501, -32.750820684802697 ], [ 20.362340669917199, -32.750780834190699 ], [ 20.3623212881947, -32.750741356121097 ], [ 20.362300818306998, -32.750702272225098 ], [ 20.362279271471898, -32.7506636039179 ] ], [ [ 20.362839395620401, -32.752419469284 ], [ 20.362841905045101, -32.752428002173502 ], [ 20.362844464295598, -32.752436524489298 ], [ 20.362847073309698, -32.752445036023602 ], [ 20.3628497320239, -32.7524535365689 ], [ 20.362852440373199, -32.752462025917801 ], [ 20.362855198291701, -32.752470503863599 ], [ 20.362858005712098, -32.752478970199498 ], [ 20.362860862566102, -32.752487424719199 ], [ 20.362863768783999, -32.752495867216503 ] ], [ [ 20.3633175855113, -32.754033241674598 ], [ 20.363315489707499, -32.753978936393203 ], [ 20.363311482645901, -32.753924707849698 ], [ 20.363305567878299, -32.753870604064304 ], [ 20.3632977506457, -32.753816672946797 ], [ 20.363288037873801, -32.753762962253703 ], [ 20.3632764381668, -32.753709519546597 ], [ 20.363262961799801, -32.753656392149502 ], [ 20.363247620709402, -32.753603627107097 ], [ 20.3632304284837, -32.753551271143102 ] ], [ [ 20.363318338030801, -32.754069122009803 ], [ 20.363320364635602, -32.754121775414703 ], [ 20.363324233493302, -32.754174355124398 ], [ 20.363329941221401, -32.754226815123999 ], [ 20.363337482828001, -32.754279109503003 ], [ 20.363346851716301, -32.754331192496203 ], [ 20.363358039690201, -32.754383018523001 ], [ 20.363371036961802, -32.754434542227699 ], [ 20.363385832159601, -32.754485718519 ], [ 20.363402412338399, -32.754536502609803 ] ], [ [ 20.363684354464102, -32.755357593544097 ], [ 20.363682090529601, -32.755350027362297 ], [ 20.363679788344299, -32.755342469426303 ], [ 20.363677447950401, -32.755334919874002 ], [ 20.363675069390499, -32.755327378843504 ], [ 20.3636726527082, -32.755319846472602 ], [ 20.363670197947499, -32.755312322898703 ], [ 20.3636677051534, -32.755304808259403 ], [ 20.363665174371398, -32.755297302691901 ], [ 20.3636626056478, -32.755289806333401 ] ], [ [ 20.363937903170299, -32.756212642436097 ], [ 20.363952624215301, -32.7562595640509 ], [ 20.3639688533246, -32.756306129188197 ], [ 20.363986578441502, -32.756352303247802 ], [ 20.3640057863979, -32.756398051920002 ], [ 20.364026462923199, -32.756443341211103 ], [ 20.3640485926562, -32.7564881374688 ], [ 20.364072159155199, -32.756532407406901 ], [ 20.364097144911199, -32.756576118130504 ], [ 20.364123531360502, -32.756619237159903 ] ], [ [ 20.3642371484645, -32.757285433793399 ], [ 20.364252500590801, -32.757210939153502 ], [ 20.3642609336713, -32.757135659984002 ], [ 20.3642623964023, -32.757060054411397 ], [ 20.364256879899798, -32.756984582547297 ], [ 20.364244417753, -32.756909703688301 ], [ 20.364225085819399, -32.756835873521197 ], [ 20.3641990017632, -32.756763541349798 ], [ 20.3641663243382, -32.756693147360302 ], [ 20.364127252422001, -32.756625119943003 ] ], [ [ 20.364183949031901, -32.757494874136903 ], [ 20.364173633919499, -32.757538083110397 ], [ 20.364164587611299, -32.757581494572797 ], [ 20.364156815651398, -32.757625081926903 ], [ 20.364150322803599, -32.757668818467501 ], [ 20.364145113047599, -32.757712677398203 ], [ 20.364141189577399, -32.7577566318473 ], [ 20.3641385547986, -32.757800654884903 ], [ 20.364137210327399, -32.757844719538703 ], [ 20.3641371569895, -32.757888798811102 ] ], [ [ 20.364079875048802, -32.760518378996103 ], [ 20.364098429920301, -32.7604608700574 ], [ 20.364114753229899, -32.760402880010098 ], [ 20.364128827585098, -32.760344470658197 ], [ 20.3641406379903, -32.760285704252503 ], [ 20.3641501718628, -32.760226643424197 ], [ 20.3641574190463, -32.760167351118298 ], [ 20.3641623718216, -32.760107890526101 ], [ 20.364165024914801, -32.760048325018303 ], [ 20.3641653755028, -32.759988718077402 ] ], [ [ 20.363782099099598, -32.761304873201098 ], [ 20.3637978179874, -32.761275959377897 ], [ 20.363812938175101, -32.761246818504297 ], [ 20.363827455071601, -32.76121745943 ], [ 20.363841364269099, -32.761187891070698 ], [ 20.363854661544, -32.761158122405803 ], [ 20.363867342858999, -32.761128162475501 ], [ 20.363879404363502, -32.7610980203781 ], [ 20.3638908423953, -32.761067705267003 ], [ 20.363901653481602, -32.761037226348499 ] ], [ [ 20.363385956642801, -32.762017116253297 ], [ 20.363358570784602, -32.762071237275499 ], [ 20.363335770650401, -32.762126855478002 ], [ 20.363317669800601, -32.7621836938645 ], [ 20.363304358392501, -32.762241469361101 ], [ 20.363295902730599, -32.762299894226501 ], [ 20.363292344936699, -32.762358677484499 ], [ 20.363293702739298, -32.762417526373703 ], [ 20.363299969385899, -32.762476147804897 ], [ 20.363311113675799, -32.762534249821499 ] ], [ [ 20.3632925478245, -32.763347033447602 ], [ 20.3633211502606, -32.763286201739703 ], [ 20.363344828286301, -32.763223877684602 ], [ 20.363363473932701, -32.763160345498903 ], [ 20.3633770021811, -32.763095894908197 ], [ 20.363385351349699, -32.763030819825701 ], [ 20.363388483375299, -32.7629654170116 ], [ 20.363386383986601, -32.762899984720399 ], [ 20.3633790627688, -32.76283482134 ], [ 20.3633665531197, -32.762770224031499 ] ], [ [ 20.362879788245401, -32.763862413535001 ], [ 20.362927465505201, -32.7638286346426 ], [ 20.362972905073999, -32.763792721388299 ], [ 20.363015973285801, -32.763754779417802 ], [ 20.3630565434506, -32.763714920344 ], [ 20.363094496227198, -32.763673261419598 ], [ 20.3631297199748, -32.763629925191502 ], [ 20.363162111080499, -32.763585039140601 ], [ 20.363191574264899, -32.763538735306597 ], [ 20.363218022861801, -32.763491149899799 ] ], [ [ 20.362792714531601, -32.763920780768998 ], [ 20.362725774818902, -32.763967809329202 ], [ 20.362661463183599, -32.764017386881797 ], [ 20.362599915467499, -32.764069408710498 ], [ 20.362541261674899, -32.764123764936002 ], [ 20.362485625698501, -32.764180340747998 ], [ 20.3624331250574, -32.764239016647899 ], [ 20.362383870648902, -32.764299668701199 ], [ 20.362337966514598, -32.764362168799003 ], [ 20.362295509619798, -32.764426384928903 ] ], [ [ 20.362005046792401, -32.764890443271 ], [ 20.361990166097002, -32.764914664569602 ], [ 20.361975726444999, -32.764939075689398 ], [ 20.3619617312279, -32.7649636708977 ], [ 20.361948183732501, -32.764988444418499 ], [ 20.361935087140701, -32.765013390434298 ], [ 20.3619224445284, -32.7650385030867 ], [ 20.361910258864999, -32.765063776478399 ], [ 20.3618985330125, -32.765089204674098 ], [ 20.361887269724999, -32.765114781702401 ] ], [ [ 20.36149852554, -32.765894129613699 ], [ 20.3615257924403, -32.765856788935103 ], [ 20.361551989513899, -32.765818905480998 ], [ 20.361577101634701, -32.765780501127097 ], [ 20.361601114303301, -32.765741598049701 ], [ 20.361624013655099, -32.765702218713301 ], [ 20.361645786468301, -32.765662385857297 ], [ 20.361666420172099, -32.765622122482903 ], [ 20.361685902853001, -32.7655814518399 ], [ 20.3617042232625, -32.765540397413297 ] ], [ [ 20.361236029446101, -32.7662441219871 ], [ 20.361189191799902, -32.7663096448955 ], [ 20.361145730065701, -32.766376807856297 ], [ 20.361105724549301, -32.766445486781699 ], [ 20.361069249171699, -32.7665155547826 ], [ 20.361036371331998, -32.766586882403303 ], [ 20.361007151783301, -32.766659337860403 ], [ 20.3609816445198, -32.766732787286699 ], [ 20.360959896677699, -32.766807094978098 ], [ 20.360941948447302, -32.766882123644301 ] ], [ [ 20.360890439944001, -32.7671241170926 ], [ 20.360881519877601, -32.767169362032199 ], [ 20.360873981985002, -32.767214786063001 ], [ 20.360867831269001, -32.7672603590497 ], [ 20.360863071812201, -32.767306050758002 ], [ 20.360859706774399, -32.767351830874702 ], [ 20.360857738390099, -32.767397669028199 ], [ 20.360857167967499, -32.767443534808102 ], [ 20.360857995886999, -32.767489397785702 ], [ 20.360860221601499, -32.767535227533997 ] ], [ [ 20.360946302099499, -32.768883527120003 ], [ 20.360947904252299, -32.768905983376598 ], [ 20.360949842054399, -32.768928420741297 ], [ 20.360952115196799, -32.768950835633198 ], [ 20.3609547233171, -32.768973224474898 ], [ 20.360957665999202, -32.768995583693197 ], [ 20.360960942773701, -32.7690179097197 ], [ 20.360964553117899, -32.769040198991298 ], [ 20.360968496455801, -32.769062447950603 ], [ 20.360972772158501, -32.769084653046903 ] ], [ [ 20.361242815289899, -32.770433248616698 ], [ 20.361251776566, -32.770472949175698 ], [ 20.361262688989299, -32.770512299610601 ], [ 20.361275533590199, -32.7705512315069 ], [ 20.3612902880398, -32.770589677177902 ], [ 20.3613069266883, -32.770627569782199 ], [ 20.361325420610299, -32.770664843439803 ], [ 20.361345737654599, -32.770701433346801 ], [ 20.361367842500201, -32.770737275887797 ], [ 20.3613916967176, -32.770772308746899 ] ], [ [ 20.3620517368152, -32.771785402149597 ], [ 20.362041951626999, -32.771753163568398 ], [ 20.362030862169899, -32.771721227800597 ], [ 20.362018481519002, -32.771689632496397 ], [ 20.362004824271899, -32.771658414905097 ], [ 20.361989906530901, -32.771627611830397 ], [ 20.361973745884502, -32.771597259587203 ], [ 20.3619563613865, -32.771567393959003 ], [ 20.361937773533199, -32.771538050155598 ], [ 20.361918004239801, -32.771509262771502 ] ], [ [ 20.362517670196802, -32.773437858506902 ], [ 20.362531289406501, -32.773483476932199 ], [ 20.3625463303194, -32.7735287754886 ], [ 20.3625627824395, -32.773573722558801 ], [ 20.3625806342856, -32.773618286770699 ], [ 20.362599873399699, -32.773662437019297 ], [ 20.362620486355102, -32.7737061424885 ], [ 20.362642458766501, -32.773749372672697 ], [ 20.362665775299501, -32.773792097398001 ], [ 20.3626904196813, -32.773834286843197 ] ], [ [ 20.363236075819501, -32.775341448567403 ], [ 20.363257703113099, -32.775255021694299 ], [ 20.363271085915699, -32.775167411157 ], [ 20.363276138652999, -32.775079177327797 ], [ 20.363272829031398, -32.774990884564303 ], [ 20.3632611782445, -32.7749030975992 ], [ 20.363241260836499, -32.774816377928403 ], [ 20.3632132042252, -32.774731280219797 ], [ 20.3631771878858, -32.774648348765297 ], [ 20.363133442203299, -32.774568114 ] ], [ [ 20.362461770744702, -32.777416071036001 ], [ 20.362530890508999, -32.7772915101229 ], [ 20.362596696902301, -32.777165675055201 ], [ 20.362659157050501, -32.777038628721598 ], [ 20.362718239751899, -32.776910434616198 ], [ 20.362773915493399, -32.776781156806202 ], [ 20.362826156465001, -32.7766508599004 ], [ 20.362874936573299, -32.776519609016198 ], [ 20.362920231455199, -32.776387469748002 ], [ 20.362962018489601, -32.776254508133597 ] ], [ [ 20.3622671823857, -32.777756775571099 ], [ 20.3622350819834, -32.777814767894299 ], [ 20.362204657217401, -32.777873401329799 ], [ 20.362175926017098, -32.7779326413308 ], [ 20.362148905314498, -32.777992452993097 ], [ 20.3621236110334, -32.778052801075702 ], [ 20.362100058080902, -32.778113650021403 ], [ 20.362078260337899, -32.778174963977698 ], [ 20.3620582306514, -32.778236706818397 ], [ 20.362039980826498, -32.778298842163998 ] ] ] } },
{ "type": "Feature", "properties": { "name": "Block Reference [7941]:0" }, "geometry": { "type": "MultiLineString", "coordinates": [ [ [ 20.3575807387735, -32.783440659413102 ], [ 20.3575747782101, -32.783457065126001 ] ], [ [ 20.357574778209099, -32.783457065127003 ], [ 20.3575744791872, -32.783457900135602 ] ], [ [ 20.357574479186201, -32.783457900136597 ], [ 20.357573061461402, -32.783462246164099 ] ], [ [ 20.3575730614604, -32.783462246165101 ], [ 20.357571859274302, -32.783466638305697 ] ], [ [ 20.3575718592733, -32.783466638306699 ], [ 20.3575708747126, -32.7834710689364 ] ], [ [ 20.357570874711602, -32.783471068937402 ], [ 20.357570109485501, -32.783475530365102 ] ], [ [ 20.357570109484499, -32.783475530366097 ], [ 20.357569966103799, -32.7834765493064 ] ], [ [ 20.357569966102801, -32.783476549307402 ], [ 20.357569564921299, -32.783480014847598 ] ], [ [ 20.357569564920301, -32.7834800148486 ], [ 20.357569241965301, -32.783484514599301 ] ], [ [ 20.357569241964299, -32.783484514600303 ], [ 20.3575691411782, -32.783489021809302 ] ], [ [ 20.357569141177201, -32.783489021810297 ], [ 20.357569262734899, -32.7834935286537 ] ], [ [ 20.3575692627339, -32.783493528654702 ], [ 20.357569606424502, -32.7834980273093 ] ], [ [ 20.3575696064235, -32.783498027310301 ], [ 20.357570171650501, -32.7835025099671 ] ], [ [ 20.357570171649499, -32.783502509968102 ], [ 20.357570957431601, -32.783506968845799 ] ], [ [ 20.3575709574306, -32.783506968846801 ], [ 20.357571962403998, -32.783511396205299 ] ], [ [ 20.357571962403, -32.783511396206301 ], [ 20.357573184823099, -32.783515784360397 ] ], [ [ 20.357573184822101, -32.783515784361398 ], [ 20.3575746225671, -32.783520125693897 ] ], [ [ 20.357574622566101, -32.783520125694899 ], [ 20.3575762731402, -32.783524412669799 ] ], [ [ 20.357576273139198, -32.783524412670801 ], [ 20.3575781336774, -32.783528637846501 ] ], [ [ 20.357578133676402, -32.783528637847503 ], [ 20.357580200948899, -32.783532793889698 ] ], [ [ 20.357580200947901, -32.7835327938907 ], [ 20.357582471366399, -32.783536873585099 ] ], [ [ 20.357582471365401, -32.783536873586101 ], [ 20.357584940988701, -32.783540869850903 ] ], [ [ 20.357584940987699, -32.783540869851898 ], [ 20.357587605529002, -32.783544775750102 ] ], [ [ 20.357587605528, -32.783544775751103 ], [ 20.357590460362001, -32.783548584502597 ] ], [ [ 20.357590460360999, -32.783548584503599 ], [ 20.357591040592499, -32.783549317557402 ] ], [ [ 20.357591040591501, -32.783549317558403 ], [ 20.357593500532001, -32.783552289496903 ] ], [ [ 20.357593500530999, -32.783552289497898 ], [ 20.357596720761901, -32.783555884301798 ] ], [ [ 20.357596720760899, -32.7835558843028 ], [ 20.3576001154618, -32.783559362676897 ] ], [ [ 20.357600115460802, -32.783559362677899 ], [ 20.357603678738801, -32.783562718584598 ] ], [ [ 20.357603678737799, -32.7835627185856 ], [ 20.357607404407801, -32.783565946199197 ] ], [ [ 20.357607404406799, -32.783565946200198 ], [ 20.357611286001401, -32.783569039918 ] ], [ [ 20.357611286000399, -32.783569039919101 ], [ 20.3576153167818, -32.783571994371002 ] ], [ [ 20.357615316780802, -32.783571994371997 ], [ 20.3576194897521, -32.783574804429399 ] ], [ [ 20.357619489751102, -32.783574804430401 ], [ 20.357623797668499, -32.783577465215402 ] ], [ [ 20.3576237976675, -32.783577465216403 ], [ 20.357628233053099, -32.783579972110203 ] ], [ [ 20.3576282330521, -32.783579972111198 ], [ 20.3576327882068, -32.783582320762299 ] ], [ [ 20.357632788205802, -32.783582320763301 ], [ 20.357637455222299, -32.783584507094602 ] ], [ [ 20.357637455221301, -32.783584507095597 ], [ 20.3576422259985, -32.783586527312004 ] ], [ [ 20.357642225997498, -32.783586527312998 ], [ 20.357647092253799, -32.783588377907698 ] ], [ [ 20.357647092252801, -32.7835883779087 ], [ 20.357652045541101, -32.783590055669301 ] ], [ [ 20.3576520455401, -32.783590055670302 ], [ 20.3576570772621, -32.783591557684403 ] ], [ [ 20.357657077261099, -32.783591557685398 ], [ 20.357662178682599, -32.783592881345598 ] ], [ [ 20.357662178681601, -32.7835928813466 ], [ 20.357667340947, -32.783594024355402 ] ], [ [ 20.357667340946001, -32.783594024356397 ], [ 20.3576725550944, -32.783594984729604 ] ], [ [ 20.357672555093401, -32.783594984730598 ], [ 20.357677812073799, -32.783595760801099 ] ], [ [ 20.357677812072801, -32.7835957608021 ], [ 20.357683102759701, -32.783596351222798 ] ], [ [ 20.357683102758699, -32.7835963512238 ], [ 20.3576862081703, -32.783596610010299 ] ], [ [ 20.357686208169302, -32.783596610011301 ], [ 20.357693733675202, -32.783597159043701 ] ], [ [ 20.3576937336742, -32.783597159044703 ], [ 20.357694943904299, -32.783597247337603 ] ], [ [ 20.357694943903301, -32.783597247338598 ], [ 20.357715002663198, -32.783598710748997 ] ], [ [ 20.3577150026622, -32.783598710749999 ], [ 20.357736271652101, -32.783600262450697 ] ], [ [ 20.357736271651099, -32.783600262451699 ], [ 20.3577575406417, -32.783601814148803 ] ], [ [ 20.357757540640701, -32.783601814149797 ], [ 20.357778809632102, -32.783603365843298 ] ], [ [ 20.3577788096311, -32.7836033658443 ], [ 20.357800078623299, -32.783604917534198 ] ], [ [ 20.357800078622301, -32.7836049175352 ], [ 20.357814663327598, -32.783605981567199 ] ], [ [ 20.3578146633266, -32.783605981568201 ], [ 20.357816029978402, -32.783606085010398 ] ], [ [ 20.3578160299774, -32.7836060850114 ], [ 20.357817398272001, -32.783606196077798 ] ], [ [ 20.357817398270999, -32.7836061960788 ], [ 20.357820129722899, -32.783606440294598 ] ], [ [ 20.357820129721901, -32.7836064402956 ], [ 20.3578208895801, -32.783606512411197 ] ], [ [ 20.357820889579099, -32.783606512412199 ], [ 20.3578213378375, -32.783606554954503 ] ], [ [ 20.357821337836501, -32.783606554955497 ], [ 20.3578425525256, -32.783608568399004 ] ], [ [ 20.357842552524598, -32.783608568399998 ], [ 20.357863767214699, -32.783610581840001 ] ], [ [ 20.357863767213701, -32.783610581841003 ], [ 20.357884981904899, -32.783612595277397 ] ], [ [ 20.357884981903901, -32.783612595278399 ], [ 20.357906196596101, -32.783614608711197 ] ], [ [ 20.357906196595099, -32.783614608712199 ], [ 20.357920936537599, -32.783616007640397 ] ], [ [ 20.357920936536601, -32.783616007641399 ], [ 20.357922108203901, -32.783616114232103 ] ], [ [ 20.357922108202899, -32.783616114233098 ], [ 20.357927426994198, -32.783616482801001 ] ], [ [ 20.3579274269932, -32.783616482802003 ], [ 20.357932759342798, -32.783616663898897 ] ], [ [ 20.3579327593418, -32.783616663899899 ], [ 20.3579380959935, -32.783616657211397 ] ], [ [ 20.357938095992601, -32.783616657212399 ], [ 20.357943427682699, -32.783616462750103 ] ], [ [ 20.3579434276817, -32.783616462751098 ], [ 20.357948745155099, -32.783616080852603 ] ], [ [ 20.357948745154101, -32.783616080853598 ], [ 20.357954039180299, -32.783615512181797 ] ], [ [ 20.357954039179301, -32.783615512182799 ], [ 20.357959300568702, -32.783614757724798 ] ], [ [ 20.3579593005677, -32.7836147577258 ], [ 20.357964520187199, -32.783613818791203 ] ], [ [ 20.357964520186201, -32.783613818792197 ], [ 20.357969688975199, -32.783612697011002 ] ], [ [ 20.357969688974201, -32.783612697012003 ], [ 20.357974797960299, -32.783611394331302 ] ], [ [ 20.357974797959301, -32.783611394332297 ], [ 20.357979838274201, -32.7836099130135 ] ], [ [ 20.357979838273199, -32.783609913014502 ], [ 20.357984801167401, -32.783608255628899 ] ], [ [ 20.357984801166399, -32.7836082556299 ], [ 20.3579875731212, -32.783607240394701 ] ], [ [ 20.357987573120202, -32.783607240395703 ], [ 20.357989678025099, -32.7836064250546 ] ], [ [ 20.357989678024101, -32.783606425055602 ], [ 20.3579944603817, -32.783604424468102 ] ], [ [ 20.357994460380699, -32.783604424469097 ], [ 20.3579991399357, -32.783602257342203 ] ], [ [ 20.357999139934702, -32.783602257343198 ], [ 20.358003708563999, -32.783599927438701 ] ], [ [ 20.358003708563, -32.783599927439703 ], [ 20.358008158336101, -32.783597438802097 ] ], [ [ 20.3580081583351, -32.783597438803099 ], [ 20.358012481527702, -32.7835947957523 ] ], [ [ 20.3580124815267, -32.783594795753302 ], [ 20.3580151966916, -32.783593012972403 ] ], [ [ 20.358015196690602, -32.783593012973398 ], [ 20.358016670634601, -32.783592002877199 ] ], [ [ 20.358016670633599, -32.783592002878201 ], [ 20.3580207183848, -32.783589065024898 ] ], [ [ 20.358020718383798, -32.7835890650259 ], [ 20.358024294093799, -32.7835862527008 ] ], [ [ 20.3580242940928, -32.783586252701802 ], [ 20.3580246177521, -32.783585987295197 ] ], [ [ 20.358024617751099, -32.783585987296199 ], [ 20.358028361967801, -32.783582775030503 ] ], [ [ 20.358028361966799, -32.783582775031498 ], [ 20.3580319445323, -32.7835794338068 ] ], [ [ 20.358031944531302, -32.783579433807802 ], [ 20.358035359226999, -32.783575969424199 ] ], [ [ 20.358035359226001, -32.7835759694252 ], [ 20.3580386001242, -32.783572387896299 ] ], [ [ 20.358038600123201, -32.783572387897301 ], [ 20.358041661598399, -32.783568695440202 ] ], [ [ 20.358041661597401, -32.783568695441197 ], [ 20.3580445383352, -32.7835648984654 ] ], [ [ 20.358044538334202, -32.783564898466402 ], [ 20.358047225341, -32.783561003563001 ] ], [ [ 20.358047225340002, -32.783561003564003 ], [ 20.358049717951602, -32.783557017493997 ] ], [ [ 20.3580497179506, -32.783557017494999 ], [ 20.358052011840201, -32.783552947177597 ] ], [ [ 20.358052011839199, -32.783552947178599 ], [ 20.358054103024902, -32.783548799679401 ] ], [ [ 20.3580541030239, -32.783548799680403 ], [ 20.358055987875801, -32.7835445821989 ] ], [ [ 20.358055987874799, -32.783544582199902 ], [ 20.358057663120999, -32.783540302057098 ] ], [ [ 20.35805766312, -32.7835403020581 ], [ 20.358059125852598, -32.783535966683502 ] ], [ [ 20.3580591258516, -32.783535966684497 ], [ 20.358060373531401, -32.783531583604002 ] ], [ [ 20.3580603735304, -32.783531583604997 ], [ 20.358061403991801, -32.7835271604268 ] ], [ [ 20.358061403990799, -32.783527160427802 ], [ 20.358062215445099, -32.783522704830098 ] ], [ [ 20.3580622154441, -32.7835227048311 ], [ 20.358062544221799, -32.783520424512602 ] ], [ [ 20.3580625442208, -32.783520424513597 ], [ 20.358063405476901, -32.783513872203102 ] ], [ [ 20.3580634054759, -32.783513872204097 ], [ 20.358063423104401, -32.7835137461866 ] ], [ [ 20.358063423103399, -32.783513746187602 ], [ 20.358065355913499, -32.783509594137897 ] ], [ [ 20.358065355912501, -32.783509594138899 ], [ 20.358067344496, -32.783507827625399 ] ], [ [ 20.358067344495002, -32.783507827626401 ], [ 20.358069408610799, -32.783506733128803 ] ], [ [ 20.358069408609801, -32.783506733129798 ], [ 20.3580745889547, -32.783505863633899 ] ], [ [ 20.358074588953698, -32.7835058636349 ], [ 20.358075189293501, -32.783505905350999 ] ], [ [ 20.358075189292499, -32.783505905352001 ], [ 20.358090504323201, -32.7835073380867 ] ], [ [ 20.358090504322199, -32.783507338087702 ], [ 20.358111722744699, -32.783509323087102 ] ], [ [ 20.358111722743701, -32.783509323088097 ], [ 20.358132941167302, -32.783511308084002 ] ], [ [ 20.3581329411663, -32.783511308084996 ], [ 20.358154159590899, -32.783513293077299 ] ], [ [ 20.358154159589901, -32.7835132930783 ], [ 20.3581753780154, -32.7835152780671 ] ], [ [ 20.358175378014401, -32.783515278068101 ], [ 20.358196596441001, -32.783517263053199 ] ], [ [ 20.358196596439999, -32.7835172630542 ], [ 20.358217814867601, -32.783519248035802 ] ], [ [ 20.358217814866599, -32.783519248036797 ], [ 20.358239033295099, -32.783521233014802 ] ], [ [ 20.358239033294101, -32.783521233015797 ], [ 20.358260251723699, -32.783523217990101 ] ], [ [ 20.358260251722701, -32.783523217991103 ], [ 20.358281470153301, -32.783525202961997 ] ], [ [ 20.358281470152299, -32.783525202962998 ], [ 20.358302688583901, -32.783527187930197 ] ], [ [ 20.358302688582899, -32.783527187931199 ], [ 20.3583239070155, -32.783529172894802 ] ], [ [ 20.358323907014501, -32.783529172895797 ], [ 20.3583451254481, -32.783531157855897 ] ], [ [ 20.358345125447102, -32.783531157856899 ], [ 20.358366343881698, -32.783533142813397 ] ], [ [ 20.3583663438807, -32.783533142814399 ], [ 20.358387562316299, -32.783535127767301 ] ], [ [ 20.358387562315301, -32.783535127768303 ], [ 20.358408780751901, -32.783537112717603 ] ], [ [ 20.358408780750899, -32.783537112718598 ], [ 20.358429999188498, -32.783539097664303 ] ], [ [ 20.3584299991875, -32.783539097665297 ], [ 20.358451217626101, -32.7835410826074 ] ], [ [ 20.358451217625099, -32.783541082608501 ], [ 20.358472436064801, -32.783543067547001 ] ], [ [ 20.358472436063799, -32.783543067548003 ], [ 20.3584936545044, -32.783545052482999 ] ], [ [ 20.358493654503398, -32.783545052484001 ], [ 20.358514872945001, -32.783547037415403 ] ], [ [ 20.358514872943999, -32.783547037416398 ], [ 20.3585360913866, -32.783549022344197 ] ], [ [ 20.358536091385599, -32.783549022345198 ], [ 20.358557309829301, -32.783551007269402 ] ], [ [ 20.358557309828299, -32.783551007270397 ], [ 20.358578528272901, -32.783552992191098 ] ], [ [ 20.358578528271899, -32.783552992192099 ], [ 20.358598293664301, -32.783554841180703 ] ], [ [ 20.358598293663299, -32.783554841181697 ], [ 20.358599746717601, -32.783554977109098 ] ], [ [ 20.3585997467166, -32.7835549771101 ], [ 20.358620965163201, -32.783556962023603 ] ], [ [ 20.358620965162199, -32.783556962024598 ], [ 20.358642183609899, -32.783558946934498 ] ], [ [ 20.3586421836089, -32.7835589469355 ], [ 20.358653669209598, -32.783560021370299 ] ], [ [ 20.3586536692086, -32.783560021371301 ], [ 20.358663402057498, -32.783560931841798 ] ], [ [ 20.3586634020565, -32.7835609318428 ], [ 20.3586846205062, -32.783562916745502 ] ], [ [ 20.358684620505201, -32.783562916746497 ], [ 20.358705838955899, -32.783564901645697 ] ], [ [ 20.358705838954901, -32.783564901646699 ], [ 20.3587248595225, -32.7835666809396 ] ], [ [ 20.358724859521502, -32.783566680940602 ], [ 20.358726945351599, -32.783567259867702 ] ], [ [ 20.3587269453506, -32.783567259868697 ], [ 20.358728438400199, -32.783568344268801 ] ], [ [ 20.358728438399201, -32.783568344269803 ], [ 20.358729603438501, -32.7835709538099 ] ], [ [ 20.358729603437499, -32.783570953810901 ], [ 20.358729576696302, -32.7835716581287 ] ], [ [ 20.3587295766953, -32.783571658129702 ], [ 20.358727906242301, -32.783584399854298 ] ], [ [ 20.358727906241299, -32.7835843998553 ], [ 20.358725556413798, -32.783602323640501 ] ], [ [ 20.3587255564128, -32.783602323641503 ], [ 20.358723206584202, -32.783620247426597 ] ], [ [ 20.3587232065832, -32.783620247427599 ], [ 20.358721017671702, -32.783636943779797 ] ], [ [ 20.3587210176707, -32.783636943780799 ], [ 20.358720856753699, -32.783638171212601 ] ], [ [ 20.358720856752701, -32.783638171213603 ], [ 20.358718506922099, -32.783656094998399 ] ], [ [ 20.3587185069211, -32.7836560949995 ], [ 20.358716157089599, -32.783674018784197 ] ], [ [ 20.358716157088601, -32.783674018785199 ], [ 20.358713807255999, -32.783691942569902 ] ], [ [ 20.358713807255, -32.783691942570897 ], [ 20.3587114574214, -32.783709866355402 ] ], [ [ 20.358711457420402, -32.783709866356403 ], [ 20.358709107585799, -32.783727790140901 ] ], [ [ 20.358709107584801, -32.783727790141903 ], [ 20.358706757749299, -32.783745713926201 ] ], [ [ 20.358706757748301, -32.783745713927203 ], [ 20.358704407911699, -32.783763637711502 ] ], [ [ 20.3587044079107, -32.783763637712497 ], [ 20.358702058073099, -32.783781561496603 ] ], [ [ 20.358702058072101, -32.783781561497598 ], [ 20.358699708233502, -32.783799485281598 ] ], [ [ 20.3586997082325, -32.7837994852826 ], [ 20.358697358392899, -32.783817409066501 ] ], [ [ 20.3586973583919, -32.783817409067503 ], [ 20.358695008551301, -32.783835332851297 ] ], [ [ 20.358695008550299, -32.783835332852298 ], [ 20.358692658708701, -32.783853256636 ] ], [ [ 20.3586926587077, -32.783853256637002 ], [ 20.358692209188401, -32.783856685420197 ] ], [ [ 20.358692209187399, -32.783856685421199 ], [ 20.358691976500101, -32.783858460284897 ] ], [ [ 20.358691976499099, -32.783858460285899 ], [ 20.358691505371301, -32.783862053890601 ] ], [ [ 20.358691505370299, -32.783862053891603 ], [ 20.358691102217598, -32.783865129005903 ] ], [ [ 20.3586911022166, -32.783865129006898 ], [ 20.358690578041902, -32.7838666373531 ] ], [ [ 20.3586905780409, -32.783866637354102 ], [ 20.358689133137201, -32.783868152162697 ] ], [ [ 20.358689133136199, -32.783868152163699 ], [ 20.358686383608699, -32.783869113844297 ] ], [ [ 20.358686383607701, -32.783869113845299 ], [ 20.358685210145801, -32.783869113711198 ] ], [ [ 20.358685210144799, -32.7838691137122 ], [ 20.358671710520198, -32.783867850872298 ] ], [ [ 20.3586717105192, -32.7838678508733 ], [ 20.3586651603208, -32.783867238125303 ] ], [ [ 20.358665160319799, -32.783867238126298 ], [ 20.358643941801599, -32.783865253208802 ] ], [ [ 20.358643941800601, -32.783865253209797 ], [ 20.358643016176799, -32.783865166619897 ] ], [ [ 20.358643016175801, -32.783865166620899 ], [ 20.358632989087301, -32.783864228620203 ] ], [ [ 20.358632989086299, -32.783864228621198 ], [ 20.3586227232834, -32.783863268288798 ] ], [ [ 20.358622723282402, -32.783863268289799 ], [ 20.358611188400001, -32.783862189238199 ] ], [ [ 20.358611188398999, -32.783862189239201 ], [ 20.358604904511601, -32.783861601400602 ] ], [ [ 20.358604904510599, -32.783861601401597 ], [ 20.358601504766298, -32.783861283365198 ] ], [ [ 20.3586015047653, -32.7838612833662 ], [ 20.358580286250099, -32.783859298438003 ] ], [ [ 20.358580286249101, -32.783859298438998 ], [ 20.358564605908601, -32.783857831587703 ] ], [ [ 20.358564605907599, -32.783857831588698 ], [ 20.358559067735001, -32.783857313507198 ] ], [ [ 20.358559067733999, -32.7838573135082 ], [ 20.3585518582227, -32.7838566390773 ] ], [ [ 20.358551858221698, -32.783856639078301 ], [ 20.358537849220799, -32.783855328572798 ] ], [ [ 20.3585378492198, -32.7838553285738 ], [ 20.358516630707701, -32.783853343634803 ] ], [ [ 20.358516630706699, -32.783853343635798 ], [ 20.358495412195499, -32.783851358693298 ] ], [ [ 20.3584954121945, -32.783851358694299 ], [ 20.358474193684401, -32.783849373748197 ] ], [ [ 20.358474193683399, -32.783849373749199 ], [ 20.358452975174199, -32.783847388799501 ] ], [ [ 20.358452975173201, -32.783847388800503 ], [ 20.358431756665102, -32.783845403847202 ] ], [ [ 20.3584317566641, -32.783845403848197 ], [ 20.358410538156999, -32.783843418891301 ] ], [ [ 20.358410538156001, -32.783843418892303 ], [ 20.358389319649898, -32.783841433931798 ] ], [ [ 20.3583893196489, -32.7838414339328 ], [ 20.3583681011437, -32.783839448968799 ] ], [ [ 20.358368101142801, -32.7838394489698 ], [ 20.3583468826386, -32.783837464002197 ] ], [ [ 20.358346882637601, -32.783837464003199 ], [ 20.358325664134501, -32.783835479032 ] ], [ [ 20.358325664133499, -32.783835479033002 ], [ 20.358304445631401, -32.7838334940582 ] ], [ [ 20.358304445630399, -32.783833494059202 ], [ 20.358283227129299, -32.783831509080798 ] ], [ [ 20.3582832271283, -32.7838315090818 ], [ 20.358262008628198, -32.783829524099801 ] ], [ [ 20.3582620086272, -32.783829524100803 ], [ 20.3582407901281, -32.7838275391153 ] ], [ [ 20.358240790127098, -32.783827539116302 ], [ 20.358219571629, -32.783825554127198 ] ], [ [ 20.358219571628101, -32.7838255541282 ], [ 20.358198353131002, -32.7838235691355 ] ], [ [ 20.35819835313, -32.783823569136501 ], [ 20.358177134633902, -32.783821584140199 ] ], [ [ 20.3581771346329, -32.783821584141201 ], [ 20.3581559161378, -32.783819599141303 ] ], [ [ 20.358155916136798, -32.783819599142298 ], [ 20.3581346976428, -32.783817614138798 ] ], [ [ 20.358134697641798, -32.783817614139799 ], [ 20.358113479148699, -32.783815629132803 ] ], [ [ 20.358113479147701, -32.783815629133798 ], [ 20.358092260655599, -32.7838136441232 ] ], [ [ 20.358092260654601, -32.783813644124201 ], [ 20.358081524298498, -32.783812639725603 ] ], [ [ 20.3580815242975, -32.783812639726598 ], [ 20.358071042163601, -32.78381165911 ] ], [ [ 20.358071042162599, -32.783811659111002 ], [ 20.358056751545199, -32.7838103222049 ] ], [ [ 20.358056751544201, -32.783810322205902 ], [ 20.358055888307099, -32.783810179854299 ] ], [ [ 20.358055888306101, -32.783810179855301 ], [ 20.358055180802001, -32.783809964540602 ] ], [ [ 20.358055180800999, -32.783809964541597 ], [ 20.358055064467699, -32.783809919675399 ] ], [ [ 20.358055064466701, -32.783809919676401 ], [ 20.358050352059202, -32.783808044345697 ] ], [ [ 20.3580503520582, -32.783808044346699 ], [ 20.358031039657401, -32.783800358863303 ] ], [ [ 20.358031039656399, -32.783800358864298 ], [ 20.358030923965, -32.783800312822898 ] ], [ [ 20.358030923964101, -32.7838003128239 ], [ 20.358029516387301, -32.783799752668898 ] ], [ [ 20.358029516386299, -32.7837997526699 ], [ 20.358027133357101, -32.783797875577598 ] ], [ [ 20.358027133356099, -32.7837978755786 ], [ 20.358026976027499, -32.7837976190945 ] ], [ [ 20.358026976026501, -32.783797619095502 ], [ 20.358026919250101, -32.7837975154386 ] ], [ [ 20.358026919249099, -32.783797515439602 ], [ 20.3580264863186, -32.783795178001 ] ], [ [ 20.358026486317598, -32.783795178002002 ], [ 20.358027263930602, -32.783789246779698 ] ], [ [ 20.3580272639296, -32.7837892467807 ], [ 20.358027332845801, -32.783788708839303 ] ], [ [ 20.358027332844799, -32.783788708840298 ], [ 20.358027783065999, -32.783784216896102 ] ], [ [ 20.358027783065001, -32.783784216897097 ], [ 20.358028011391099, -32.783779713009899 ] ], [ [ 20.3580280113901, -32.783779713010901 ], [ 20.3580280174248, -32.783775204998598 ] ], [ [ 20.358028017423798, -32.7837752049996 ], [ 20.358027801156599, -32.783770700687697 ] ], [ [ 20.3580278011556, -32.783770700688699 ], [ 20.358027362962101, -32.783766207896001 ] ], [ [ 20.358027362961099, -32.783766207897003 ], [ 20.358026703601801, -32.783761734422299 ] ], [ [ 20.3580267036008, -32.783761734423301 ], [ 20.358025824220402, -32.783757288032 ] ], [ [ 20.3580258242194, -32.783757288033001 ], [ 20.3580247263444, -32.783752876443302 ] ], [ [ 20.358024726343402, -32.783752876444296 ], [ 20.3580234118796, -32.7837485073143 ] ], [ [ 20.358023411878602, -32.783748507315302 ], [ 20.3580218831077, -32.783744188228901 ] ], [ [ 20.358021883106701, -32.783744188229903 ], [ 20.358020142682498, -32.783739926684603 ] ], [ [ 20.3580201426815, -32.783739926685598 ], [ 20.358018193625099, -32.783735730078803 ] ], [ [ 20.358018193624101, -32.783735730079798 ], [ 20.358016039318901, -32.783731605696303 ] ], [ [ 20.358016039317899, -32.783731605697298 ], [ 20.358013683503501, -32.783727560696299 ] ], [ [ 20.358013683502499, -32.783727560697301 ], [ 20.358011130268299, -32.783723602100402 ] ], [ [ 20.3580111302673, -32.783723602101396 ], [ 20.358008384045199, -32.7837197367801 ] ], [ [ 20.358008384044201, -32.783719736781102 ], [ 20.358005449601499, -32.783715971445098 ] ], [ [ 20.358005449600501, -32.7837159714461 ], [ 20.3580023320309, -32.7837123126316 ] ], [ [ 20.358002332029901, -32.783712312632602 ], [ 20.358000008914299, -32.783709781517402 ] ], [ [ 20.358000008913301, -32.783709781518397 ], [ 20.357999036744999, -32.783708766690502 ] ], [ [ 20.357999036744001, -32.783708766691497 ], [ 20.357995569464101, -32.783705339777299 ] ], [ [ 20.3579955694631, -32.783705339778301 ], [ 20.357991936206901, -32.783702037840499 ] ], [ [ 20.357991936205899, -32.7837020378415 ], [ 20.357988143280199, -32.7836988666118 ] ], [ [ 20.357988143279201, -32.783698866612802 ], [ 20.3579841972679, -32.783695831595999 ] ], [ [ 20.357984197266902, -32.783695831597001 ], [ 20.357980105019799, -32.783692938061499 ] ], [ [ 20.3579801050188, -32.783692938062501 ], [ 20.357975873639599, -32.783690191030999 ] ], [ [ 20.357975873638601, -32.783690191032001 ], [ 20.357972477361798, -32.783688150845101 ] ], [ [ 20.3579724773608, -32.783688150846103 ], [ 20.357971510472101, -32.783687595272902 ] ], [ [ 20.357971510471099, -32.783687595273904 ], [ 20.357967023091302, -32.783685155293199 ] ], [ [ 20.3579670230903, -32.783685155294201 ], [ 20.3579624192867, -32.783682875327202 ] ], [ [ 20.357962419285698, -32.783682875328203 ], [ 20.3579577070497, -32.783680759332697 ] ], [ [ 20.357957707048701, -32.783680759333699 ], [ 20.357952894560199, -32.7836788109827 ] ], [ [ 20.357952894559201, -32.783678810983702 ], [ 20.357947990171901, -32.783677033659202 ] ], [ [ 20.357947990170899, -32.783677033660197 ], [ 20.357943002398201, -32.783675430447502 ] ], [ [ 20.357943002397199, -32.783675430448497 ], [ 20.357937939896999, -32.783674004130503 ] ], [ [ 20.357937939896001, -32.783674004131498 ], [ 20.357932811456202, -32.783672757184 ] ], [ [ 20.3579328114552, -32.783672757185002 ], [ 20.357927625977901, -32.783671691772597 ] ], [ [ 20.357927625976899, -32.783671691773598 ], [ 20.3579223924635, -32.783670809745701 ] ], [ [ 20.357922392462498, -32.783670809746702 ], [ 20.357917119997499, -32.783670112634397 ] ], [ [ 20.3579171199965, -32.783670112635399 ], [ 20.357914255243902, -32.783669813080202 ] ], [ [ 20.3579142552429, -32.783669813081197 ], [ 20.3578959091864, -32.7836680717799 ] ], [ [ 20.357895909185402, -32.783668071780902 ], [ 20.3578746945016, -32.783666058202897 ] ], [ [ 20.357874694500602, -32.783666058203899 ], [ 20.357853479817798, -32.783664044622299 ] ], [ [ 20.3578534798168, -32.7836640446234 ], [ 20.357832265135102, -32.783662031038197 ] ], [ [ 20.3578322651341, -32.783662031039199 ], [ 20.357812402793002, -32.783660145807701 ] ], [ [ 20.357812402792, -32.783660145808703 ], [ 20.357811049978199, -32.783660021092302 ] ], [ [ 20.357811049977201, -32.783660021093297 ], [ 20.3578097554057, -32.783659908641603 ] ], [ [ 20.357809755404698, -32.783659908642598 ], [ 20.3578071047232, -32.783659699381502 ] ], [ [ 20.357807104722198, -32.783659699382497 ], [ 20.357789785870899, -32.783658424095201 ] ], [ [ 20.357789785869901, -32.783658424096203 ], [ 20.357768518342301, -32.783656858041901 ] ], [ [ 20.357768518341299, -32.783656858042903 ], [ 20.357764366421499, -32.7836565523112 ] ], [ [ 20.357764366420501, -32.783656552312202 ], [ 20.357747250814398, -32.783655291985099 ] ], [ [ 20.3577472508134, -32.783655291986101 ], [ 20.357725983287398, -32.783653725924601 ] ], [ [ 20.3577259832864, -32.783653725925603 ], [ 20.357704715761098, -32.783652159860601 ] ], [ [ 20.3577047157601, -32.783652159861603 ], [ 20.357683448235701, -32.783650593792899 ] ], [ [ 20.357683448234699, -32.783650593793901 ], [ 20.3576697303773, -32.783649583654899 ] ], [ [ 20.357669730376301, -32.783649583655901 ], [ 20.357667496003302, -32.783649435748799 ] ], [ [ 20.3576674960023, -32.783649435749801 ], [ 20.357664566490101, -32.783649292058698 ] ], [ [ 20.357664566489099, -32.7836492920597 ], [ 20.357662165651799, -32.783649216648001 ] ], [ [ 20.357662165650801, -32.783649216649003 ], [ 20.3576568291226, -32.783649185294799 ] ], [ [ 20.357656829121598, -32.783649185295801 ], [ 20.357651495678901, -32.783649341743498 ] ], [ [ 20.357651495677899, -32.7836493417445 ], [ 20.357646174578999, -32.7836496857228 ] ], [ [ 20.357646174578001, -32.783649685723802 ], [ 20.357640875059499, -32.783650216635301 ] ], [ [ 20.3576408750585, -32.783650216636303 ], [ 20.357635606319601, -32.783650933559699 ] ], [ [ 20.357635606318599, -32.7836509335607 ], [ 20.357630377505, -32.783651835251298 ] ], [ [ 20.357630377504002, -32.7836518352523 ], [ 20.357625197692201, -32.783652920144903 ] ], [ [ 20.357625197691199, -32.783652920145897 ], [ 20.3576200758726, -32.783654186357502 ] ], [ [ 20.357620075871601, -32.783654186358497 ], [ 20.357615020936901, -32.783655631690898 ] ], [ [ 20.357615020935899, -32.7836556316919 ], [ 20.3576100416598, -32.783657253636299 ] ], [ [ 20.357610041658798, -32.783657253637401 ], [ 20.357605146684499, -32.783659049378301 ] ], [ [ 20.3576051466835, -32.783659049379303 ], [ 20.3576003445081, -32.783661015799701 ] ], [ [ 20.357600344507102, -32.783661015800703 ], [ 20.3575956434664, -32.783663149487097 ] ], [ [ 20.357595643465402, -32.783663149488099 ], [ 20.357591051719702, -32.783665446736698 ] ], [ [ 20.3575910517187, -32.7836654467377 ], [ 20.357586577238699, -32.783667903560797 ] ], [ [ 20.357586577237701, -32.783667903561799 ], [ 20.357582227790399, -32.783670515694702 ] ], [ [ 20.357582227789401, -32.783670515695697 ], [ 20.357578010924801, -32.783673278604198 ] ], [ [ 20.357578010923799, -32.7836732786052 ], [ 20.3575750848021, -32.783675341276997 ] ], [ [ 20.357575084801098, -32.783675341277998 ], [ 20.357573933961898, -32.7836761874931 ] ], [ [ 20.3575739339609, -32.783676187494102 ], [ 20.3575709419882, -32.783678485972203 ] ], [ [ 20.357570941987198, -32.783678485973198 ], [ 20.357570003978601, -32.783679237312199 ] ], [ [ 20.3575700039776, -32.783679237313301 ], [ 20.357566227796902, -32.783682422767399 ] ], [ [ 20.3575662277959, -32.7836824227684 ], [ 20.357562611971598, -32.783685738329197 ] ], [ [ 20.3575626119706, -32.783685738330199 ], [ 20.357559162779399, -32.783689178242199 ] ], [ [ 20.357559162778401, -32.783689178243201 ], [ 20.3575558862075, -32.783692736535301 ] ], [ [ 20.357555886206502, -32.783692736536302 ], [ 20.3575527879436, -32.783696407031798 ] ], [ [ 20.357552787942598, -32.783696407032799 ], [ 20.357549873366001, -32.783700183360097 ] ], [ [ 20.357549873364999, -32.783700183361098 ], [ 20.3575471475339, -32.783704058965199 ] ], [ [ 20.357547147532902, -32.783704058966201 ], [ 20.357544615178899, -32.783708027119602 ] ], [ [ 20.3575446151779, -32.783708027120603 ], [ 20.357542280697, -32.783712080935103 ] ], [ [ 20.357542280695998, -32.783712080936098 ], [ 20.357540148140401, -32.783716213374802 ] ], [ [ 20.3575401481394, -32.783716213375797 ], [ 20.357538221211101, -32.783720417265499 ] ], [ [ 20.357538221210099, -32.783720417266501 ], [ 20.357536503253801, -32.783724685309799 ] ], [ [ 20.357536503252799, -32.783724685310801 ], [ 20.357534997250902, -32.783729010098902 ] ], [ [ 20.3575349972499, -32.783729010099897 ], [ 20.3575337058165, -32.783733384125703 ] ], [ [ 20.357533705815499, -32.783733384126698 ], [ 20.357532631192299, -32.7837377997974 ] ], [ [ 20.357532631191301, -32.783737799798402 ], [ 20.357531775243899, -32.783742249449098 ] ], [ [ 20.357531775242901, -32.7837422494501 ], [ 20.357531139456999, -32.783746725356799 ] ], [ [ 20.357531139456, -32.783746725357801 ], [ 20.3575307735907, -32.783750536506801 ] ], [ [ 20.357530773589701, -32.783750536507803 ], [ 20.3575298622692, -32.783762692173497 ] ], [ [ 20.357529862268201, -32.783762692174498 ], [ 20.3575297104213, -32.783764717597599 ] ], [ [ 20.357529710420302, -32.783764717598601 ], [ 20.357529222364501, -32.783771227544896 ] ], [ [ 20.357587541294102, -32.783442422995499 ], [ 20.3575815807318, -32.783458828708604 ] ], [ [ 20.357581580730798, -32.783458828709598 ], [ 20.3575812983205, -32.783459617331197 ] ], [ [ 20.357581298319499, -32.783459617332198 ], [ 20.3575799593536, -32.783463721925798 ] ], [ [ 20.357579959352599, -32.7834637219268 ], [ 20.357578823951599, -32.783467870071803 ] ], [ [ 20.3575788239506, -32.783467870072798 ], [ 20.357577894085399, -32.783472054568797 ] ], [ [ 20.3575778940844, -32.783472054569799 ], [ 20.357577171369101, -32.783476268152803 ] ], [ [ 20.357577171368099, -32.783476268153798 ], [ 20.357577035952701, -32.783477230488998 ] ], [ [ 20.357577035951699, -32.78347723049 ], [ 20.357576657057301, -32.7834805035098 ] ], [ [ 20.357576657056299, -32.783480503510802 ], [ 20.357576352042699, -32.783484753287901 ] ], [ [ 20.357576352041701, -32.783484753288903 ], [ 20.357576256854902, -32.783489010109903 ] ], [ [ 20.3575762568539, -32.783489010110898 ], [ 20.357576371659199, -32.783493266586603 ] ], [ [ 20.357576371658201, -32.783493266587598 ], [ 20.357576696256199, -32.783497515329401 ] ], [ [ 20.357576696255201, -32.783497515330403 ], [ 20.357577230082601, -32.783501748962998 ] ], [ [ 20.357577230081599, -32.783501748963999 ], [ 20.3575779722118, -32.783505960138498 ] ], [ [ 20.357577972210802, -32.7835059601395 ], [ 20.357578921355501, -32.783510141545896 ] ], [ [ 20.357578921354499, -32.783510141546898 ], [ 20.3575800758661, -32.783514285926799 ] ], [ [ 20.357580075865101, -32.783514285927801 ], [ 20.3575814337397, -32.783518386087103 ] ], [ [ 20.357581433738702, -32.783518386088097 ], [ 20.3575829926192, -32.7835224349095 ] ], [ [ 20.357582992618202, -32.783522434910502 ], [ 20.357584749798601, -32.7835264253658 ] ], [ [ 20.357584749797599, -32.783526425366802 ], [ 20.3575867022277, -32.783530350529198 ] ], [ [ 20.357586702226701, -32.783530350530199 ], [ 20.357588846517501, -32.7835342035861 ] ], [ [ 20.357588846516499, -32.783534203587102 ], [ 20.357591178945601, -32.783537977848098 ] ], [ [ 20.357591178944599, -32.7835379778491 ], [ 20.3575936954634, -32.783541666763597 ] ], [ [ 20.357593695462501, -32.783541666764599 ], [ 20.3575963917027, -32.783545263929298 ] ], [ [ 20.357596391701701, -32.7835452639303 ], [ 20.3575969396998, -32.783545956260802 ] ], [ [ 20.357596939698801, -32.783545956261797 ], [ 20.357599262983001, -32.783548763100796 ] ], [ [ 20.357599262981999, -32.783548763101798 ], [ 20.357602304320199, -32.783552158204003 ] ], [ [ 20.357602304319201, -32.783552158204998 ], [ 20.357605510435199, -32.783555443345698 ] ], [ [ 20.357605510434201, -32.7835554433467 ], [ 20.357608875762299, -32.783558612823199 ] ], [ [ 20.357608875761301, -32.783558612824201 ], [ 20.357612394460102, -32.783561661134698 ] ], [ [ 20.3576123944591, -32.7835616611357 ], [ 20.357616060420401, -32.783564582988802 ] ], [ [ 20.357616060419399, -32.783564582989797 ], [ 20.357619867279698, -32.783567373313502 ] ], [ [ 20.3576198672787, -32.783567373314497 ], [ 20.3576238084298, -32.783570027265199 ] ], [ [ 20.357623808428801, -32.783570027266201 ], [ 20.357627877029401, -32.783572540237103 ] ], [ [ 20.357627877028399, -32.783572540238097 ], [ 20.357632066015999, -32.7835749078668 ] ], [ [ 20.357632066015, -32.783574907867802 ], [ 20.357636368118101, -32.783577126044598 ] ], [ [ 20.357636368117099, -32.7835771260456 ], [ 20.3576407758678, -32.783579190920001 ] ], [ [ 20.357640775866798, -32.783579190921003 ], [ 20.357645281613902, -32.783581098908599 ] ], [ [ 20.3576452816129, -32.7835810989096 ], [ 20.3576498775349, -32.783582846698501 ] ], [ [ 20.357649877534001, -32.783582846699503 ], [ 20.357654555653198, -32.783584431255598 ] ], [ [ 20.3576545556522, -32.7835844312566 ], [ 20.3576593078479, -32.7835858498295 ] ], [ [ 20.357659307846902, -32.783585849830502 ], [ 20.357664125869999, -32.7835870999576 ] ], [ [ 20.357664125869, -32.783587099958602 ], [ 20.357669001356001, -32.783588179470001 ] ], [ [ 20.357669001354999, -32.783588179471003 ], [ 20.3576739258428, -32.783589086492697 ] ], [ [ 20.357673925841802, -32.783589086493699 ], [ 20.357678890782001, -32.783589819451201 ] ], [ [ 20.357678890780999, -32.783589819452203 ], [ 20.3576838875553, -32.783590377073303 ] ], [ [ 20.357683887554401, -32.783590377074297 ], [ 20.357686820451601, -32.7835906214844 ] ], [ [ 20.357686820450599, -32.783590621485402 ], [ 20.357694345955998, -32.783591170517703 ] ], [ [ 20.357694345955, -32.783591170518697 ], [ 20.357695556185, -32.783591258811597 ] ], [ [ 20.357695556184002, -32.783591258812599 ], [ 20.357715614942599, -32.783592722222899 ] ], [ [ 20.357715614941601, -32.783592722223901 ], [ 20.357736883929999, -32.7835942739245 ] ], [ [ 20.357736883929, -32.783594273925502 ], [ 20.357758152918201, -32.783595825622498 ] ], [ [ 20.357758152917199, -32.7835958256235 ], [ 20.3577794219072, -32.783597377316902 ] ], [ [ 20.357779421906201, -32.783597377317903 ], [ 20.357800690897001, -32.783598929007702 ] ], [ [ 20.357800690895999, -32.783598929008697 ], [ 20.357815275600299, -32.783599993040603 ] ], [ [ 20.3578152755993, -32.783599993041598 ], [ 20.357816687803801, -32.783600099931697 ] ], [ [ 20.357816687802799, -32.783600099932698 ], [ 20.357818101704801, -32.783600214701103 ] ], [ [ 20.357818101703799, -32.783600214702098 ], [ 20.357820924199402, -32.7836004670581 ] ], [ [ 20.3578209241984, -32.783600467059102 ], [ 20.3578216840565, -32.783600539174699 ] ], [ [ 20.357821684055502, -32.783600539175701 ], [ 20.3578221323138, -32.783600581717899 ] ], [ [ 20.357822132312801, -32.7836005817189 ], [ 20.3578433470005, -32.7836025951623 ] ], [ [ 20.357843346999498, -32.783602595163401 ], [ 20.357864561688299, -32.783604608603198 ] ], [ [ 20.3578645616873, -32.7836046086042 ], [ 20.357885776377099, -32.783606622040402 ] ], [ [ 20.357885776376101, -32.783606622041397 ], [ 20.357906991066798, -32.783608635474103 ] ], [ [ 20.3579069910658, -32.783608635475098 ], [ 20.357921731007401, -32.783610034403097 ] ], [ [ 20.3579217310064, -32.783610034404099 ], [ 20.357922837584301, -32.783610135073403 ] ], [ [ 20.357922837583299, -32.783610135074397 ], [ 20.357927860900698, -32.783610483167202 ] ], [ [ 20.3579278608997, -32.783610483168196 ], [ 20.357932897022199, -32.783610654204601 ] ], [ [ 20.3579328970212, -32.783610654205603 ], [ 20.357937937206898, -32.7836106478887 ] ], [ [ 20.3579379372059, -32.783610647889702 ], [ 20.357942972705501, -32.7836104642302 ] ], [ [ 20.3579429727045, -32.783610464231202 ], [ 20.357947994777199, -32.783610103548199 ] ], [ [ 20.3579479947762, -32.783610103549201 ], [ 20.357952994704402, -32.783609566468598 ] ], [ [ 20.3579529947034, -32.7836095664696 ], [ 20.357957963807699, -32.783608853923802 ] ], [ [ 20.357957963806701, -32.783608853924797 ], [ 20.3579628934616, -32.783607967150701 ] ], [ [ 20.357962893460599, -32.783607967151703 ], [ 20.357967775108701, -32.783606907688501 ] ], [ [ 20.357967775107699, -32.783606907689503 ], [ 20.3579726002753, -32.7836056773764 ] ], [ [ 20.357972600274302, -32.783605677377402 ], [ 20.357977360585501, -32.783604278349998 ] ], [ [ 20.357977360584499, -32.783604278351 ], [ 20.357982047776002, -32.783602713037901 ] ], [ [ 20.357982047775, -32.783602713038903 ], [ 20.357984665739899, -32.783601754202699 ] ], [ [ 20.357984665738901, -32.783601754203701 ], [ 20.357986653710501, -32.783600984157097 ] ], [ [ 20.357986653709499, -32.783600984158099 ], [ 20.357991170393699, -32.783599094708798 ] ], [ [ 20.357991170392701, -32.7835990947098 ], [ 20.3579955899853, -32.783597047972897 ] ], [ [ 20.357995589984299, -32.783597047973899 ], [ 20.357999904813401, -32.783594847502201 ] ], [ [ 20.357999904812399, -32.783594847503203 ], [ 20.358004107388201, -32.783592497116402 ] ], [ [ 20.358004107387199, -32.783592497117397 ], [ 20.358008190414498, -32.783590000895401 ] ], [ [ 20.3580081904135, -32.783590000896403 ], [ 20.358010754743301, -32.783588317153999 ] ], [ [ 20.358010754742299, -32.783588317155001 ], [ 20.3580121468047, -32.783587363172401 ] ], [ [ 20.358012146803699, -32.783587363173403 ], [ 20.358015969691099, -32.783584588526097 ] ], [ [ 20.358015969690101, -32.783584588527098 ], [ 20.358019346759502, -32.783581932434501 ] ], [ [ 20.3580193467585, -32.783581932435503 ], [ 20.358019652437701, -32.783581681772901 ] ], [ [ 20.358019652436699, -32.783581681773903 ], [ 20.358023188651799, -32.783578647958599 ] ], [ [ 20.358023188650801, -32.783578647959601 ], [ 20.358026572195001, -32.783575492349399 ] ], [ [ 20.358026572193999, -32.783575492350401 ], [ 20.3580297971939, -32.783572220422997 ] ], [ [ 20.358029797192899, -32.783572220423999 ], [ 20.3580328580504, -32.783568837859001 ] ], [ [ 20.358032858049398, -32.783568837860003 ], [ 20.3580357494513, -32.783565350529202 ] ], [ [ 20.358035749450298, -32.783565350530203 ], [ 20.358038466377501, -32.783561764486997 ] ], [ [ 20.358038466376499, -32.783561764487999 ], [ 20.358041004112899, -32.783558085957402 ] ], [ [ 20.3580410041119, -32.783558085958397 ], [ 20.358043358252299, -32.783554321325703 ] ], [ [ 20.358043358251301, -32.783554321326697 ], [ 20.358045524709201, -32.783550477126802 ] ], [ [ 20.358045524708199, -32.783550477127797 ], [ 20.358047499723, -32.783546560033798 ] ], [ [ 20.358047499722002, -32.7835465600348 ], [ 20.358049279865401, -32.783542576846102 ] ], [ [ 20.358049279864399, -32.783542576847097 ], [ 20.358050862046401, -32.783538534478097 ] ], [ [ 20.358050862045399, -32.783538534479099 ], [ 20.358052243519399, -32.783534439946699 ] ], [ [ 20.358052243518401, -32.783534439947701 ], [ 20.358053421886598, -32.783530300359402 ] ], [ [ 20.3580534218856, -32.783530300360397 ], [ 20.3580543951024, -32.783526122902103 ] ], [ [ 20.358054395101401, -32.783526122903098 ], [ 20.358055161477399, -32.783521914826203 ] ], [ [ 20.3580551614764, -32.783521914827197 ], [ 20.3580554719899, -32.783519761186596 ] ], [ [ 20.358055471988902, -32.783519761187598 ], [ 20.358056333245401, -32.783513208877203 ] ], [ [ 20.358056333244399, -32.783513208878198 ], [ 20.358056362624001, -32.783512998853801 ] ], [ [ 20.358056362623, -32.783512998854803 ], [ 20.358059583908499, -32.7835060789115 ] ], [ [ 20.358059583907501, -32.783506078912502 ], [ 20.3580628981464, -32.783503134783103 ] ], [ [ 20.358062898145398, -32.783503134784098 ], [ 20.358066338268699, -32.7835013106587 ] ], [ [ 20.358066338267701, -32.783501310659702 ], [ 20.358074972001699, -32.783499861529599 ] ], [ [ 20.358074972000701, -32.783499861530601 ], [ 20.358075972546299, -32.783499931056603 ] ], [ [ 20.3580759725454, -32.783499931057598 ], [ 20.3580912875751, -32.783501363792197 ] ], [ [ 20.358091287574101, -32.783501363793199 ], [ 20.358112505995202, -32.7835033487925 ] ], [ [ 20.3581125059942, -32.783503348793502 ], [ 20.358133724416401, -32.7835053337893 ] ], [ [ 20.358133724415399, -32.783505333790302 ], [ 20.3581549428385, -32.783507318782398 ] ], [ [ 20.358154942837501, -32.7835073187834 ], [ 20.358176161261699, -32.783509303772 ] ], [ [ 20.358176161260701, -32.783509303773002 ], [ 20.358197379685901, -32.783511288758 ] ], [ [ 20.358197379684899, -32.783511288759001 ], [ 20.358218598111002, -32.783513273740397 ] ], [ [ 20.35821859811, -32.783513273741399 ], [ 20.3582398165372, -32.783515258719298 ] ], [ [ 20.358239816536202, -32.7835152587203 ], [ 20.3582610349644, -32.783517243694497 ] ], [ [ 20.358261034963402, -32.783517243695499 ], [ 20.358282253392598, -32.783519228666201 ] ], [ [ 20.3582822533916, -32.783519228667203 ], [ 20.358303471821799, -32.783521213634302 ] ], [ [ 20.3583034718208, -32.783521213635296 ], [ 20.358324690252001, -32.783523198598701 ] ], [ [ 20.358324690250999, -32.783523198599703 ], [ 20.358345908683201, -32.783525183559703 ] ], [ [ 20.3583459086822, -32.783525183560698 ], [ 20.3583671271154, -32.783527168516997 ] ], [ [ 20.358367127114398, -32.783527168517999 ], [ 20.358388345548601, -32.783529153470703 ] ], [ [ 20.358388345547599, -32.783529153471697 ], [ 20.3584095639828, -32.783531138420898 ] ], [ [ 20.358409563981802, -32.7835311384219 ], [ 20.358430782418001, -32.783533123367498 ] ], [ [ 20.358430782416999, -32.7835331233685 ], [ 20.3584520008542, -32.783535108310502 ] ], [ [ 20.358452000853301, -32.783535108311497 ], [ 20.358473219291501, -32.783537093249898 ] ], [ [ 20.358473219290499, -32.783537093250899 ], [ 20.3584944377297, -32.783539078185697 ] ], [ [ 20.358494437728702, -32.783539078186699 ], [ 20.358515656168901, -32.783541063118001 ] ], [ [ 20.358515656167899, -32.783541063119003 ], [ 20.3585368746092, -32.783543048046603 ] ], [ [ 20.358536874608198, -32.783543048047598 ], [ 20.358558093050402, -32.783545032971702 ] ], [ [ 20.3585580930494, -32.783545032972697 ], [ 20.358579311492701, -32.783547017893198 ] ], [ [ 20.358579311491699, -32.7835470178942 ], [ 20.3585990768828, -32.783548866882697 ] ], [ [ 20.358599076881799, -32.783548866883699 ], [ 20.358600529935899, -32.7835490028111 ] ], [ [ 20.3586005299349, -32.783549002812101 ], [ 20.358621748380202, -32.783550987725398 ] ], [ [ 20.3586217483792, -32.7835509877264 ], [ 20.3586429668254, -32.783552972636201 ] ], [ [ 20.358642966824402, -32.783552972637203 ], [ 20.3586544524244, -32.783554047071902 ] ], [ [ 20.358654452423401, -32.783554047072897 ], [ 20.358664185271699, -32.783554957543302 ] ], [ [ 20.358664185270701, -32.783554957544297 ], [ 20.358685403719001, -32.7835569424469 ] ], [ [ 20.358685403717999, -32.783556942447902 ], [ 20.358706622167201, -32.783558927346903 ] ], [ [ 20.358706622166199, -32.783558927347897 ], [ 20.358725642732601, -32.783560706640699 ] ], [ [ 20.358725642731599, -32.783560706641701 ], [ 20.3587305095277, -32.783562057434203 ] ], [ [ 20.358730509526701, -32.783562057435198 ], [ 20.358733993208102, -32.783564587630998 ] ], [ [ 20.3587339932071, -32.783564587632 ], [ 20.358736711553401, -32.7835706763858 ] ], [ [ 20.3587367115524, -32.783570676386802 ], [ 20.358736649156899, -32.783572319749297 ] ], [ [ 20.358736649155901, -32.783572319750299 ], [ 20.3587349787039, -32.783585061475101 ] ], [ [ 20.358734978702898, -32.783585061476103 ], [ 20.358732628876702, -32.783602985261403 ] ], [ [ 20.3587326288757, -32.783602985262398 ], [ 20.358730279048601, -32.783620909047698 ] ], [ [ 20.358730279047599, -32.7836209090487 ], [ 20.358728090137301, -32.783637605400997 ] ], [ [ 20.358728090136299, -32.783637605401999 ], [ 20.358727929219398, -32.783638832833802 ] ], [ [ 20.3587279292184, -32.783638832834797 ], [ 20.358725579389301, -32.783656756619799 ] ], [ [ 20.358725579388299, -32.7836567566208 ], [ 20.358723229558102, -32.783674680405703 ] ], [ [ 20.3587232295571, -32.783674680406698 ], [ 20.358720879725901, -32.783692604191501 ] ], [ [ 20.358720879724899, -32.783692604192503 ], [ 20.358718529892698, -32.783710527977199 ] ], [ [ 20.3587185298917, -32.783710527978201 ], [ 20.3587161800586, -32.783728451762798 ] ], [ [ 20.358716180057598, -32.7837284517638 ], [ 20.358713830223401, -32.783746375548297 ] ], [ [ 20.358713830222399, -32.783746375549299 ], [ 20.3587114803872, -32.783764299333697 ] ], [ [ 20.358711480386201, -32.783764299334699 ], [ 20.35870913055, -32.783782223118997 ] ], [ [ 20.358709130548998, -32.783782223119999 ], [ 20.358706780711799, -32.783800146904198 ] ], [ [ 20.358706780710801, -32.7838001469052 ], [ 20.358704430872599, -32.7838180706892 ] ], [ [ 20.358704430871601, -32.783818070690202 ], [ 20.358702081032401, -32.783835994474103 ] ], [ [ 20.358702081031399, -32.783835994475098 ], [ 20.358699731191201, -32.783853918258998 ] ], [ [ 20.3586997311902, -32.78385391826 ], [ 20.3586992816711, -32.783857347043202 ] ], [ [ 20.358699281670098, -32.783857347044197 ], [ 20.358699048982999, -32.783859121908002 ] ], [ [ 20.358020423986599, -32.7837999702286 ], [ 20.358019413843401, -32.783794516362697 ] ], [ [ 20.358019413842399, -32.783794516363699 ], [ 20.3580201914558, -32.783788585141302 ] ], [ [ 20.358020191454798, -32.783788585142297 ], [ 20.358020256542702, -32.783788077085099 ] ], [ [ 20.3580202565417, -32.783788077086101 ], [ 20.358020681752201, -32.783783834681799 ] ], [ [ 20.358020681751199, -32.783783834682801 ], [ 20.358020897393601, -32.783779580999003 ] ], [ [ 20.358020897392599, -32.783779581 ], [ 20.358020903092399, -32.783775323420301 ] ], [ [ 20.358020903091401, -32.783775323421303 ], [ 20.358020698838899, -32.783771069336296 ] ], [ [ 20.358020698837901, -32.783771069337298 ], [ 20.3580202849876, -32.783766826131597 ] ], [ [ 20.358020284986601, -32.783766826132599 ], [ 20.358019662257, -32.783762601171802 ] ], [ [ 20.358019662256002, -32.783762601172803 ], [ 20.358018831728, -32.783758401790699 ] ], [ [ 20.358018831727001, -32.7837584017918 ], [ 20.3580177948424, -32.783754235278003 ] ], [ [ 20.358017794841398, -32.783754235278998 ], [ 20.358016553399999, -32.783750108866101 ] ], [ [ 20.358016553399001, -32.783750108867103 ], [ 20.3580151095559, -32.783746029717904 ] ], [ [ 20.358015109554898, -32.783746029718898 ], [ 20.358013465816398, -32.783742004914103 ] ], [ [ 20.3580134658154, -32.783742004915098 ], [ 20.358011625034798, -32.783738041441303 ] ], [ [ 20.3580116250338, -32.783738041442298 ], [ 20.358009590406599, -32.783734146179597 ] ], [ [ 20.358009590405601, -32.783734146180599 ], [ 20.3580073654635, -32.783730325890403 ] ], [ [ 20.358007365462498, -32.783730325891398 ], [ 20.358004954067699, -32.7837265872054 ] ], [ [ 20.358004954066701, -32.783726587206402 ], [ 20.358002360405099, -32.783722936614303 ] ], [ [ 20.3580023604041, -32.783722936615298 ], [ 20.357999588978, -32.783719380454002 ] ], [ [ 20.357999588976998, -32.783719380454997 ], [ 20.3579966445972, -32.7837159248975 ] ], [ [ 20.357996644596199, -32.783715924898601 ], [ 20.3579944505362, -32.783713534393698 ] ], [ [ 20.357994450535301, -32.7837135343947 ], [ 20.357993532373801, -32.783712575943198 ] ], [ [ 20.357993532372799, -32.7837125759443 ], [ 20.35799025771, -32.783709339404403 ] ], [ [ 20.357990257709002, -32.783709339405398 ], [ 20.357986826290301, -32.783706220899198 ] ], [ [ 20.357986826289299, -32.7837062209002 ], [ 20.3579832440712, -32.783703225841002 ] ], [ [ 20.357983244070201, -32.783703225841997 ], [ 20.357979517270799, -32.7837003594286 ] ], [ [ 20.357979517269801, -32.783700359429602 ], [ 20.357975652358402, -32.783697626637803 ] ], [ [ 20.3579756523574, -32.783697626638798 ], [ 20.357971656042999, -32.7836950322123 ] ], [ [ 20.357971656042, -32.783695032213302 ], [ 20.357968448437799, -32.7836931053643 ] ], [ [ 20.3579684484368, -32.783693105365302 ], [ 20.357967535261501, -32.783692580655597 ] ], [ [ 20.357967535260499, -32.783692580656599 ], [ 20.357963297167, -32.783690276223403 ] ], [ [ 20.357963297165998, -32.783690276224398 ], [ 20.357958949116298, -32.783688122915699 ] ], [ [ 20.3579589491153, -32.7836881229168 ], [ 20.357954498657001, -32.783686124470499 ] ], [ [ 20.357954498655999, -32.783686124471501 ], [ 20.357949953514499, -32.783684284356603 ] ], [ [ 20.357949953513501, -32.783684284357598 ], [ 20.357945321578299, -32.783682605768298 ] ], [ [ 20.357945321577301, -32.7836826057693 ], [ 20.357940610888999, -32.7836810916194 ] ], [ [ 20.357940610888001, -32.783681091620402 ], [ 20.3579358296235, -32.783679744538098 ] ], [ [ 20.357935829622502, -32.7836797445391 ], [ 20.357930986081499, -32.783678566862903 ] ], [ [ 20.3579309860805, -32.783678566863898 ], [ 20.357926088670698, -32.783677560637997 ] ], [ [ 20.3579260886697, -32.783677560638999 ], [ 20.357921145892199, -32.7836767276101 ] ], [ [ 20.357921145891201, -32.783676727611102 ], [ 20.357916166326, -32.783676069225201 ] ], [ [ 20.357916166325001, -32.783676069226203 ], [ 20.357913460717299, -32.783675786312003 ] ], [ [ 20.357913460716301, -32.783675786312998 ], [ 20.357895114658501, -32.783674045011601 ] ], [ [ 20.357895114657499, -32.783674045012603 ], [ 20.357873899972301, -32.783672031434499 ] ], [ [ 20.357873899971299, -32.783672031435501 ], [ 20.357852685287199, -32.783670017853701 ] ], [ [ 20.357852685286201, -32.783670017854703 ], [ 20.357831470602999, -32.783668004269501 ] ], [ [ 20.357831470602001, -32.783668004270503 ], [ 20.357811608259599, -32.783666119038799 ] ], [ [ 20.357811608258601, -32.7836661190398 ], [ 20.3578103005363, -32.783665998480402 ] ], [ [ 20.357810300535299, -32.783665998481403 ], [ 20.357809049114, -32.783665889777801 ] ], [ [ 20.357809049113001, -32.783665889778803 ], [ 20.357806486783002, -32.7836656874927 ] ], [ [ 20.357806486782, -32.783665687493702 ], [ 20.3577891679295, -32.783664412206299 ] ], [ [ 20.357789167928601, -32.783664412207301 ], [ 20.357767900399502, -32.7836628461529 ] ], [ [ 20.3577679003985, -32.783662846153902 ], [ 20.357763748478501, -32.7836625404221 ] ], [ [ 20.357763748477499, -32.783662540423101 ], [ 20.357746632870199, -32.783661280095899 ] ], [ [ 20.357746632869201, -32.783661280097 ], [ 20.3577253653418, -32.783659714035402 ] ], [ [ 20.357725365340801, -32.783659714036403 ], [ 20.357704097814199, -32.783658147971202 ] ], [ [ 20.357704097813201, -32.783658147972197 ], [ 20.357682830287299, -32.783656581903401 ] ], [ [ 20.357682830286301, -32.783656581904403 ], [ 20.357669112427999, -32.783655571765301 ] ], [ [ 20.357669112427001, -32.783655571766303 ], [ 20.3576670021795, -32.783655432075797 ] ], [ [ 20.357667002178498, -32.783655432076799 ], [ 20.357664235408699, -32.783655296368103 ] ], [ [ 20.3576642354077, -32.783655296369098 ], [ 20.3576619679435, -32.783655225146603 ] ], [ [ 20.357661967942501, -32.783655225147598 ], [ 20.357656927872899, -32.783655195535196 ] ], [ [ 20.357656927871901, -32.783655195536198 ], [ 20.3576518907166, -32.7836553432928 ] ], [ [ 20.357651890715601, -32.783655343293802 ], [ 20.3576468652182, -32.783655668163 ] ], [ [ 20.357646865217198, -32.783655668164002 ], [ 20.357641860101399, -32.783656169582002 ] ], [ [ 20.357641860100401, -32.783656169582997 ], [ 20.357636884054202, -32.7836568466792 ] ], [ [ 20.3576368840532, -32.783656846680202 ], [ 20.357631945714498, -32.783657698279399 ] ], [ [ 20.3576319457135, -32.7836576982804 ], [ 20.357627053654401, -32.783658722904299 ] ], [ [ 20.357627053653399, -32.783658722905301 ], [ 20.357622216365801, -32.7836599187752 ] ], [ [ 20.357622216364799, -32.783659918776301 ], [ 20.357617442245498, -32.7836612838165 ] ], [ [ 20.3576174422445, -32.783661283817501 ], [ 20.357612739580802, -32.783662815658403 ] ], [ [ 20.3576127395798, -32.783662815659397 ], [ 20.357608116534699, -32.783664511642101 ] ], [ [ 20.357608116533701, -32.783664511643103 ], [ 20.357603581132299, -32.783666368823397 ] ], [ [ 20.357603581131301, -32.783666368824399 ], [ 20.3575991412463, -32.783668383978601 ] ], [ [ 20.357599141245299, -32.783668383979602 ], [ 20.357594804583801, -32.783670553609802 ] ], [ [ 20.357594804582799, -32.783670553610797 ], [ 20.357590578672401, -32.7836728739506 ] ], [ [ 20.357590578671399, -32.783672873951602 ], [ 20.357586470847998, -32.783675340973303 ] ], [ [ 20.357586470847, -32.783675340974298 ], [ 20.357582488240901, -32.7836779503956 ] ], [ [ 20.357582488239899, -32.783677950396601 ], [ 20.357579724672298, -32.783679898481402 ] ], [ [ 20.3575797246713, -32.783679898482397 ], [ 20.357578637764501, -32.783680697687899 ] ], [ [ 20.357578637763499, -32.783680697688901 ], [ 20.357575812003201, -32.783682868480199 ] ], [ [ 20.357575812002199, -32.783682868481201 ], [ 20.3575749261027, -32.783683578081302 ] ], [ [ 20.357574926101702, -32.783683578082297 ], [ 20.357571359698301, -32.783686586575698 ] ], [ [ 20.3575713596973, -32.7836865865767 ], [ 20.3575679447422, -32.783689717949002 ] ], [ [ 20.357567944741199, -32.783689717949997 ], [ 20.357564687162199, -32.7836929667654 ] ], [ [ 20.357564687161201, -32.783692966766402 ], [ 20.357561592612999, -32.783696327385599 ] ], [ [ 20.357561592612001, -32.7836963273866 ], [ 20.357558666466499, -32.783699793975899 ] ], [ [ 20.357558666465501, -32.783699793976901 ], [ 20.3575559138018, -32.783703360518899 ] ], [ [ 20.357555913800802, -32.783703360519901 ], [ 20.357553339397398, -32.783707020823499 ] ], [ [ 20.3575533393964, -32.783707020824501 ], [ 20.357550947722, -32.783710768535997 ] ], [ [ 20.357550947720998, -32.783710768536999 ], [ 20.3575487429272, -32.783714597150897 ] ], [ [ 20.357548742926198, -32.783714597151899 ], [ 20.357546728840301, -32.783718500022196 ] ], [ [ 20.357546728839299, -32.783718500023198 ], [ 20.357544908957401, -32.783722470375203 ] ], [ [ 20.357544908956399, -32.783722470376198 ], [ 20.357543286437799, -32.783726501317901 ] ], [ [ 20.357543286436801, -32.783726501318903 ], [ 20.357541864097701, -32.7837305858531 ] ], [ [ 20.357541864096699, -32.783730585854101 ], [ 20.357540644406399, -32.783734716890599 ] ], [ [ 20.3575406444054, -32.783734716891601 ], [ 20.3575396294809, -32.783738887259503 ] ], [ [ 20.357539629479898, -32.783738887260498 ], [ 20.3575388210831, -32.783743089720801 ] ], [ [ 20.357538821082098, -32.783743089721803 ], [ 20.357538220616298, -32.783747316979401 ] ], [ [ 20.3575382206153, -32.783747316980403 ], [ 20.357537875075199, -32.783750916409502 ] ], [ [ 20.3575378750742, -32.783750916410497 ], [ 20.357536963754701, -32.783763072076198 ] ], [ [ 20.357536963753699, -32.7837630720772 ], [ 20.3575368119069, -32.7837650975004 ] ], [ [ 20.357536811905899, -32.783765097501401 ], [ 20.3575363238505, -32.783771607447697 ] ] ] } },
{ "type": "Feature", "properties": { "name": "Block Reference [7941]:1" }, "geometry": { "type": "MultiLineString", "coordinates": [ [ [ 20.3575931144278, -32.783443867853698 ], [ 20.357588742423399, -32.783460685407199 ] ], [ [ 20.357588742422401, -32.783460685408201 ], [ 20.357588527172499, -32.783461437701803 ] ], [ [ 20.357588527171501, -32.783461437702798 ], [ 20.357587478573102, -32.783465330616202 ] ], [ [ 20.3575874785721, -32.783465330617197 ], [ 20.357586618204, -32.783469248555299 ] ], [ [ 20.357586618203001, -32.783469248556301 ], [ 20.3575859458984, -32.783473185171701 ] ], [ [ 20.357585945897402, -32.783473185172703 ], [ 20.357585461222602, -32.783477134231603 ] ], [ [ 20.3575854612216, -32.783477134232598 ], [ 20.357585377054601, -32.7834780341569 ] ], [ [ 20.357585377053599, -32.783478034157902 ], [ 20.3575851630236, -32.783481089587298 ] ], [ [ 20.357585163022598, -32.7834810895883 ], [ 20.357585049324101, -32.783485045258999 ] ], [ [ 20.357585049323099, -32.7834850452601 ], [ 20.357585390633002, -32.783488995091702 ] ], [ [ 20.357585390632, -32.783488995092704 ], [ 20.3575855241337, -32.783492929184298 ] ], [ [ 20.357585524132698, -32.7834929291853 ], [ 20.3575856687937, -32.7834968673925 ] ], [ [ 20.357585668792701, -32.783496867393502 ], [ 20.357585999380401, -32.783500803501603 ] ], [ [ 20.357585999379399, -32.783500803502598 ], [ 20.357586519188899, -32.783504731104799 ] ], [ [ 20.357586519187901, -32.783504731105801 ], [ 20.357587228603499, -32.783508643795798 ] ], [ [ 20.357587228602501, -32.7835086437968 ], [ 20.357588126851301, -32.783512535267199 ] ], [ [ 20.357588126850299, -32.783512535268201 ], [ 20.357589248339298, -32.783516390199601 ] ], [ [ 20.3575892483383, -32.783516390200603 ], [ 20.357590673629499, -32.7835201741388 ] ], [ [ 20.357590673628501, -32.783520174139802 ], [ 20.357592280438201, -32.783523907062801 ] ], [ [ 20.357592280437199, -32.783523907063802 ], [ 20.357594065839599, -32.783527583079497 ] ], [ [ 20.357594065838601, -32.783527583080499 ], [ 20.357596026676099, -32.783531196438503 ] ], [ [ 20.3575960266751, -32.783531196439498 ], [ 20.357598159568699, -32.783534741534403 ] ], [ [ 20.357598159567701, -32.783534741535398 ], [ 20.3576004609276, -32.7835382129104 ] ], [ [ 20.357600460926601, -32.783538212911402 ], [ 20.357602966869401, -32.783541582918801 ] ], [ [ 20.357602966868399, -32.783541582919803 ], [ 20.3576034846059, -32.783542226989098 ] ], [ [ 20.357603484604901, -32.7835422269901 ], [ 20.357605723239001, -32.783544809674297 ] ], [ [ 20.357605723237999, -32.783544809675298 ], [ 20.357608659758998, -32.783547917003702 ] ], [ [ 20.357608659758, -32.783547917004697 ], [ 20.357611737734299, -32.7835509193471 ] ], [ [ 20.357611737733301, -32.783550919348102 ], [ 20.357614951645498, -32.783553812742902 ] ], [ [ 20.3576149516445, -32.783553812743897 ], [ 20.357618295893101, -32.7835565934474 ] ], [ [ 20.357618295892099, -32.783556593448402 ], [ 20.357621764809998, -32.783559257929397 ] ], [ [ 20.357621764809, -32.783559257930399 ], [ 20.357625352426101, -32.783561803114203 ] ], [ [ 20.357625352425099, -32.783561803115198 ], [ 20.357628973377501, -32.783564313987199 ] ], [ [ 20.357628973376499, -32.783564313988201 ], [ 20.357632709743399, -32.783566705741002 ] ], [ [ 20.357632709742401, -32.783566705741997 ], [ 20.357636600053802, -32.783568917338002 ] ], [ [ 20.3576366000528, -32.783568917338997 ], [ 20.3576406340873, -32.783570935804903 ] ], [ [ 20.357640634086302, -32.783570935805898 ], [ 20.357644753873, -32.783572822346898 ] ], [ [ 20.357644753871998, -32.783572822347899 ], [ 20.357648953856199, -32.783574575045797 ] ], [ [ 20.3576489538552, -32.783574575046799 ], [ 20.357653228497099, -32.7835761921189 ] ], [ [ 20.357653228496101, -32.783576192119902 ], [ 20.357657572270799, -32.783577671912703 ] ], [ [ 20.3576575722699, -32.783577671913697 ], [ 20.357661979668201, -32.783579012896801 ] ], [ [ 20.357661979667199, -32.783579012897803 ], [ 20.357666453281901, -32.783580189645399 ] ], [ [ 20.357666453280899, -32.783580189646401 ], [ 20.357671007227299, -32.783581118504998 ] ], [ [ 20.357671007226301, -32.783581118506 ], [ 20.3576756021459, -32.783581873473402 ] ], [ [ 20.357675602144901, -32.783581873474397 ], [ 20.3576802271043, -32.783582459204197 ] ], [ [ 20.357680227103302, -32.783582459205199 ], [ 20.3576848706719, -32.783582893231603 ] ], [ [ 20.357684870670901, -32.783582893232598 ], [ 20.357687591837099, -32.783583076809698 ] ], [ [ 20.3576875918361, -32.7835830768107 ], [ 20.3576951350563, -32.7835834525739 ] ], [ [ 20.357695135055302, -32.783583452574902 ], [ 20.357696348109499, -32.783583513243997 ] ], [ [ 20.357696348108501, -32.783583513244999 ], [ 20.357716304554, -32.783585977333303 ] ], [ [ 20.357716304553001, -32.783585977334297 ], [ 20.3577374779221, -32.783588464246002 ] ], [ [ 20.357737477921098, -32.783588464247003 ], [ 20.3577586797492, -32.783590672817901 ] ], [ [ 20.357758679748201, -32.783590672818903 ], [ 20.357779872136799, -32.783592973721397 ] ], [ [ 20.357779872135801, -32.783592973722399 ], [ 20.357801080538099, -32.783595118006403 ] ], [ [ 20.357801080537101, -32.783595118007398 ], [ 20.357815626076501, -32.783596565097099 ] ], [ [ 20.357815626075499, -32.783596565098101 ], [ 20.3578170595088, -32.783596718055797 ] ], [ [ 20.357817059507799, -32.783596718056799 ], [ 20.3578184940387, -32.7835968786368 ] ], [ [ 20.357818494037701, -32.783596878637802 ], [ 20.357821355877299, -32.783597221505701 ] ], [ [ 20.3578213558763, -32.783597221506703 ], [ 20.357822112447099, -32.783597318337698 ] ], [ [ 20.357822112446101, -32.7835973183387 ], [ 20.3578225587699, -32.783597375426098 ] ], [ [ 20.357822558768898, -32.7835973754271 ], [ 20.357843707533402, -32.783599884506302 ] ], [ [ 20.3578437075324, -32.783599884507296 ], [ 20.357864886096699, -32.783602169543201 ] ], [ [ 20.357864886095701, -32.783602169544203 ], [ 20.357885994269001, -32.783604983819899 ] ], [ [ 20.357885994267999, -32.783604983820901 ], [ 20.357907185165001, -32.783607176144599 ] ], [ [ 20.357907185163999, -32.783607176145601 ], [ 20.357921908221801, -32.783608702013197 ] ], [ [ 20.357921908220799, -32.783608702014199 ], [ 20.357922999247101, -32.783608809828301 ] ], [ [ 20.357922999246099, -32.783608809829303 ], [ 20.3579279543175, -32.783609191491202 ] ], [ [ 20.357927954316501, -32.783609191492197 ], [ 20.357932925844501, -32.783609396113697 ] ], [ [ 20.3579329258435, -32.783609396114699 ], [ 20.3579379039579, -32.783609389573698 ] ], [ [ 20.357937903956898, -32.7836093895747 ], [ 20.357942877596098, -32.783609210286201 ] ], [ [ 20.3579428775951, -32.783609210287203 ], [ 20.3579478384999, -32.783608858685199 ] ], [ [ 20.357947838498902, -32.7836088586862 ], [ 20.3579527913022, -32.783608408594901 ] ], [ [ 20.357952791301202, -32.783608408595903 ], [ 20.357957731328899, -32.783607827181903 ] ], [ [ 20.3579577313279, -32.783607827182898 ], [ 20.357962644857398, -32.783607072874098 ] ], [ [ 20.3579626448564, -32.7836070728751 ], [ 20.357967523446, -32.783606146424802 ] ], [ [ 20.357967523445001, -32.783606146425797 ], [ 20.357972358665201, -32.783605048863102 ] ], [ [ 20.357972358664199, -32.783605048864104 ], [ 20.357977142107199, -32.783603781495202 ] ], [ [ 20.3579771421063, -32.783603781496197 ], [ 20.3579818653964, -32.7836023459068 ] ], [ [ 20.357981865395399, -32.783602345907802 ], [ 20.357984509473301, -32.783601459329397 ] ], [ [ 20.357984509472299, -32.783601459330399 ], [ 20.3579865201995, -32.783600743963902 ] ], [ [ 20.357986520198502, -32.783600743964897 ], [ 20.357991075766801, -32.7835989414138 ] ], [ [ 20.357991075765799, -32.783598941414901 ], [ 20.3579955356157, -32.783596968188398 ] ], [ [ 20.357995535614702, -32.7835969681894 ], [ 20.357999868524701, -32.783594799038298 ] ], [ [ 20.357999868523699, -32.7835947990393 ], [ 20.358004090173299, -32.783592476116198 ] ], [ [ 20.358004090172301, -32.7835924761172 ], [ 20.358008187922799, -32.783589998111303 ] ], [ [ 20.358008187921801, -32.783589998112298 ], [ 20.3580107386794, -32.783588300171999 ] ], [ [ 20.358010738678399, -32.783588300173001 ], [ 20.358012005054299, -32.7835872177913 ] ], [ [ 20.3580120050534, -32.783587217792302 ], [ 20.3580155903731, -32.783584230950602 ] ], [ [ 20.358015590372101, -32.783584230951597 ], [ 20.358018770252901, -32.783581428999298 ] ], [ [ 20.358018770251899, -32.7835814290003 ], [ 20.358019057213902, -32.783581165642502 ] ], [ [ 20.3580190572129, -32.783581165643497 ], [ 20.358022405374001, -32.783578023089802 ] ], [ [ 20.358022405372999, -32.783578023090797 ], [ 20.358025633956998, -32.783574804003599 ] ], [ [ 20.358025633956, -32.783574804004601 ], [ 20.358028700832101, -32.783571481437399 ] ], [ [ 20.358028700831099, -32.7835714814384 ], [ 20.3580316071229, -32.783568064473002 ] ], [ [ 20.358031607121902, -32.783568064473997 ], [ 20.3580343357111, -32.783564550678399 ] ], [ [ 20.358034335710101, -32.783564550679401 ], [ 20.358036882431701, -32.783560946949599 ] ], [ [ 20.358036882430699, -32.783560946950601 ], [ 20.358039243517901, -32.783557260280801 ] ], [ [ 20.358039243516899, -32.783557260281803 ], [ 20.358041415599601, -32.783553497745999 ] ], [ [ 20.358041415598599, -32.783553497747 ], [ 20.3580433957022, -32.783549666482401 ] ], [ [ 20.358043395701198, -32.783549666483403 ], [ 20.358045181243298, -32.783545773673602 ] ], [ [ 20.3580451812423, -32.783545773674597 ], [ 20.358046770029102, -32.783541826533003 ] ], [ [ 20.3580467700281, -32.783541826533998 ], [ 20.358048160249201, -32.7835378322889 ] ], [ [ 20.358048160248199, -32.783537832289902 ], [ 20.358049339409899, -32.783533795715698 ] ], [ [ 20.3580493394089, -32.7835337957167 ], [ 20.358050304445701, -32.783529724892702 ] ], [ [ 20.358050304444699, -32.783529724893697 ], [ 20.358051017552501, -32.783525622923797 ] ], [ [ 20.358051017551499, -32.783525622924799 ], [ 20.358051506567602, -32.783521505496999 ] ], [ [ 20.3580515065666, -32.783521505498001 ], [ 20.358051681726799, -32.783519405686199 ] ], [ [ 20.358051681725801, -32.783519405687201 ], [ 20.358052139177801, -32.783512815502696 ] ], [ [ 20.358052139176799, -32.783512815503698 ], [ 20.3580521564371, -32.7835125536402 ] ], [ [ 20.358052156436099, -32.783512553641202 ], [ 20.358055609977999, -32.783503658735597 ] ], [ [ 20.3580556099771, -32.783503658736599 ], [ 20.358059654203, -32.783499711004502 ] ], [ [ 20.358059654201998, -32.783499711005497 ], [ 20.3580640206597, -32.783497217574997 ] ], [ [ 20.358064020658698, -32.783497217575999 ], [ 20.358075267574002, -32.783495230099497 ] ], [ [ 20.358075267573, -32.783495230100499 ], [ 20.358076575970301, -32.783495328414297 ] ], [ [ 20.358076575969299, -32.783495328415299 ], [ 20.358091855778099, -32.783497029793502 ] ], [ [ 20.358091855777101, -32.783497029794503 ], [ 20.358112965502599, -32.783499843869102 ] ], [ [ 20.358112965501601, -32.783499843870104 ], [ 20.3581341971855, -32.783501727704497 ] ], [ [ 20.358134197184501, -32.783501727705499 ], [ 20.3581552379834, -32.783505067537 ] ], [ [ 20.358155237982398, -32.783505067538002 ], [ 20.358176309826799, -32.783508170575899 ] ], [ [ 20.358176309825801, -32.783508170576901 ], [ 20.358197549997598, -32.783509989684298 ] ], [ [ 20.3581975499966, -32.7835099896853 ], [ 20.3582188061058, -32.783511687232199 ] ], [ [ 20.358218806104802, -32.783511687233201 ], [ 20.358240025325099, -32.783513666158299 ] ], [ [ 20.3582400253241, -32.783513666159301 ], [ 20.358261193537299, -32.783516034153799 ] ], [ [ 20.3582611935363, -32.7835160341548 ], [ 20.358282361598, -32.783518403310502 ] ], [ [ 20.358282361596999, -32.783518403311497 ], [ 20.358303511530799, -32.783520910746603 ] ], [ [ 20.358303511529801, -32.783520910747598 ], [ 20.358324696966399, -32.783523147382901 ] ], [ [ 20.358324696965401, -32.783523147383903 ], [ 20.3583459676661, -32.783524733655 ] ], [ [ 20.358345967665102, -32.783524733656002 ], [ 20.358367198895198, -32.783526620999503 ] ], [ [ 20.3583671988942, -32.783526621000497 ], [ 20.3583884348227, -32.783528472510703 ] ], [ [ 20.358388434821698, -32.783528472511698 ], [ 20.358409686006802, -32.783530207651303 ] ], [ [ 20.3584096860058, -32.783530207652298 ], [ 20.3584309527267, -32.783531824291501 ] ], [ [ 20.358430952725701, -32.783531824292503 ], [ 20.358452218538101, -32.783533447864102 ] ], [ [ 20.358452218537099, -32.783533447865103 ], [ 20.358473492744999, -32.783535007400801 ] ], [ [ 20.358473492744, -32.783535007401802 ], [ 20.358494648775199, -32.783537468369701 ] ], [ [ 20.358494648774201, -32.783537468370703 ], [ 20.358515825324499, -32.7835397728281 ] ], [ [ 20.358515825323501, -32.783539772829101 ], [ 20.3585370425373, -32.7835417671171 ] ], [ [ 20.358537042536302, -32.783541767118102 ], [ 20.358558251598001, -32.783543823593398 ] ], [ [ 20.358558251597, -32.7835438235944 ], [ 20.358579423599799, -32.783546162754597 ] ], [ [ 20.358579423598801, -32.783546162755599 ], [ 20.358599231761701, -32.783547685484201 ] ], [ [ 20.358599231760699, -32.783547685485203 ], [ 20.358600689363399, -32.783547786716703 ] ], [ [ 20.358600689362401, -32.783547786717698 ], [ 20.358621912486999, -32.783549735935097 ] ], [ [ 20.358621912486001, -32.783549735936099 ], [ 20.358643050313599, -32.783552335795598 ] ], [ [ 20.358643050312601, -32.7835523357966 ], [ 20.358654457925599, -32.783554005109302 ] ], [ [ 20.358654457924601, -32.783554005110297 ], [ 20.358664207902901, -32.783554784914102 ] ], [ [ 20.358664207901899, -32.783554784915097 ], [ 20.358685487014601, -32.783556307073198 ] ], [ [ 20.358685487013599, -32.7835563070742 ], [ 20.358706869096199, -32.783557043784803 ] ], [ [ 20.358706869095201, -32.783557043785798 ], [ 20.358726048093999, -32.783557614557999 ] ], [ [ 20.358726048093001, -32.783557614559001 ], [ 20.3587324096024, -32.7835592839985 ] ], [ [ 20.358732409601402, -32.783559283999502 ], [ 20.358736874941499, -32.783562638755299 ] ], [ [ 20.358736874940501, -32.783562638756301 ], [ 20.358740226148299, -32.783570539213798 ] ], [ [ 20.358740226147301, -32.7835705392148 ], [ 20.358740093075699, -32.783572641923897 ] ], [ [ 20.358740093074701, -32.783572641924899 ], [ 20.358738471731499, -32.783585388243701 ] ], [ [ 20.358738471730501, -32.783585388244703 ], [ 20.358736364002802, -32.783603334678098 ] ], [ [ 20.3587363640018, -32.7836033346791 ], [ 20.358734115726101, -32.783621267964399 ] ], [ [ 20.358734115725099, -32.783621267965401 ], [ 20.358732246795501, -32.783637994251499 ] ], [ [ 20.358732246794499, -32.783637994252501 ], [ 20.358732120808298, -32.783639224952097 ] ], [ [ 20.3587321208073, -32.783639224953099 ], [ 20.3587299754452, -32.783657167865698 ] ], [ [ 20.358729975444199, -32.7836571678667 ], [ 20.358727866650501, -32.7836751142003 ] ], [ [ 20.358727866649499, -32.783675114201301 ], [ 20.358726546905, -32.783693134349498 ] ], [ [ 20.358726546903998, -32.7836931343505 ], [ 20.358725433353101, -32.7837111737879 ] ], [ [ 20.358725433352099, -32.783711173788902 ], [ 20.358724156779299, -32.783729197975703 ] ], [ [ 20.358724156778401, -32.783729197976697 ], [ 20.358722245031199, -32.783747162743701 ] ], [ [ 20.358722245030201, -32.783747162744703 ], [ 20.358720424901101, -32.783765136082501 ] ], [ [ 20.358720424900099, -32.783765136083503 ], [ 20.358718870885902, -32.783783134316003 ] ], [ [ 20.3587188708849, -32.783783134316998 ], [ 20.3587170361, -32.783801106283697 ] ], [ [ 20.358717036099002, -32.783801106284699 ], [ 20.3587154628412, -32.783819102716897 ] ], [ [ 20.358715462840198, -32.783819102717899 ], [ 20.358713928298702, -32.783837102771997 ] ], [ [ 20.3587139282977, -32.783837102772999 ], [ 20.358712348310899, -32.7838550985757 ] ], [ [ 20.358712348309901, -32.783855098576701 ], [ 20.358712025139699, -32.783858539179803 ] ], [ [ 20.358712025138701, -32.783858539180798 ], [ 20.358711853800202, -32.783860319783599 ] ], [ [ 20.3587118537992, -32.783860319784601 ], [ 20.358703944338099, -32.783863217542098 ] ], [ [ 20.358632267442999, -32.783869733200902 ], [ 20.358622066515998, -32.783868278001599 ] ], [ [ 20.358622066515, -32.783868278002601 ], [ 20.358610562840699, -32.783866960895502 ] ], [ [ 20.358610562839701, -32.783866960896503 ], [ 20.358604284658099, -32.783866329532998 ] ], [ [ 20.358604284657101, -32.783866329534 ], [ 20.3586008890804, -32.783865979706 ] ], [ [ 20.358600889079401, -32.783865979707002 ], [ 20.358579705436199, -32.783863728773603 ] ], [ [ 20.358579705435201, -32.783863728774598 ], [ 20.358564053850301, -32.7838620425755 ] ], [ [ 20.358015632965401, -32.783801780924399 ], [ 20.358014570062199, -32.783794063221002 ] ], [ [ 20.358014570061201, -32.783794063221997 ], [ 20.358015593515301, -32.783788154998398 ] ], [ [ 20.358015593514299, -32.783788154999399 ], [ 20.3580156749141, -32.783787668048802 ] ], [ [ 20.358015674913101, -32.783787668049797 ], [ 20.358016238940699, -32.783783595556002 ] ], [ [ 20.358016238939701, -32.783783595556997 ], [ 20.3580166519919, -32.783779502218998 ] ], [ [ 20.358016651990901, -32.78377950222 ], [ 20.358017048467701, -32.783775387582303 ] ], [ [ 20.358017048466699, -32.783775387583297 ], [ 20.358017242029302, -32.783771248763202 ] ], [ [ 20.3580172420283, -32.783771248764197 ], [ 20.3580171981835, -32.7837670957528 ] ], [ [ 20.358017198182502, -32.783767095753802 ], [ 20.358016628814401, -32.783762974571196 ] ], [ [ 20.358016628813399, -32.783762974572198 ], [ 20.358015816174799, -32.783758882105602 ] ], [ [ 20.358015816173801, -32.783758882106603 ], [ 20.3580147943754, -32.783754823482099 ] ], [ [ 20.358014794374402, -32.7837548234831 ], [ 20.358013565216002, -32.783750806649202 ] ], [ [ 20.358013565215, -32.783750806650197 ], [ 20.358012130953899, -32.783746839494199 ] ], [ [ 20.358012130952901, -32.783746839495201 ], [ 20.358010443852098, -32.783742945525198 ] ], [ [ 20.3580104438511, -32.7837429455262 ], [ 20.358008557405402, -32.783739120881897 ] ], [ [ 20.3580085574044, -32.783739120882899 ], [ 20.358006477345501, -32.783735372538104 ] ], [ [ 20.3580064773445, -32.783735372539098 ], [ 20.358004208089199, -32.783731707767103 ] ], [ [ 20.3580042080882, -32.783731707768098 ], [ 20.358001832813599, -32.783728095781797 ] ], [ [ 20.358001832812601, -32.783728095782799 ], [ 20.357999319223001, -32.783724552128703 ] ], [ [ 20.357999319221999, -32.783724552129698 ], [ 20.357996852161602, -32.783720972405902 ] ], [ [ 20.3579968521606, -32.783720972406897 ], [ 20.357994325718099, -32.7837173976896 ] ], [ [ 20.357994325717101, -32.783717397690602 ], [ 20.357992409947698, -32.783714912147303 ] ], [ [ 20.3579924099467, -32.783714912148298 ], [ 20.3579916006241, -32.7837139127938 ] ], [ [ 20.357991600623102, -32.783713912794802 ], [ 20.357988680808099, -32.783710526774698 ] ], [ [ 20.3579886808071, -32.7837105267757 ], [ 20.357985535108199, -32.783707277881298 ] ], [ [ 20.357985535107201, -32.7837072778823 ], [ 20.357982082379301, -32.783704259493597 ] ], [ [ 20.3579820823783, -32.783704259494598 ], [ 20.357978470698299, -32.783701371972903 ] ], [ [ 20.357978470697301, -32.783701371973898 ], [ 20.357974707139999, -32.783698621936502 ] ], [ [ 20.357974707139, -32.783698621937504 ], [ 20.3579707785794, -32.783696039411502 ] ], [ [ 20.357970778578402, -32.783696039412497 ], [ 20.357967616106802, -32.783694128912899 ] ], [ [ 20.3579676161058, -32.783694128913901 ], [ 20.3579667149438, -32.7836936094306 ] ], [ [ 20.357966714942801, -32.783693609431701 ], [ 20.3579625276145, -32.7836913339004 ] ], [ [ 20.357962527613498, -32.783691333901402 ], [ 20.357958224629598, -32.7836892184839 ] ], [ [ 20.3579582246286, -32.783689218485002 ], [ 20.3579538174871, -32.783687263536301 ] ], [ [ 20.357953817486099, -32.783687263537303 ], [ 20.357949314248899, -32.783685474048802 ] ], [ [ 20.3579493142479, -32.783685474049797 ], [ 20.357944722126099, -32.783683857443698 ] ], [ [ 20.357944722125101, -32.7836838574447 ], [ 20.357940054249301, -32.783682409294698 ] ], [ [ 20.357940054248299, -32.7836824092957 ], [ 20.3579353145998, -32.783681145515601 ] ], [ [ 20.357935314598802, -32.783681145516603 ], [ 20.357930503641199, -32.7836801023414 ] ], [ [ 20.357930503640201, -32.783680102342402 ], [ 20.3579256635193, -32.783679183707399 ] ], [ [ 20.357925663518301, -32.783679183708401 ], [ 20.3579208190706, -32.783678279134399 ] ], [ [ 20.357920819069601, -32.783678279135401 ], [ 20.357915928843202, -32.783677552532701 ] ], [ [ 20.3579159288422, -32.783677552533703 ], [ 20.3579132680931, -32.783677234455801 ] ], [ [ 20.357913268092101, -32.783677234456803 ], [ 20.357894987525999, -32.783675000789401 ] ], [ [ 20.357894987525, -32.783675000790403 ], [ 20.357873754026599, -32.783673128647401 ] ], [ [ 20.357873754025601, -32.783673128648402 ], [ 20.357852428666401, -32.783671947112502 ] ], [ [ 20.357852428665399, -32.783671947113497 ], [ 20.3578311852729, -32.783670149359203 ] ], [ [ 20.357831185271898, -32.783670149360198 ], [ 20.357811281602402, -32.783668574818101 ] ], [ [ 20.3578112816014, -32.783668574819103 ], [ 20.357809989020801, -32.783668483061099 ] ], [ [ 20.357809989019799, -32.783668483062101 ], [ 20.357808752421001, -32.783668402282203 ] ], [ [ 20.357808752419999, -32.783668402283197 ], [ 20.357806229801501, -32.783668177755501 ] ], [ [ 20.357806229800499, -32.783668177756503 ], [ 20.357788883641302, -32.7836671670781 ] ], [ [ 20.3577888836403, -32.783667167079102 ], [ 20.357767573072898, -32.783666018077199 ] ], [ [ 20.3577675730719, -32.7836660180782 ], [ 20.3577634117431, -32.783665803520101 ] ], [ [ 20.357763411742098, -32.783665803521103 ], [ 20.357746296294099, -32.783664541644697 ] ], [ [ 20.357746296293101, -32.783664541645699 ], [ 20.3577250579938, -32.783662692345303 ] ], [ [ 20.357725057992798, -32.783662692346297 ], [ 20.3577037587504, -32.783661433610199 ] ], [ [ 20.357703758749398, -32.783661433611201 ], [ 20.357682468945502, -32.783660083417097 ] ], [ [ 20.3576824689445, -32.783660083418098 ], [ 20.3576687366367, -32.783659213293099 ] ], [ [ 20.357668736635699, -32.783659213294101 ], [ 20.357666699371499, -32.783659108966297 ] ], [ [ 20.357666699370501, -32.783659108967299 ], [ 20.357664030025798, -32.783659021079998 ] ], [ [ 20.3576640300248, -32.783659021081 ], [ 20.357661844229501, -32.7836589849042 ] ], [ [ 20.357661844228499, -32.783658984905202 ], [ 20.357656990842301, -32.783659028039899 ] ], [ [ 20.357656990841299, -32.783659028040901 ], [ 20.357652147331802, -32.783659241880699 ] ], [ [ 20.3576521473308, -32.783659241881701 ], [ 20.3576473174085, -32.783659585115998 ] ], [ [ 20.357647317407501, -32.783659585117 ], [ 20.357642504352501, -32.783660063012398 ] ], [ [ 20.357642504351499, -32.7836600630134 ], [ 20.357637719461, -32.783660712786798 ] ], [ [ 20.357637719460001, -32.7836607127878 ], [ 20.357632971556399, -32.783661533569997 ] ], [ [ 20.3576329715554, -32.783661533570999 ], [ 20.3576282694439, -32.783662524131302 ] ], [ [ 20.357628269442898, -32.783662524132303 ], [ 20.357623621886901, -32.7836636828767 ] ], [ [ 20.357623621885899, -32.783663682877702 ], [ 20.3576190375802, -32.783665007848498 ] ], [ [ 20.357619037579202, -32.7836650078495 ], [ 20.357614525124401, -32.783666496726802 ] ], [ [ 20.357614525123399, -32.783666496727797 ], [ 20.357610092999401, -32.783668146832198 ] ], [ [ 20.357610092998399, -32.7836681468332 ], [ 20.357605749538699, -32.783669955130797 ] ], [ [ 20.357605749537701, -32.783669955131799 ], [ 20.357601502903002, -32.7836719182406 ] ], [ [ 20.357601502902, -32.783671918241602 ], [ 20.357597361055699, -32.783674032439798 ] ], [ [ 20.357597361054701, -32.7836740324408 ], [ 20.357593331738201, -32.783676293676898 ] ], [ [ 20.357593331737199, -32.7836762936779 ], [ 20.3575894224461, -32.7836786975816 ] ], [ [ 20.357589422445201, -32.783678697582602 ], [ 20.357585640407599, -32.783681239478597 ] ], [ [ 20.357585640406601, -32.783681239479598 ], [ 20.357583021331699, -32.783683136405699 ] ], [ [ 20.357583021330701, -32.783683136406701 ], [ 20.357581984721701, -32.783683906884498 ] ], [ [ 20.357581984720699, -32.7836839068855 ], [ 20.357579182431099, -32.783685901515099 ] ], [ [ 20.357579182430101, -32.783685901516101 ], [ 20.3575783113541, -32.7836865634983 ] ], [ [ 20.357578311353102, -32.783686563499302 ], [ 20.357574798570202, -32.783689376730898 ] ], [ [ 20.3575747985692, -32.7836893767319 ], [ 20.357571425447901, -32.783692315451297 ] ], [ [ 20.357571425446899, -32.783692315452299 ], [ 20.357568198499202, -32.783695374777402 ] ], [ [ 20.3575681984982, -32.783695374778397 ], [ 20.357565123981701, -32.783698549557599 ] ], [ [ 20.357565123980699, -32.783698549558601 ], [ 20.357562207879599, -32.7837018343808 ] ], [ [ 20.357562207878601, -32.783701834381802 ], [ 20.357559455885301, -32.783705223589699 ] ], [ [ 20.357559455884299, -32.7837052235908 ], [ 20.357557138795901, -32.783708838253403 ] ], [ [ 20.357557138794899, -32.783708838254398 ], [ 20.357554945450602, -32.783712499189399 ] ], [ [ 20.3575549454496, -32.783712499190401 ], [ 20.357552919555499, -32.783716223415603 ] ], [ [ 20.3575529195545, -32.783716223416597 ], [ 20.3575511027814, -32.783720019869598 ] ], [ [ 20.357551102780398, -32.7837200198706 ], [ 20.357549498299399, -32.7837238792835 ] ], [ [ 20.3575494982984, -32.783723879284501 ], [ 20.357548108570899, -32.783727792309101 ] ], [ [ 20.357548108569901, -32.783727792310103 ], [ 20.3575469353522, -32.783731749567401 ] ], [ [ 20.357546935351198, -32.783731749568403 ], [ 20.357545963344499, -32.783735738552302 ] ], [ [ 20.357545963343501, -32.783735738553297 ], [ 20.357545031037699, -32.783739726605702 ] ], [ [ 20.3575450310367, -32.783739726606697 ], [ 20.357544201259, -32.7837437313487 ] ], [ [ 20.357544201258001, -32.783743731349702 ], [ 20.357543470171699, -32.783747755573401 ] ], [ [ 20.3575434701707, -32.783747755574403 ], [ 20.3575430205529, -32.783751191672998 ] ], [ [ 20.357543020551901, -32.783751191674 ], [ 20.357543086929802, -32.783763399642702 ] ], [ [ 20.3575430869288, -32.783763399643703 ], [ 20.357542611488601, -32.783765407755901 ] ], [ [ 20.357542611487599, -32.783765407756903 ], [ 20.35754447223, -32.783772043354801 ] ] ] } },
{ "type": "Feature", "properties": { "name": "Block Reference [7941]:2" }, "geometry": { "type": "MultiLineString", "coordinates": [ [ [ 20.357580228559002, -32.783440527137799 ], [ 20.3575742679954, -32.783456932850598 ] ], [ [ 20.357574267994401, -32.7834569328516 ], [ 20.357573967726601, -32.783457771339499 ] ], [ [ 20.3575739677256, -32.783457771340501 ], [ 20.3575725440936, -32.783462135476398 ] ], [ [ 20.357572544092601, -32.7834621354774 ], [ 20.357571336897401, -32.7834665459186 ] ], [ [ 20.357571336896399, -32.783466545919602 ], [ 20.357570348233299, -32.783470995010198 ] ], [ [ 20.357570348232301, -32.7834709950112 ], [ 20.357569579817699, -32.783475475028297 ] ], [ [ 20.357569579816701, -32.783475475029299 ], [ 20.357569435838599, -32.783476498215101 ] ], [ [ 20.3575694358376, -32.783476498216103 ], [ 20.3575690329845, -32.783479978196098 ] ], [ [ 20.357569032983498, -32.7834799781971 ], [ 20.357568708682798, -32.783484496696701 ] ], [ [ 20.3575687086818, -32.783484496697703 ], [ 20.357568607475699, -32.783489022686801 ] ], [ [ 20.3575686074747, -32.783489022687803 ], [ 20.357568729538901, -32.7834935483097 ] ], [ [ 20.357568729537899, -32.783493548310702 ], [ 20.357569074660599, -32.7834980657098 ] ], [ [ 20.357569074659601, -32.783498065710802 ], [ 20.3575696422416, -32.783502567045304 ] ], [ [ 20.357569642240598, -32.783502567046298 ], [ 20.3575704312968, -32.7835070445025 ] ], [ [ 20.357570431295802, -32.783507044503601 ], [ 20.3575714404565, -32.783511490309401 ] ], [ [ 20.357571440455501, -32.783511490310403 ], [ 20.357572667968999, -32.783515896748497 ] ], [ [ 20.357572667968, -32.783515896749499 ], [ 20.357574111703599, -32.783520256170902 ] ], [ [ 20.357574111702601, -32.783520256171897 ], [ 20.357575769154, -32.783524561009202 ] ], [ [ 20.357575769153101, -32.783524561010204 ], [ 20.357577637443399, -32.783528803790801 ] ], [ [ 20.3575776374424, -32.783528803791803 ], [ 20.357579713328601, -32.783532977150898 ] ], [ [ 20.357579713327599, -32.7835329771519 ], [ 20.3575819932061, -32.783537073844997 ] ], [ [ 20.357581993205098, -32.783537073845999 ], [ 20.3575844731185, -32.7835410867619 ] ], [ [ 20.357584473117601, -32.783541086762902 ], [ 20.357587148761102, -32.783545008935697 ] ], [ [ 20.3575871487601, -32.783545008936699 ], [ 20.357590015489102, -32.783548833558001 ] ], [ [ 20.3575900154881, -32.783548833559003 ], [ 20.3575905981373, -32.783549569667301 ] ], [ [ 20.357590598136301, -32.783549569668303 ], [ 20.357593068326601, -32.7835525539898 ] ], [ [ 20.357593068325599, -32.783552553990901 ], [ 20.357596301974102, -32.783556163773099 ] ], [ [ 20.3575963019731, -32.783556163774101 ], [ 20.357599710818501, -32.783559656641501 ] ], [ [ 20.3575997108175, -32.783559656642502 ], [ 20.357603288942599, -32.7835630265321 ] ], [ [ 20.357603288941601, -32.783563026533102 ], [ 20.3576070301351, -32.783566267595099 ] ], [ [ 20.357607030134101, -32.7835662675961 ], [ 20.357610927902101, -32.783569374204497 ] ], [ [ 20.357610927901099, -32.783569374205499 ], [ 20.3576149754774, -32.783572340967602 ] ], [ [ 20.357614975476402, -32.783572340968597 ], [ 20.357619165835001, -32.7835751627346 ] ], [ [ 20.357619165833999, -32.783575162735602 ], [ 20.357623491701101, -32.7835778346072 ] ], [ [ 20.3576234917001, -32.783577834608202 ], [ 20.357627945566499, -32.783580351947499 ] ], [ [ 20.3576279455655, -32.783580351948501 ], [ 20.357632519700001, -32.783582710385602 ] ], [ [ 20.357632519698999, -32.783582710386597 ], [ 20.357637206161499, -32.783584905827702 ] ], [ [ 20.357637206160501, -32.783584905828697 ], [ 20.357641996815801, -32.783586934462697 ] ], [ [ 20.357641996814799, -32.783586934463699 ], [ 20.357646883347201, -32.783588792769201 ] ], [ [ 20.357646883346199, -32.783588792770203 ], [ 20.357651857273201, -32.7835904775214 ] ], [ [ 20.357651857272199, -32.783590477522402 ], [ 20.3576569099598, -32.783591985794899 ] ], [ [ 20.357656909958799, -32.783591985795901 ], [ 20.357662032636199, -32.783593314971398 ] ], [ [ 20.357662032635201, -32.7835933149724 ], [ 20.3576672164101, -32.7835944627438 ] ], [ [ 20.357667216409101, -32.783594462744801 ], [ 20.357672452283101, -32.783595427119501 ] ], [ [ 20.357672452282099, -32.783595427120503 ], [ 20.3576777311666, -32.783596206424697 ] ], [ [ 20.357677731165602, -32.783596206425699 ], [ 20.357683043897101, -32.783596799306501 ] ], [ [ 20.357683043896099, -32.783596799307503 ], [ 20.3576861622469, -32.783597059172202 ] ], [ [ 20.357686162245901, -32.783597059173204 ], [ 20.357693687751901, -32.783597608205604 ] ], [ [ 20.357693687750899, -32.783597608206598 ], [ 20.357694897980899, -32.783597696499498 ] ], [ [ 20.35769489798, -32.7835976965005 ], [ 20.357714956740001, -32.783599159910899 ] ], [ [ 20.357714956738999, -32.783599159911901 ], [ 20.3577362257289, -32.7836007116126 ] ], [ [ 20.357736225727901, -32.783600711613701 ], [ 20.357757494718602, -32.783602263310797 ] ], [ [ 20.3577574947176, -32.783602263311799 ], [ 20.357778763709199, -32.7836038150053 ] ], [ [ 20.3577787637082, -32.783603815006302 ], [ 20.357800032700499, -32.7836053666962 ] ], [ [ 20.357800032699501, -32.783605366697202 ], [ 20.357814617404799, -32.783606430729201 ] ], [ [ 20.3578146174038, -32.783606430730202 ], [ 20.357815980639099, -32.783606533913797 ] ], [ [ 20.357815980638101, -32.783606533914799 ], [ 20.357817345511901, -32.783606644703497 ] ], [ [ 20.357817345510899, -32.783606644704498 ], [ 20.357820070134199, -32.783606888309698 ] ], [ [ 20.357820070133201, -32.7836068883107 ], [ 20.3578208299914, -32.783606960426397 ] ], [ [ 20.357820829990398, -32.783606960427399 ], [ 20.3578212782487, -32.783607002969603 ] ], [ [ 20.357821278247702, -32.783607002970598 ], [ 20.357842492936999, -32.783609016414204 ] ], [ [ 20.357842492936001, -32.783609016415198 ], [ 20.357863707626201, -32.783611029855201 ] ], [ [ 20.357863707625199, -32.783611029856203 ], [ 20.357884922316501, -32.783613043292597 ] ], [ [ 20.357884922315499, -32.783613043293599 ], [ 20.357906137007799, -32.783615056726397 ] ], [ [ 20.3579061370068, -32.783615056727399 ], [ 20.3579208769494, -32.783616455655597 ] ], [ [ 20.357920876948398, -32.783616455656599 ], [ 20.3579220534976, -32.7836165626914 ] ], [ [ 20.357922053496601, -32.783616562692401 ], [ 20.357927394449501, -32.7836169327961 ] ], [ [ 20.357927394448499, -32.783616932797102 ], [ 20.3579327490163, -32.7836171146485 ] ], [ [ 20.357932749015301, -32.783617114649601 ], [ 20.357938107903198, -32.783617107933203 ] ], [ [ 20.3579381079022, -32.783617107934198 ], [ 20.3579434618077, -32.7836169126616 ] ], [ [ 20.357943461806698, -32.783616912662701 ], [ 20.357948801436201, -32.783616529172903 ] ], [ [ 20.357948801435199, -32.783616529173898 ], [ 20.357954117519899, -32.7836159581326 ] ], [ [ 20.357954117518901, -32.783615958133602 ], [ 20.357959400830801, -32.783615200531997 ] ], [ [ 20.357959400829799, -32.783615200532999 ], [ 20.3579646421977, -32.783614257686203 ] ], [ [ 20.357964642196698, -32.783614257687198 ], [ 20.357969832522301, -32.783613131231903 ] ], [ [ 20.357969832521299, -32.783613131232897 ], [ 20.357974962795002, -32.783611823124403 ] ], [ [ 20.357974962794, -32.783611823125398 ], [ 20.357980024110098, -32.7836103356344 ] ], [ [ 20.3579800241091, -32.783610335635402 ], [ 20.3579850076821, -32.783608671344098 ] ], [ [ 20.357985007681101, -32.7836086713451 ], [ 20.357987791185799, -32.783607651879699 ] ], [ [ 20.357987791184801, -32.7836076518807 ], [ 20.357989904860101, -32.783606833142301 ] ], [ [ 20.3579899048591, -32.783606833143303 ], [ 20.357994707143199, -32.783604824219999 ] ], [ [ 20.3579947071422, -32.783604824221001 ], [ 20.357999406195301, -32.783602648064402 ] ], [ [ 20.357999406194299, -32.783602648065397 ], [ 20.358003993859601, -32.783600308453003 ] ], [ [ 20.358003993858599, -32.783600308453998 ], [ 20.3580084621724, -32.783597809447102 ] ], [ [ 20.358008462171401, -32.783597809448104 ], [ 20.358012803377399, -32.783595155384504 ] ], [ [ 20.358012803376401, -32.783595155385498 ], [ 20.358015529854399, -32.783593365176401 ] ], [ [ 20.3580155298534, -32.783593365177403 ], [ 20.358017009938798, -32.783592350872503 ] ], [ [ 20.3580170099378, -32.783592350873498 ], [ 20.358021074554699, -32.7835894007791 ] ], [ [ 20.358021074553701, -32.783589400780102 ], [ 20.3580246651624, -32.783586576736901 ] ], [ [ 20.358024665161398, -32.783586576737903 ], [ 20.358024990169401, -32.783586310225502 ] ], [ [ 20.358024990168399, -32.783586310226497 ], [ 20.358028749985898, -32.7835830845763 ] ], [ [ 20.3580287499849, -32.783583084577302 ], [ 20.358032347477799, -32.783579729430897 ] ], [ [ 20.358032347476801, -32.783579729431899 ], [ 20.3580357764003, -32.7835762506134 ] ], [ [ 20.358035776399301, -32.783576250614402 ], [ 20.358039030801301, -32.783572654162398 ] ], [ [ 20.358039030800299, -32.7835726541635 ], [ 20.3580421050316, -32.783568946321097 ] ], [ [ 20.358042105030599, -32.783568946322099 ], [ 20.358044993754799, -32.783565133525499 ] ], [ [ 20.358044993753801, -32.783565133526501 ], [ 20.3580476919565, -32.783561222394397 ] ], [ [ 20.358047691955498, -32.783561222395399 ], [ 20.358050194953002, -32.783557219716698 ] ], [ [ 20.358050194952, -32.7835572197177 ], [ 20.358052498399399, -32.783553132440701 ] ], [ [ 20.358052498398401, -32.783553132441703 ], [ 20.3580545982974, -32.783548967661297 ] ], [ [ 20.358054598296398, -32.783548967662298 ], [ 20.3580564910018, -32.783544732607901 ] ], [ [ 20.358056491000799, -32.783544732608902 ], [ 20.3580581732271, -32.783540434632101 ] ], [ [ 20.358058173226201, -32.783540434633103 ], [ 20.358059642053401, -32.783536081194498 ] ], [ [ 20.3580596420524, -32.7835360811955 ], [ 20.358060894930901, -32.783531679852103 ] ], [ [ 20.358060894929899, -32.783531679853098 ], [ 20.358061929684901, -32.7835272382451 ] ], [ [ 20.358061929683899, -32.783527238246101 ], [ 20.358062744519099, -32.783522764083401 ] ], [ [ 20.358062744518101, -32.783522764084402 ], [ 20.3580630746658, -32.783520474264499 ] ], [ [ 20.358063074664798, -32.783520474265501 ], [ 20.3580639359208, -32.783513921954999 ] ], [ [ 20.358063935919802, -32.783513921956001 ], [ 20.3580639526669, -32.783513802239298 ] ], [ [ 20.358063952665901, -32.7835138022403 ], [ 20.358065788835599, -32.783509857793099 ] ], [ [ 20.358065788834601, -32.783509857794101 ], [ 20.358067677988899, -32.783508179606201 ] ], [ [ 20.358067677987901, -32.783508179607203 ], [ 20.358069638898002, -32.783507139834398 ] ], [ [ 20.358069638897, -32.7835071398354 ], [ 20.358074560224701, -32.7835063138143 ] ], [ [ 20.358074560223699, -32.783506313815302 ], [ 20.358075130546599, -32.783506353445503 ] ], [ [ 20.3580751305456, -32.783506353446498 ], [ 20.358090445576401, -32.783507786181197 ] ], [ [ 20.358090445575399, -32.783507786182199 ], [ 20.358111663997999, -32.783509771181699 ] ], [ [ 20.358111663997001, -32.7835097711827 ], [ 20.358132882420701, -32.783511756178598 ] ], [ [ 20.358132882419699, -32.7835117561796 ], [ 20.358154100844299, -32.783513741171902 ] ], [ [ 20.358154100843301, -32.783513741172897 ], [ 20.358175319269002, -32.783515726161603 ] ], [ [ 20.358175319268, -32.783515726162598 ], [ 20.358196537694699, -32.783517711147802 ] ], [ [ 20.358196537693701, -32.783517711148797 ], [ 20.358217756121402, -32.783519696130398 ] ], [ [ 20.3582177561204, -32.7835196961314 ], [ 20.358238974549, -32.783521681109299 ] ], [ [ 20.358238974548001, -32.783521681110301 ], [ 20.358260192977699, -32.783523666084697 ] ], [ [ 20.358260192976701, -32.783523666085699 ], [ 20.3582814114074, -32.7835256510566 ] ], [ [ 20.358281411406399, -32.783525651057602 ], [ 20.3583026298381, -32.7835276360248 ] ], [ [ 20.358302629837102, -32.783527636025802 ], [ 20.358323848269801, -32.783529620989498 ] ], [ [ 20.3583238482688, -32.7835296209905 ], [ 20.358345066702501, -32.7835316059505 ] ], [ [ 20.358345066701499, -32.783531605951502 ], [ 20.358366285136199, -32.783533590908 ] ], [ [ 20.358366285135201, -32.783533590909002 ], [ 20.358387503570899, -32.783535575861897 ] ], [ [ 20.358387503569901, -32.783535575862899 ], [ 20.358408722006601, -32.783537560812199 ] ], [ [ 20.358408722005599, -32.783537560813301 ], [ 20.358429940443401, -32.783539545758998 ] ], [ [ 20.358429940442399, -32.78353954576 ], [ 20.358451158881099, -32.783541530702102 ] ], [ [ 20.358451158880101, -32.783541530703097 ], [ 20.358472377319799, -32.783543515641703 ] ], [ [ 20.358472377318801, -32.783543515642698 ], [ 20.358493595759501, -32.783545500577702 ] ], [ [ 20.3584935957585, -32.783545500578697 ], [ 20.358514814200301, -32.783547485510098 ] ], [ [ 20.3585148141993, -32.7835474855111 ], [ 20.358536032642, -32.783549470438899 ] ], [ [ 20.358536032640998, -32.783549470439901 ], [ 20.3585572510848, -32.783551455364197 ] ], [ [ 20.358557251083798, -32.783551455365199 ], [ 20.358578469528499, -32.7835534402858 ] ], [ [ 20.358578469527501, -32.783553440286802 ], [ 20.358598234919999, -32.783555289275498 ] ], [ [ 20.358598234919, -32.783555289276499 ], [ 20.3585996879732, -32.7835554252039 ] ], [ [ 20.358599687972301, -32.783555425204902 ], [ 20.358620906418999, -32.783557410118398 ] ], [ [ 20.358620906418, -32.7835574101194 ], [ 20.358642124865799, -32.7835593950293 ] ], [ [ 20.358642124864801, -32.783559395030302 ], [ 20.358653610465499, -32.783560469465101 ] ], [ [ 20.358653610464501, -32.783560469466103 ], [ 20.358663343313498, -32.7835613799366 ] ], [ [ 20.3586633433125, -32.783561379937602 ], [ 20.358684561762299, -32.783563364840397 ] ], [ [ 20.358684561761301, -32.783563364841399 ], [ 20.358705780212102, -32.783565349740499 ] ], [ [ 20.3587057802111, -32.783565349741501 ], [ 20.358724800778798, -32.783567129034502 ] ], [ [ 20.3587248007778, -32.783567129035497 ], [ 20.358726678025, -32.783567650069799 ] ], [ [ 20.358726678023999, -32.7835676500708 ], [ 20.358728021768702, -32.7835686260307 ] ], [ [ 20.3587280217677, -32.783568626031702 ], [ 20.358729070303198, -32.783570974617703 ] ], [ [ 20.3587290703022, -32.783570974618698 ], [ 20.358729046235201, -32.783571608504602 ] ], [ [ 20.358729046234199, -32.783571608505603 ], [ 20.3587273757812, -32.783584350230299 ] ], [ [ 20.358727375780202, -32.783584350231301 ], [ 20.358725025952499, -32.783602274016502 ] ], [ [ 20.3587250259515, -32.783602274017497 ], [ 20.358722676122898, -32.783620197802499 ] ], [ [ 20.3587226761219, -32.783620197803501 ], [ 20.358720487210199, -32.783636894155698 ] ], [ [ 20.358720487209201, -32.7836368941567 ], [ 20.3587203262922, -32.783638121588503 ] ], [ [ 20.358720326291198, -32.783638121589497 ], [ 20.3587179764605, -32.7836560453744 ] ], [ [ 20.358717976459499, -32.783656045375402 ], [ 20.358715626627902, -32.783673969160098 ] ], [ [ 20.3587156266269, -32.7836739691611 ], [ 20.358713276794202, -32.783691892945797 ] ], [ [ 20.3587132767932, -32.783691892946798 ], [ 20.3587109269595, -32.783709816731303 ] ], [ [ 20.358710926958501, -32.783709816732298 ], [ 20.358708577123799, -32.783727740516703 ] ], [ [ 20.358708577122801, -32.783727740517698 ], [ 20.358706227287101, -32.783745664302103 ] ], [ [ 20.358706227286099, -32.783745664303098 ], [ 20.3587038774495, -32.783763588087297 ] ], [ [ 20.358703877448502, -32.783763588088298 ], [ 20.358701527610801, -32.783781511872398 ] ], [ [ 20.358701527609799, -32.7837815118734 ], [ 20.358699177771101, -32.7837994356574 ] ], [ [ 20.358699177770099, -32.783799435658402 ], [ 20.358696827930402, -32.783817359442303 ] ], [ [ 20.3586968279294, -32.783817359443297 ], [ 20.358694478088701, -32.783835283227099 ] ], [ [ 20.358694478087699, -32.7838352832281 ], [ 20.358692128245899, -32.783853207011802 ] ], [ [ 20.3586921282449, -32.783853207012797 ], [ 20.358691678725599, -32.783856635795999 ] ], [ [ 20.3586916787246, -32.783856635797001 ], [ 20.358691446037401, -32.783858410660699 ] ], [ [ 20.358691446036399, -32.783858410661701 ], [ 20.358690974908502, -32.783862004266403 ] ], [ [ 20.3586909749075, -32.783862004267398 ], [ 20.358690571754799, -32.783865079381698 ] ], [ [ 20.358690571753801, -32.7838650793827 ], [ 20.3586900999967, -32.783866436894201 ] ], [ [ 20.358690099995702, -32.783866436895202 ], [ 20.358688799582399, -32.783867800222701 ] ], [ [ 20.358688799581401, -32.783867800223703 ], [ 20.358686325006801, -32.7838686657363 ] ], [ [ 20.358686325005799, -32.783868665737302 ], [ 20.358685268890198, -32.783868665616502 ] ], [ [ 20.3586852688892, -32.783868665617497 ], [ 20.3586717692646, -32.783867402777503 ] ], [ [ 20.358671769263701, -32.783867402778498 ], [ 20.358665219065202, -32.783866790030501 ] ], [ [ 20.3586652190642, -32.783866790031503 ], [ 20.358644000546199, -32.783864805114099 ] ], [ [ 20.358644000545201, -32.783864805115101 ], [ 20.3586430749214, -32.783864718525102 ] ], [ [ 20.358643074920401, -32.783864718526097 ], [ 20.358633047831901, -32.7838637805255 ] ], [ [ 20.358633047830899, -32.783863780526502 ], [ 20.3586227820281, -32.783862820194102 ] ], [ [ 20.358622782027101, -32.783862820195097 ], [ 20.358611247144701, -32.783861741143497 ] ], [ [ 20.358611247143699, -32.783861741144499 ], [ 20.358604963256401, -32.783861153305899 ] ], [ [ 20.358604963255399, -32.783861153306901 ], [ 20.358601563511101, -32.783860835270403 ] ], [ [ 20.358601563510099, -32.783860835271398 ], [ 20.358580344995001, -32.7838588503433 ] ], [ [ 20.358580344993999, -32.783858850344302 ], [ 20.3585646646535, -32.783857383493 ] ], [ [ 20.358564664652501, -32.783857383494002 ], [ 20.358559126479999, -32.783856865412503 ] ], [ [ 20.358559126479001, -32.783856865413497 ], [ 20.358551916967802, -32.783856190982597 ] ], [ [ 20.3585519169668, -32.783856190983599 ], [ 20.3585379079659, -32.783854880478103 ] ], [ [ 20.358537907964902, -32.783854880479097 ], [ 20.358516689452902, -32.7838528955402 ] ], [ [ 20.3585166894519, -32.783852895541202 ], [ 20.358495470940799, -32.783850910598602 ] ], [ [ 20.3584954709398, -32.783850910599597 ], [ 20.358474252429801, -32.783848925653501 ] ], [ [ 20.358474252428799, -32.783848925654503 ], [ 20.358453033919801, -32.783846940704798 ] ], [ [ 20.358453033918799, -32.7838469407058 ], [ 20.3584318154107, -32.7838449557525 ] ], [ [ 20.358431815409698, -32.783844955753501 ], [ 20.358410596902701, -32.783842970796698 ] ], [ [ 20.358410596901699, -32.7838429707977 ], [ 20.3583893783957, -32.783840985837202 ] ], [ [ 20.358389378394701, -32.783840985838197 ], [ 20.3583681598897, -32.783839000874202 ] ], [ [ 20.358368159888698, -32.783839000875197 ], [ 20.358346941384699, -32.783837015907601 ] ], [ [ 20.358346941383701, -32.783837015908603 ], [ 20.3583257228807, -32.783835030937396 ] ], [ [ 20.358325722879702, -32.783835030938398 ], [ 20.358304504377699, -32.783833045963597 ] ], [ [ 20.358304504376701, -32.783833045964599 ], [ 20.3582832858757, -32.783831060986202 ] ], [ [ 20.358283285874698, -32.783831060987197 ], [ 20.358262067374699, -32.783829076005297 ] ], [ [ 20.358262067373701, -32.783829076006299 ], [ 20.358240848874701, -32.783827091020797 ] ], [ [ 20.358240848873699, -32.783827091021799 ], [ 20.3582196303757, -32.783825106032602 ] ], [ [ 20.358219630374698, -32.783825106033603 ], [ 20.358198411877801, -32.783823121040903 ] ], [ [ 20.358198411876799, -32.783823121041898 ], [ 20.358177193380801, -32.783821136045702 ] ], [ [ 20.358177193379799, -32.783821136046697 ], [ 20.358155974884799, -32.783819151046799 ] ], [ [ 20.3581559748838, -32.783819151047801 ], [ 20.358134756389799, -32.7838171660444 ] ], [ [ 20.3581347563888, -32.783817166045402 ], [ 20.3581135378959, -32.7838151810383 ] ], [ [ 20.358113537894901, -32.783815181039301 ], [ 20.3580923194029, -32.783813196028703 ] ], [ [ 20.358092319401901, -32.783813196029698 ], [ 20.358081583045799, -32.783812191631199 ] ], [ [ 20.3580815830448, -32.783812191632201 ], [ 20.358071100911001, -32.783811211015497 ] ], [ [ 20.358071100909999, -32.783811211016499 ], [ 20.358056810292702, -32.783809874110403 ] ], [ [ 20.3580568102917, -32.783809874111398 ], [ 20.3580560333784, -32.783809745994901 ] ], [ [ 20.358056033377402, -32.783809745995903 ], [ 20.358055396623801, -32.783809552212603 ] ], [ [ 20.358055396622799, -32.783809552213597 ], [ 20.358055291922899, -32.783809511833901 ] ], [ [ 20.3580552919219, -32.783809511834903 ], [ 20.358050579514401, -32.7838076365042 ] ], [ [ 20.358050579513399, -32.783807636505202 ], [ 20.3580312671128, -32.783799951021898 ] ], [ [ 20.358031267111802, -32.7837999510229 ], [ 20.358031151420398, -32.7837999049814 ] ], [ [ 20.3580311514194, -32.783799904982402 ], [ 20.3580297438426, -32.7837993448275 ] ], [ [ 20.358029743841598, -32.783799344828502 ], [ 20.358027599115399, -32.783797655445298 ] ], [ [ 20.3580275991145, -32.7837976554463 ], [ 20.358027457518801, -32.783797424610498 ] ], [ [ 20.3580274575178, -32.7837974246115 ], [ 20.358027406419101, -32.783797331320201 ] ], [ [ 20.358027406418099, -32.783797331321203 ], [ 20.358027016780699, -32.783795227626399 ] ], [ [ 20.358027016779701, -32.783795227627401 ], [ 20.358027794392701, -32.783789296404997 ] ], [ [ 20.358027794391699, -32.783789296405999 ], [ 20.358027863595101, -32.783788756223302 ] ], [ [ 20.358027863594099, -32.783788756224297 ], [ 20.3580283156912, -32.783784245563602 ] ], [ [ 20.358028315690198, -32.783784245564597 ], [ 20.358028544967599, -32.783779722911198 ] ], [ [ 20.358028544966601, -32.7837797229122 ], [ 20.358028551026401, -32.783775196116601 ] ], [ [ 20.358028551025399, -32.783775196117602 ], [ 20.358028333857099, -32.783770673037701 ] ], [ [ 20.358028333856101, -32.783770673038703 ], [ 20.358027893836699, -32.783766161526003 ] ], [ [ 20.3580278938357, -32.783766161526998 ], [ 20.3580272317291, -32.783761669412797 ] ], [ [ 20.358027231728101, -32.783761669413799 ], [ 20.358026348683602, -32.783757204495899 ] ], [ [ 20.3580263486826, -32.783757204496901 ], [ 20.358025246233101, -32.783752774525603 ] ], [ [ 20.358025246232099, -32.783752774526597 ], [ 20.358023926291299, -32.7837483871918 ] ], [ [ 20.358023926290301, -32.783748387192801 ], [ 20.3580223911495, -32.7837440501103 ] ], [ [ 20.358022391148499, -32.783744050111302 ], [ 20.3580206434725, -32.783739770809603 ] ], [ [ 20.358020643471502, -32.783739770810598 ], [ 20.358018686293999, -32.783735556718 ] ], [ [ 20.358018686293001, -32.783735556719002 ], [ 20.358016523011599, -32.783731415150498 ] ], [ [ 20.358016523010601, -32.7837314151515 ], [ 20.3580141573802, -32.7837273532963 ] ], [ [ 20.358014157379198, -32.783727353297301 ], [ 20.3580115935065, -32.783723378206297 ] ], [ [ 20.358011593505498, -32.783723378207299 ], [ 20.358008835840799, -32.783719496780499 ] ], [ [ 20.358008835839801, -32.783719496781501 ], [ 20.358005889170201, -32.783715715756699 ] ], [ [ 20.358005889169199, -32.783715715757701 ], [ 20.3580027586097, -32.783712041698003 ] ], [ [ 20.358002758608698, -32.783712041698998 ], [ 20.358000425813501, -32.783709500037503 ] ], [ [ 20.358000425812499, -32.783709500038498 ], [ 20.3579994495935, -32.783708480982298 ] ], [ [ 20.357999449592501, -32.7837084809833 ], [ 20.357995967865602, -32.783705039790298 ] ], [ [ 20.3579959678646, -32.7837050397913 ], [ 20.357992319469801, -32.783701724095401 ] ], [ [ 20.357992319468799, -32.783701724096403 ], [ 20.357988510739201, -32.783698539653301 ] ], [ [ 20.357988510738199, -32.783698539654303 ], [ 20.357984548285199, -32.783695491991601 ] ], [ [ 20.3579845482842, -32.783695491992603 ], [ 20.3579804389861, -32.783692586400697 ] ], [ [ 20.357980438985098, -32.783692586401699 ], [ 20.357976189975101, -32.783689827924199 ] ], [ [ 20.357976189974099, -32.783689827925201 ], [ 20.357972779546198, -32.783687779237603 ] ], [ [ 20.3579727795452, -32.783687779238598 ], [ 20.357971808627799, -32.783687221350498 ] ], [ [ 20.3579718086268, -32.783687221351499 ], [ 20.3579673025496, -32.7836847712042 ] ], [ [ 20.357967302548602, -32.783684771205202 ], [ 20.357962679562501, -32.783682481738403 ] ], [ [ 20.357962679561499, -32.783682481739397 ], [ 20.357957947691201, -32.783680356927199 ] ], [ [ 20.357957947690199, -32.783680356928201 ], [ 20.357953115149702, -32.783678400459102 ] ], [ [ 20.3579531151487, -32.783678400460097 ], [ 20.3579481903265, -32.783676615730101 ] ], [ [ 20.357948190325502, -32.783676615731103 ], [ 20.357943181770299, -32.783675005838397 ] ], [ [ 20.357943181769301, -32.783675005839399 ], [ 20.357938098175399, -32.783673573578398 ] ], [ [ 20.357938098174401, -32.783673573579399 ], [ 20.357932948366098, -32.783672321436299 ] ], [ [ 20.3579329483651, -32.783672321437301 ], [ 20.357927741281699, -32.783671251585702 ] ], [ [ 20.3579277412808, -32.783671251586703 ], [ 20.357922485961002, -32.783670365883701 ] ], [ [ 20.35792248596, -32.783670365884703 ], [ 20.3579171915265, -32.783669665867698 ] ], [ [ 20.357917191525502, -32.7836696658687 ], [ 20.3579143148364, -32.7836693650654 ] ], [ [ 20.357914314835401, -32.783669365066402 ], [ 20.357895968779001, -32.783667623765098 ] ], [ [ 20.357895968777999, -32.7836676237661 ], [ 20.357874754094301, -32.783665610188102 ] ], [ [ 20.357874754093299, -32.783665610189097 ], [ 20.357853539410598, -32.783663596607603 ] ], [ [ 20.3578535394096, -32.783663596608598 ], [ 20.357832324727902, -32.783661583023402 ] ], [ [ 20.3578323247269, -32.783661583024397 ], [ 20.357812462386001, -32.783659697792899 ] ], [ [ 20.357812462384999, -32.783659697793901 ], [ 20.3578111061891, -32.783659572765799 ] ], [ [ 20.357811106188102, -32.783659572766801 ], [ 20.3578098083802, -32.783659460033903 ] ], [ [ 20.357809808379301, -32.783659460034897 ], [ 20.357807151071, -32.7836592502507 ] ], [ [ 20.357807151069998, -32.783659250251702 ], [ 20.357789832218799, -32.783657974964399 ] ], [ [ 20.357789832217801, -32.783657974965401 ], [ 20.3577685646903, -32.783656408911099 ] ], [ [ 20.357768564689302, -32.783656408912101 ], [ 20.357764412769601, -32.783656103180398 ] ], [ [ 20.357764412768599, -32.7836561031814 ], [ 20.357747297162501, -32.783654842854297 ] ], [ [ 20.357747297161499, -32.783654842855299 ], [ 20.3577260296356, -32.7836532767938 ] ], [ [ 20.357726029634598, -32.783653276794801 ], [ 20.357704762109499, -32.783651710729799 ] ], [ [ 20.357704762108501, -32.783651710730801 ], [ 20.357683494584201, -32.783650144662097 ] ], [ [ 20.357683494583199, -32.783650144663099 ], [ 20.3576697767258, -32.783649134524097 ] ], [ [ 20.357669776724801, -32.783649134525099 ], [ 20.357667533042001, -32.783648986001801 ] ], [ [ 20.357667533040999, -32.783648986002802 ], [ 20.3576645913225, -32.783648841712903 ] ], [ [ 20.357664591321502, -32.783648841713898 ], [ 20.357662180480698, -32.783648765987998 ] ], [ [ 20.3576621804797, -32.783648765989 ], [ 20.357656821715899, -32.783648734504197 ] ], [ [ 20.357656821714901, -32.783648734505199 ], [ 20.3576514660496, -32.783648891604798 ] ], [ [ 20.357651466048601, -32.7836488916058 ], [ 20.357646122778501, -32.7836492370173 ] ], [ [ 20.357646122777499, -32.783649237018302 ], [ 20.357640801177698, -32.783649770141999 ] ], [ [ 20.3576408011767, -32.783649770143001 ], [ 20.357635510484702, -32.783650490053503 ] ], [ [ 20.3576355104837, -32.783650490054498 ], [ 20.3576302598834, -32.783651395502098 ] ], [ [ 20.357630259882399, -32.783651395503099 ], [ 20.3576250584881, -32.783652484916203 ] ], [ [ 20.357625058487098, -32.783652484917198 ], [ 20.3576199153276, -32.783653756404597 ] ], [ [ 20.357619915326602, -32.783653756405599 ], [ 20.357614839329699, -32.783655207760297 ] ], [ [ 20.357614839328701, -32.783655207761299 ], [ 20.357609839305599, -32.783656836463798 ] ], [ [ 20.357609839304601, -32.7836568364648 ], [ 20.357604923934598, -32.783658639688099 ] ], [ [ 20.3576049239336, -32.783658639689101 ], [ 20.3576001017491, -32.783660614302903 ] ], [ [ 20.357600101748101, -32.783660614303898 ], [ 20.3575953811198, -32.783662756880602 ] ], [ [ 20.357595381118799, -32.783662756881597 ], [ 20.357590770240801, -32.783665063702003 ] ], [ [ 20.357590770239799, -32.783665063702998 ], [ 20.357586277116202, -32.783667530762898 ] ], [ [ 20.3575862771152, -32.7836675307639 ], [ 20.3575819095452, -32.783670153780697 ] ], [ [ 20.357581909544201, -32.783670153781699 ], [ 20.357577675109301, -32.783672928202201 ] ], [ [ 20.357577675108299, -32.783672928203202 ], [ 20.357574736794401, -32.783674999469497 ] ], [ [ 20.357574736793399, -32.783674999470499 ], [ 20.357573581159102, -32.783675849211598 ] ], [ [ 20.3575735811581, -32.783675849212599 ], [ 20.3575705767188, -32.783678157267602 ] ], [ [ 20.357570576717801, -32.783678157268596 ], [ 20.3575696348009, -32.783678911738299 ] ], [ [ 20.357569634799901, -32.783678911739301 ], [ 20.357565842884998, -32.783682110466202 ] ], [ [ 20.357565842884, -32.783682110467197 ], [ 20.357562211993798, -32.783685439842799 ] ], [ [ 20.3575622119928, -32.783685439843801 ], [ 20.357558748429899, -32.783688894088797 ] ], [ [ 20.3575587484289, -32.783688894089799 ], [ 20.357555458205699, -32.783692467207999 ] ], [ [ 20.3575554582047, -32.783692467209001 ], [ 20.357552347032399, -32.783696152998203 ] ], [ [ 20.357552347031401, -32.783696152999198 ], [ 20.357549420310701, -32.783699945061301 ] ], [ [ 20.357549420309699, -32.783699945062303 ], [ 20.357546683120901, -32.783703836814702 ] ], [ [ 20.357546683119899, -32.783703836815697 ], [ 20.357544140214401, -32.7837078215031 ] ], [ [ 20.357544140213399, -32.783707821504102 ], [ 20.357541796005499, -32.783711892209404 ] ], [ [ 20.357541796004501, -32.783711892210398 ], [ 20.357539654563201, -32.783716041867699 ] ], [ [ 20.357539654562199, -32.783716041868701 ], [ 20.357537719604998, -32.783720263274603 ] ], [ [ 20.357537719604, -32.783720263275598 ], [ 20.357535994489599, -32.783724549102303 ] ], [ [ 20.3575359944886, -32.783724549103297 ], [ 20.357534482211602, -32.783728891911402 ] ], [ [ 20.3575344822106, -32.783728891912403 ], [ 20.3575331853962, -32.783733284163297 ] ], [ [ 20.357533185395202, -32.783733284164299 ], [ 20.3575321062944, -32.783737718233603 ] ], [ [ 20.357532106293402, -32.783737718234597 ], [ 20.357531246779502, -32.783742186425499 ] ], [ [ 20.3575312467785, -32.783742186426601 ], [ 20.357530608343499, -32.783746680982802 ] ], [ [ 20.3575306083425, -32.783746680983803 ], [ 20.357530240952698, -32.783750508012702 ] ], [ [ 20.3575302409517, -32.783750508013703 ], [ 20.357529329631198, -32.783762663679298 ] ], [ [ 20.3575293296302, -32.783762663680299 ], [ 20.357529177783199, -32.7837646891034 ] ], [ [ 20.357529177782201, -32.783764689104501 ], [ 20.357528689726401, -32.783771199050697 ] ] ] } },
{ "type": "Feature", "properties": { "name": "Block Reference [7941]:3" }, "geometry": { "type": "MultiLineString", "coordinates": [ [ [ 20.357584140203699, -32.783441541248401 ], [ 20.3575781796408, -32.783457946961398 ] ], [ [ 20.357578179639798, -32.7834579469624 ], [ 20.357577888924101, -32.783458758776398 ] ], [ [ 20.3575778889231, -32.7834587587774 ], [ 20.357576510579801, -32.783462984081901 ] ], [ [ 20.357576510578799, -32.783462984082902 ], [ 20.357575341786902, -32.783467254219602 ] ], [ [ 20.3575753417859, -32.783467254220596 ], [ 20.357574384574299, -32.783471561777198 ] ], [ [ 20.357574384573301, -32.7834715617782 ], [ 20.3575736406037, -32.783475899277398 ] ], [ [ 20.357573640602698, -32.7834758992785 ], [ 20.357573501204801, -32.783476889914802 ] ], [ [ 20.357573501203799, -32.783476889915796 ], [ 20.357573111166399, -32.783480259191002 ] ], [ [ 20.357573111165401, -32.783480259191997 ], [ 20.3575727971816, -32.783484633949598 ] ], [ [ 20.357572797180602, -32.7834846339506 ], [ 20.3575726991943, -32.783489015959297 ] ], [ [ 20.357572699193302, -32.783489015960299 ], [ 20.357572817374599, -32.783493397613697 ] ], [ [ 20.357572817373601, -32.783493397614698 ], [ 20.357573151517499, -32.7834977713066 ] ], [ [ 20.357573151516501, -32.783497771307601 ], [ 20.357573701042899, -32.783502129446099 ] ], [ [ 20.3575737010419, -32.783502129447101 ], [ 20.357574464996901, -32.783506464467003 ] ], [ [ 20.357574464995899, -32.783506464467997 ], [ 20.357575442053498, -32.783510768844302 ] ], [ [ 20.3575754420525, -32.783510768845296 ], [ 20.3575766305168, -32.783515035106198 ] ], [ [ 20.357576630515801, -32.7835150351072 ], [ 20.357578028323498, -32.783519255847096 ] ], [ [ 20.3575780283225, -32.783519255848098 ], [ 20.3575796330476, -32.783523423740299 ] ], [ [ 20.357579633046601, -32.7835234237413 ], [ 20.357581441903299, -32.783527531550902 ] ], [ [ 20.357581441902301, -32.783527531551897 ], [ 20.357583451750699, -32.783531572148497 ] ], [ [ 20.357583451749701, -32.783531572149499 ], [ 20.357585659101201, -32.783535538518898 ] ], [ [ 20.357585659100199, -32.783535538519899 ], [ 20.357588060123, -32.783539423777299 ] ], [ [ 20.357588060122001, -32.783539423778301 ], [ 20.357590650648401, -32.783543221179201 ] ], [ [ 20.357590650647399, -32.783543221180203 ], [ 20.3575934261805, -32.783546924132999 ] ], [ [ 20.357593426179498, -32.783546924134001 ], [ 20.357593990293498, -32.783547636825197 ] ], [ [ 20.3575939902925, -32.783547636826199 ], [ 20.357596381901502, -32.783550526210803 ] ], [ [ 20.3575963819005, -32.783550526211798 ], [ 20.357599512680601, -32.783554021159901 ] ], [ [ 20.357599512679599, -32.783554021160903 ], [ 20.3576028130833, -32.783557402913502 ] ], [ [ 20.357602813082298, -32.783557402914496 ], [ 20.357606277380501, -32.783560665601399 ] ], [ [ 20.357606277379499, -32.783560665602401 ], [ 20.3576098995586, -32.7835638035599 ] ], [ [ 20.357609899557598, -32.783563803560902 ], [ 20.357613673330199, -32.783566811342098 ] ], [ [ 20.357613673329201, -32.7835668113431 ], [ 20.3576175921445, -32.783569683726803 ] ], [ [ 20.357617592143502, -32.783569683727798 ], [ 20.357621649198801, -32.783572415728003 ] ], [ [ 20.357621649197799, -32.783572415728997 ], [ 20.3576258374509, -32.7835750026032 ] ], [ [ 20.357625837449898, -32.783575002604202 ], [ 20.357630149630399, -32.783577439862 ] ], [ [ 20.357630149629401, -32.783577439863002 ], [ 20.357634578251901, -32.783579723273697 ] ], [ [ 20.357634578250899, -32.783579723274698 ], [ 20.3576391156281, -32.783581848874597 ] ], [ [ 20.357639115627101, -32.783581848875599 ], [ 20.357643753882499, -32.783583812974797 ] ], [ [ 20.357643753881501, -32.783583812975799 ], [ 20.357648484963999, -32.783585612164998 ] ], [ [ 20.357648484963001, -32.783585612166 ], [ 20.357653300659798, -32.783587243322003 ] ], [ [ 20.3576533006588, -32.783587243322998 ], [ 20.3576581926107, -32.783588703614399 ] ], [ [ 20.357658192609801, -32.783588703615401 ], [ 20.3576631523249, -32.783589990507302 ] ], [ [ 20.357663152323902, -32.783589990508297 ], [ 20.357668171193001, -32.783591101766703 ] ], [ [ 20.357668171192, -32.783591101767698 ], [ 20.357673240502901, -32.783592035463798 ] ], [ [ 20.357673240501899, -32.7835920354648 ], [ 20.357678351454901, -32.783592789977803 ] ], [ [ 20.357678351453899, -32.783592789978798 ], [ 20.357683495177099, -32.783593363998797 ] ], [ [ 20.357683495176101, -32.783593363999799 ], [ 20.3576865143262, -32.783593615597802 ] ], [ [ 20.357686514325199, -32.783593615598797 ], [ 20.3576940398309, -32.783594164631097 ] ], [ [ 20.357694039829902, -32.783594164632099 ], [ 20.357695250060001, -32.783594252924999 ] ], [ [ 20.357695250058999, -32.783594252926001 ], [ 20.3577153088182, -32.7835957163364 ] ], [ [ 20.357715308817198, -32.783595716337402 ], [ 20.3577365778063, -32.7835972680381 ] ], [ [ 20.357736577805301, -32.783597268039102 ], [ 20.357757846795302, -32.783598819736099 ] ], [ [ 20.3577578467943, -32.783598819737101 ], [ 20.357779115785, -32.783600371430502 ] ], [ [ 20.357779115783998, -32.783600371431497 ], [ 20.357800384775501, -32.783601923121402 ] ], [ [ 20.357800384774499, -32.783601923122397 ], [ 20.3578149694792, -32.783602987154303 ] ], [ [ 20.357814969478198, -32.783602987155298 ], [ 20.357816358907598, -32.783603092321599 ] ], [ [ 20.3578163589066, -32.783603092322601 ], [ 20.357817750005999, -32.783603205240098 ] ], [ [ 20.357817750005001, -32.7836032052411 ], [ 20.357820526981001, -32.7836034535271 ] ], [ [ 20.357820526979999, -32.783603453528102 ], [ 20.357821286838199, -32.783603525643699 ] ], [ [ 20.357821286837201, -32.7836035256447 ], [ 20.357821735095499, -32.783603568186997 ] ], [ [ 20.3578217350945, -32.783603568187999 ], [ 20.357842949782899, -32.783605581631498 ] ], [ [ 20.357842949781901, -32.7836055816325 ], [ 20.357864164471401, -32.783607595072397 ] ], [ [ 20.357864164470399, -32.783607595073398 ], [ 20.357885379160798, -32.7836096085097 ] ], [ [ 20.3578853791598, -32.783609608510702 ], [ 20.3579065938513, -32.7836116219435 ] ], [ [ 20.357906593850299, -32.783611621944502 ], [ 20.357921333792401, -32.7836130208726 ] ], [ [ 20.357921333791399, -32.783613020873602 ], [ 20.3579224729123, -32.783613124503397 ] ], [ [ 20.357922472911302, -32.783613124504399 ], [ 20.357927643958298, -32.783613482834298 ] ], [ [ 20.3579276439573, -32.7836134828353 ], [ 20.357932828186001, -32.7836136589017 ] ], [ [ 20.357932828185, -32.783613658902702 ], [ 20.357938016596201, -32.7836136524 ] ], [ [ 20.357938016595199, -32.783613652401002 ], [ 20.357943200182699, -32.783613463340401 ] ], [ [ 20.357943200181701, -32.783613463341403 ], [ 20.357948369947401, -32.783613092051098 ] ], [ [ 20.357948369946399, -32.7836130920521 ], [ 20.357953516916201, -32.783612539176701 ] ], [ [ 20.357953516915199, -32.783612539177703 ], [ 20.357958632154801, -32.783611805676799 ] ], [ [ 20.3579586321538, -32.783611805677801 ], [ 20.3579637067837, -32.783610892824797 ] ], [ [ 20.357963706782702, -32.783610892825799 ], [ 20.357968731994099, -32.783609802205198 ] ], [ [ 20.3579687319931, -32.7836098022062 ], [ 20.357973699062899, -32.783608535711103 ] ], [ [ 20.357973699061901, -32.783608535712098 ], [ 20.3579785993679, -32.783607095541001 ] ], [ [ 20.357978599366898, -32.783607095542003 ], [ 20.357983424402899, -32.783605484195 ] ], [ [ 20.357983424401901, -32.783605484196002 ], [ 20.3579861193579, -32.783604497161697 ] ], [ [ 20.357986119356902, -32.783604497162699 ], [ 20.3579881657922, -32.783603704469897 ] ], [ [ 20.357988165791198, -32.783603704470899 ], [ 20.357992815305501, -32.783601759455401 ] ], [ [ 20.357992815304499, -32.783601759456403 ], [ 20.3579973648718, -32.7835996525274 ] ], [ [ 20.357997364870801, -32.783599652528501 ], [ 20.358001806593599, -32.783597387343598 ] ], [ [ 20.358001806592601, -32.783597387344599 ], [ 20.358006132760899, -32.783594967835803 ] ], [ [ 20.3580061327599, -32.783594967836798 ], [ 20.358010335863899, -32.7835923982041 ] ], [ [ 20.3580103358629, -32.783592398205101 ], [ 20.358012975606499, -32.783590664945898 ] ], [ [ 20.358012975605501, -32.7835906649469 ], [ 20.3580144086066, -32.783589682908897 ] ], [ [ 20.358014408605602, -32.783589682909898 ], [ 20.358018343919301, -32.783586826663701 ] ], [ [ 20.3580183439183, -32.783586826664703 ], [ 20.358021820303001, -32.783584092459797 ] ], [ [ 20.358021820302, -32.783584092460799 ], [ 20.358022134970799, -32.783583834426501 ] ], [ [ 20.358022134969801, -32.783583834427503 ], [ 20.358025775180501, -32.783580711391501 ] ], [ [ 20.358025775179499, -32.783580711392503 ], [ 20.358029258229401, -32.7835774629797 ] ], [ [ 20.358029258228399, -32.783577462980702 ], [ 20.358032578071501, -32.783574094830001 ] ], [ [ 20.3580325780705, -32.783574094831003 ], [ 20.358035728943801, -32.783570612789099 ] ], [ [ 20.358035728942799, -32.783570612790101 ], [ 20.358038705377101, -32.783567022901202 ] ], [ [ 20.358038705376099, -32.783567022902197 ], [ 20.358041502204699, -32.783563331398 ] ], [ [ 20.358041502203701, -32.783563331399002 ], [ 20.358044114571499, -32.7835595446873 ] ], [ [ 20.3580441145705, -32.783559544688302 ], [ 20.3580465379431, -32.783555669342498 ] ], [ [ 20.358046537942101, -32.7835556693435 ], [ 20.358048768112599, -32.7835517120905 ] ], [ [ 20.358048768111601, -32.783551712091501 ], [ 20.358050801209, -32.783547679800698 ] ], [ [ 20.358050801208002, -32.7835476798017 ], [ 20.358052633703, -32.7835435794725 ] ], [ [ 20.358052633702101, -32.783543579473502 ], [ 20.358054262413798, -32.783539418223498 ] ], [ [ 20.3580542624128, -32.7835394182245 ], [ 20.358055684514099, -32.783535203276998 ] ], [ [ 20.358055684513101, -32.783535203277999 ], [ 20.358056897535398, -32.783530941949699 ] ], [ [ 20.3580568975344, -32.783530941950701 ], [ 20.358057899372, -32.783526641638602 ] ], [ [ 20.358057899371001, -32.783526641639597 ], [ 20.358058688285102, -32.783522309808497 ] ], [ [ 20.3580586882841, -32.783522309809499 ], [ 20.358059007929199, -32.783520092833101 ] ], [ [ 20.358059007928201, -32.783520092834102 ], [ 20.358059869184501, -32.7835135405236 ] ], [ [ 20.358059869183499, -32.783513540524602 ], [ 20.358059892687798, -32.783513372501602 ] ], [ [ 20.3580598926868, -32.783513372502597 ], [ 20.3580624697668, -32.783507836436897 ] ], [ [ 20.358062469765802, -32.783507836437899 ], [ 20.3580651212101, -32.783505481087097 ] ], [ [ 20.358065121209101, -32.783505481088099 ], [ 20.358067873363002, -32.783504021758297 ] ], [ [ 20.358067873362, -32.783504021759299 ], [ 20.358074780487801, -32.783502862431902 ] ], [ [ 20.358074780486799, -32.783502862432897 ], [ 20.358075580939499, -32.783502918054602 ] ], [ [ 20.3580755809385, -32.783502918055603 ], [ 20.358090895968701, -32.783504350790203 ] ], [ [ 20.358090895967699, -32.783504350791198 ], [ 20.358112114389598, -32.783506335790598 ] ], [ [ 20.3581121143886, -32.7835063357916 ], [ 20.358133332811398, -32.783508320787398 ] ], [ [ 20.3581333328104, -32.7835083207884 ], [ 20.3581545512343, -32.783510305780702 ] ], [ [ 20.358154551233302, -32.783510305781697 ], [ 20.3581757696581, -32.783512290770297 ] ], [ [ 20.358175769657102, -32.783512290771299 ], [ 20.358196988083002, -32.783514275756403 ] ], [ [ 20.358196988082, -32.783514275757398 ], [ 20.358218206508901, -32.783516260738899 ] ], [ [ 20.3582182065079, -32.783516260739901 ], [ 20.3582394249358, -32.783518245717801 ] ], [ [ 20.358239424934801, -32.783518245718803 ], [ 20.3582606433636, -32.7835202306931 ] ], [ [ 20.358260643362598, -32.783520230694101 ], [ 20.358281861792499, -32.783522215664902 ] ], [ [ 20.3582818617915, -32.783522215665897 ], [ 20.358303080222399, -32.783524200633003 ] ], [ [ 20.3583030802214, -32.783524200633998 ], [ 20.358324298653301, -32.783526185597601 ] ], [ [ 20.358324298652299, -32.783526185598603 ], [ 20.358345517085201, -32.783528170558597 ] ], [ [ 20.358345517084199, -32.783528170559599 ], [ 20.3583667355181, -32.783530155515997 ] ], [ [ 20.358366735517102, -32.783530155516999 ], [ 20.358387953952001, -32.783532140469802 ] ], [ [ 20.358387953950999, -32.783532140470797 ], [ 20.358409172386899, -32.783534125419997 ] ], [ [ 20.358409172385901, -32.783534125420999 ], [ 20.3584303908228, -32.783536110366697 ] ], [ [ 20.358430390821798, -32.783536110367699 ], [ 20.358451609259799, -32.783538095309702 ] ], [ [ 20.3584516092588, -32.783538095310703 ], [ 20.3584728276977, -32.783540080249203 ] ], [ [ 20.358472827696701, -32.783540080250198 ], [ 20.358494046136599, -32.783542065185102 ] ], [ [ 20.358494046135601, -32.783542065186097 ], [ 20.3585152645765, -32.783544050117399 ] ], [ [ 20.358515264575601, -32.7835440501185 ], [ 20.358536483017499, -32.7835460350462 ] ], [ [ 20.358536483016501, -32.783546035047202 ], [ 20.3585577014594, -32.783548019971299 ] ], [ [ 20.358557701458398, -32.783548019972301 ], [ 20.358578919902399, -32.783550004892902 ] ], [ [ 20.358578919901401, -32.783550004893897 ], [ 20.358598685293099, -32.7835518538825 ] ], [ [ 20.358598685292101, -32.783551853883502 ], [ 20.358600138346301, -32.783551989810903 ] ], [ [ 20.358600138345299, -32.783551989811897 ], [ 20.3586213567913, -32.783553974725301 ] ], [ [ 20.358621356790302, -32.783553974726303 ], [ 20.358642575237202, -32.783555959636097 ] ], [ [ 20.3586425752362, -32.783555959637098 ], [ 20.358654060836599, -32.783557034071897 ] ], [ [ 20.358654060835601, -32.783557034072899 ], [ 20.358663793684201, -32.783557944543404 ] ], [ [ 20.358663793683199, -32.783557944544398 ], [ 20.358685012132199, -32.783559929447001 ] ], [ [ 20.3586850121312, -32.783559929448003 ], [ 20.358706230581099, -32.783561914347104 ] ], [ [ 20.358706230580101, -32.783561914348098 ], [ 20.358725251147099, -32.783563693641 ] ], [ [ 20.358725251146101, -32.783563693642002 ], [ 20.3587287275287, -32.783564658521101 ] ], [ [ 20.358728727527701, -32.783564658522103 ], [ 20.3587312159429, -32.783566465856097 ] ], [ [ 20.358731215942001, -32.783566465857099 ], [ 20.358733157673498, -32.783570815090997 ] ], [ [ 20.3587331576725, -32.783570815091998 ], [ 20.358733113103199, -32.7835719889556 ] ], [ [ 20.3587331131022, -32.783571988956602 ], [ 20.358731442649699, -32.783584730681298 ] ], [ [ 20.3587314426487, -32.7835847306823 ], [ 20.3587290928219, -32.7836026544676 ] ], [ [ 20.358729092820901, -32.783602654468602 ], [ 20.358726742992999, -32.783620578253696 ] ], [ [ 20.358726742992001, -32.783620578254698 ], [ 20.3587245540811, -32.783637274607003 ] ], [ [ 20.358724554080101, -32.783637274607997 ], [ 20.3587243931632, -32.7836385020398 ] ], [ [ 20.358724393162198, -32.783638502040802 ], [ 20.3587220433323, -32.783656425825697 ] ], [ [ 20.358722043331301, -32.783656425826699 ], [ 20.3587196935005, -32.783674349611601 ] ], [ [ 20.358719693499499, -32.783674349612603 ], [ 20.3587173436676, -32.7836922733973 ] ], [ [ 20.358717343666601, -32.783692273398302 ], [ 20.358714993833701, -32.783710197182899 ] ], [ [ 20.358714993832699, -32.7837101971839 ], [ 20.3587126439988, -32.783728120968398 ] ], [ [ 20.358712643997801, -32.7837281209694 ], [ 20.358710294162901, -32.783746044753798 ] ], [ [ 20.358710294161899, -32.7837460447548 ], [ 20.358707944326099, -32.783763968539198 ] ], [ [ 20.358707944325101, -32.7837639685402 ], [ 20.3587055944882, -32.783781892324299 ] ], [ [ 20.358705594487201, -32.783781892325401 ], [ 20.358703244649298, -32.7837998161095 ] ], [ [ 20.3587032446483, -32.783799816110502 ], [ 20.358700894809399, -32.783817739894403 ] ], [ [ 20.358700894808401, -32.783817739895397 ], [ 20.358698544968501, -32.783835663679298 ] ], [ [ 20.358698544967499, -32.7838356636803 ], [ 20.358696195126601, -32.783853587464101 ] ], [ [ 20.358696195125599, -32.783853587465103 ], [ 20.358695745606401, -32.783857016248298 ] ], [ [ 20.358695745605399, -32.7838570162493 ], [ 20.358695512918199, -32.783858791112998 ] ], [ [ 20.358023671455701, -32.783798742895399 ], [ 20.358022949904299, -32.783794847165403 ] ], [ [ 20.358022949903301, -32.783794847166398 ], [ 20.3580237275165, -32.783788915944001 ] ], [ [ 20.358023727515501, -32.783788915945003 ], [ 20.3580237945175, -32.783788392946498 ] ], [ [ 20.358023794516502, -32.7837883929475 ], [ 20.358024232231699, -32.783784025779497 ] ], [ [ 20.358024232230701, -32.783784025780498 ], [ 20.3580244542146, -32.783779647001197 ] ], [ [ 20.358024454213599, -32.783779647002198 ], [ 20.358024460080902, -32.783775264212501 ] ], [ [ 20.3580244600799, -32.783775264213503 ], [ 20.358024249820399, -32.783770885021298 ] ], [ [ 20.358024249819401, -32.7837708850223 ], [ 20.358023823798099, -32.783766517029299 ] ], [ [ 20.358023823797101, -32.783766517030301 ], [ 20.358023182753499, -32.7837621678188 ] ], [ [ 20.3580231827525, -32.783762167819802 ], [ 20.358022327799599, -32.783757844939302 ] ], [ [ 20.358022327798601, -32.783757844940297 ], [ 20.358021260420301, -32.783753555894698 ] ], [ [ 20.358021260419299, -32.7837535558957 ], [ 20.358019982468502, -32.783749308130197 ] ], [ [ 20.3580199824675, -32.783749308131199 ], [ 20.3580184961626, -32.783745109019399 ] ], [ [ 20.358018496161598, -32.783745109020401 ], [ 20.358016804082698, -32.783740965851301 ] ], [ [ 20.3580168040817, -32.783740965852303 ], [ 20.358014909165998, -32.783736885817902 ] ], [ [ 20.358014909165, -32.783736885818897 ], [ 20.358012814701699, -32.783732876001402 ] ], [ [ 20.3580128147007, -32.783732876002396 ], [ 20.358010524325699, -32.783728943362497 ] ], [ [ 20.358010524324701, -32.783728943363499 ], [ 20.3580080420138, -32.783725094727501 ] ], [ [ 20.358008042012798, -32.783725094728503 ], [ 20.3580053720748, -32.783721336777099 ] ], [ [ 20.358005372073801, -32.7837213367781 ], [ 20.358002519143401, -32.783717676034698 ] ], [ [ 20.358002519142399, -32.7837176760357 ], [ 20.357999488172101, -32.783714118854803 ] ], [ [ 20.3579994881711, -32.783714118855798 ], [ 20.357997229586498, -32.783711658049299 ] ], [ [ 20.3579972295855, -32.783711658050301 ], [ 20.357996284422001, -32.783710671412102 ] ], [ [ 20.357996284420999, -32.783710671413097 ], [ 20.357992913454499, -32.7837073396908 ] ], [ [ 20.357992913453501, -32.783707339691802 ], [ 20.357989381121001, -32.783704129474401 ] ], [ [ 20.357989381119999, -32.783704129475403 ], [ 20.357985693553399, -32.783701046335302 ] ], [ [ 20.357985693552401, -32.783701046336297 ], [ 20.357981857152499, -32.783698095625397 ] ], [ [ 20.357981857151501, -32.783698095626399 ], [ 20.357977878578001, -32.783695282466802 ] ], [ [ 20.357977878577, -32.783695282467797 ], [ 20.357973764735998, -32.783692611742602 ] ], [ [ 20.357973764735, -32.783692611743597 ], [ 20.357970462799202, -32.783690628228499 ] ], [ [ 20.3579704627982, -32.7836906282295 ], [ 20.357969522767601, -32.783690088088797 ] ], [ [ 20.357969522766599, -32.783690088089799 ], [ 20.357965160036201, -32.783687715886202 ] ], [ [ 20.357965160035199, -32.783687715887197 ], [ 20.3579606841149, -32.783685499252499 ] ], [ [ 20.357960684113898, -32.7836854992536 ], [ 20.357956102773301, -32.783683442035603 ] ], [ [ 20.357956102772299, -32.783683442036597 ], [ 20.3579514239639, -32.783681547806303 ] ], [ [ 20.357951423962898, -32.783681547807298 ], [ 20.357946655808501, -32.7836798198529 ] ], [ [ 20.357946655807499, -32.783679819853901 ], [ 20.357941806583899, -32.783678261174799 ] ], [ [ 20.3579418065829, -32.783678261175801 ], [ 20.357936884707598, -32.783676874477699 ] ], [ [ 20.3579368847066, -32.783676874478701 ], [ 20.357931898723301, -32.783675662168598 ] ], [ [ 20.357931898722299, -32.7836756621696 ], [ 20.357926857285999, -32.783674626351903 ] ], [ [ 20.357926857285001, -32.783674626352898 ], [ 20.357921769146799, -32.7836737688257 ] ], [ [ 20.357921769145801, -32.783673768826702 ], [ 20.357916643138001, -32.783673091078498 ] ], [ [ 20.357916643136999, -32.7836730910795 ], [ 20.357913857960799, -32.783672799845299 ] ], [ [ 20.357913857959801, -32.7836727998463 ], [ 20.357895511902601, -32.783671058544897 ] ], [ [ 20.357895511901599, -32.783671058545899 ], [ 20.357874297217101, -32.783669044967901 ] ], [ [ 20.3578742972161, -32.783669044968903 ], [ 20.357853082532699, -32.783667031387203 ] ], [ [ 20.357853082531701, -32.783667031388198 ], [ 20.3578318678492, -32.783665017803003 ] ], [ [ 20.357831867848201, -32.783665017803997 ], [ 20.357812005506499, -32.7836631325724 ] ], [ [ 20.357812005505501, -32.783663132573402 ], [ 20.3578106752385, -32.783663009935701 ] ], [ [ 20.357810675237499, -32.783663009936703 ], [ 20.3578094022422, -32.783662899359101 ] ], [ [ 20.357809402241202, -32.783662899360102 ], [ 20.357806795737599, -32.783662693586599 ] ], [ [ 20.3578067957366, -32.783662693587601 ], [ 20.3577894768848, -32.783661418300298 ] ], [ [ 20.357789476883799, -32.7836614183013 ], [ 20.357768209355498, -32.783659852246998 ] ], [ [ 20.3577682093545, -32.783659852248 ], [ 20.357764057434601, -32.783659546516198 ] ], [ [ 20.357764057433599, -32.7836595465172 ], [ 20.3577469418269, -32.783658286190096 ] ], [ [ 20.357746941825901, -32.783658286191098 ], [ 20.3577256742992, -32.7836567201295 ] ], [ [ 20.357725674298202, -32.783656720130502 ], [ 20.3577044067722, -32.7836551540654 ] ], [ [ 20.357704406771202, -32.783655154066402 ], [ 20.357683139246099, -32.783653587997698 ] ], [ [ 20.357683139245101, -32.7836535879987 ], [ 20.3576694213872, -32.783652577859598 ] ], [ [ 20.357669421386198, -32.7836525778607 ], [ 20.3576672490791, -32.783652434062098 ] ], [ [ 20.357667249078101, -32.7836524340631 ], [ 20.3576644009412, -32.7836522943633 ] ], [ [ 20.357664400940202, -32.783652294364302 ], [ 20.357662066792699, -32.783652221047397 ] ], [ [ 20.3576620667918, -32.783652221048399 ], [ 20.357656878500201, -32.7836521905651 ] ], [ [ 20.357656878499199, -32.783652190566102 ], [ 20.3576516932076, -32.783652342667999 ] ], [ [ 20.357651693206599, -32.783652342669001 ], [ 20.3576465199159, -32.783652677092299 ] ], [ [ 20.357646519914901, -32.783652677093301 ], [ 20.357641367605002, -32.783653193257301 ] ], [ [ 20.357641367604, -32.783653193258303 ], [ 20.357636245218799, -32.783653890267097 ] ], [ [ 20.357636245217801, -32.783653890268099 ], [ 20.3576311616489, -32.783654766911802 ] ], [ [ 20.357631161647902, -32.783654766912797 ], [ 20.357626125719602, -32.783655821669498 ] ], [ [ 20.3576261257186, -32.7836558216705 ], [ 20.357621146172601, -32.783657052709501 ] ], [ [ 20.357621146171599, -32.783657052710502 ], [ 20.357616231651601, -32.783658457894902 ] ], [ [ 20.357616231650599, -32.783658457895903 ], [ 20.357611390687602, -32.783660034786301 ] ], [ [ 20.3576113906866, -32.783660034787303 ], [ 20.357606631683801, -32.783661780646597 ] ], [ [ 20.357606631682799, -32.783661780647599 ], [ 20.357601962901001, -32.783663692445302 ] ], [ [ 20.357601962899999, -32.783663692446297 ], [ 20.357597392443701, -32.783665766863599 ] ], [ [ 20.357597392442699, -32.783665766864601 ], [ 20.357592928245399, -32.7836680003008 ] ], [ [ 20.357592928244401, -32.783668000301802 ], [ 20.357588578055498, -32.783670388879798 ] ], [ [ 20.3575885780545, -32.7836703888808 ], [ 20.3575843494251, -32.7836729284545 ] ], [ [ 20.357584349424101, -32.783672928455601 ], [ 20.3575802496946, -32.783675614616598 ] ], [ [ 20.357580249693601, -32.7836756146176 ], [ 20.357577404853, -32.783677619993 ] ], [ [ 20.357577404852002, -32.783677619994002 ], [ 20.357576285980599, -32.783678442703199 ] ], [ [ 20.357576285979601, -32.783678442704201 ], [ 20.357573377117198, -32.783680677335703 ] ], [ [ 20.3575733771162, -32.783680677336697 ], [ 20.3575724651635, -32.783681407805197 ] ], [ [ 20.357572465162502, -32.783681407806199 ], [ 20.3575687938757, -32.7836845047756 ] ], [ [ 20.357568793874702, -32.783684504776602 ], [ 20.35756527849, -32.783687728238498 ] ], [ [ 20.357565278489002, -32.783687728239499 ], [ 20.357561925108701, -32.783691072598501 ] ], [ [ 20.357561925107699, -32.783691072599503 ], [ 20.357558739552701, -32.783694532050198 ] ], [ [ 20.357558739551699, -32.7836945320512 ], [ 20.357555727351802, -32.783698100588502 ] ], [ [ 20.3575557273508, -32.783698100589497 ], [ 20.357552893734699, -32.783701772018901 ] ], [ [ 20.3575528937337, -32.783701772019903 ], [ 20.357550243620199, -32.783705539968402 ] ], [ [ 20.357550243619201, -32.783705539969397 ], [ 20.357547781608499, -32.783709397896303 ] ], [ [ 20.357547781607501, -32.783709397897297 ], [ 20.357545511973399, -32.783713339105901 ] ], [ [ 20.3575455119724, -32.783713339106903 ], [ 20.357543438654702, -32.783717356755702 ] ], [ [ 20.3575434386537, -32.783717356756704 ], [ 20.3575415652512, -32.783721443871698 ] ], [ [ 20.357541565250202, -32.7837214438727 ], [ 20.357539895015201, -32.7837255933592 ] ], [ [ 20.357539895014199, -32.783725593360202 ], [ 20.3575384308458, -32.783729798015401 ] ], [ [ 20.357538430844802, -32.783729798016402 ], [ 20.357537175284701, -32.783734050541398 ] ], [ [ 20.357537175283699, -32.7837340505424 ], [ 20.357536130511399, -32.783738343555697 ] ], [ [ 20.3575361305104, -32.783738343556699 ], [ 20.357535298339499, -32.783742669605999 ] ], [ [ 20.357535298338501, -32.783742669607001 ], [ 20.357534680213501, -32.783747021182897 ] ], [ [ 20.357534680212499, -32.783747021183899 ], [ 20.357534324510301, -32.783750726467701 ] ], [ [ 20.357534324509299, -32.783750726468703 ], [ 20.357533413189302, -32.783762882134397 ] ], [ [ 20.3575334131883, -32.783762882135399 ], [ 20.357533261341501, -32.783764907558499 ] ], [ [ 20.3575332613405, -32.783764907559501 ], [ 20.357532773284898, -32.783771417505797 ] ] ] } }
]
}
